event_id,event_order,year,date_lunar,date_end_lunar,time_precision,phase,subject_id,subject_name_ko,subject_name_hanja,subject_office_status,subject_level_current,subject_level_peak,subject_role_relative_to_gu,object_id,object_name_ko,object_name_hanja,object_office_status,object_level_current,object_level_peak,object_role_relative_to_gu,level_diff_subject_minus_object,relation_type,relation_layer,location,event_summary,outcome_or_state,claim_status,evidence_grade,identity_confidence_gu,source_stage,source_name,source_url,secondary_source_url,source_support_note,superseded_by_event_id,missingness_flag,modeling_note,record_class,context_domain,context_name,external_actor,context_relevance,gu_identity_segment,identity_bridge_status,identity_link_basis
I002,2,1763,1763-01-13,,day,identity_background,P_GU_SEDEOK,구세덕,具世德,개천군수,3,3,father_of_candidate_gu,P_GUSUN,구순,具純,아들(후대 관계자료와 결합),,,focal_candidate,,FATHER_CAREER_CONTEXT,kinship_career,개천군,구세덕이 개천군수로 하직하는 기록.,부친의 지방관 경력 확인,identity_supporting_context,B,high_but_bridge_unproven,contemporaneous_record,승정원일기,https://sjw.history.go.kr/search/inspectionDayList.do?wday=17630113L0,,,,observed,,identity_evidence,,,,medium,GU_PRE1793,supports_pre1793_identity_only,Career evidence for 具世德; father-son link supplied by 1782 royal dialogue.
I003,3,1777,1777-09-02,,day,identity_background,P_GU_SEDEOK,구세덕,具世德,무산부사,3,3,father_of_candidate_gu,P_GUSUN,구순,具純,선전관/별군직 계열,3,3,focal_candidate,0,FATHER_CAREER_CONTEXT,kinship_career,무산/한성,구세덕이 무산부사로 입시한 기록. 같은 해 구순은 선전관·별군직 계열에서 활동한다.,부자 모두 무관·지방관 경력권에 존재,identity_supporting_context,B,high_but_bridge_unproven,contemporaneous_record,승정원일기,https://sjw.history.go.kr/id/SJW-G01090020-05100,,,,observed,,identity_evidence,,,,medium,GU_PRE1793,supports_pre1793_identity_only,Same-year compatible elite military/local-office milieu; not by itself an identity bridge.
E001,4,1777,1777-09-11,,day,career,P_JEONGJO,정조,正祖,국왕,5,5,authority,P_GUSUN,구순,具純,선전관→별군직,3,3,focal,2,APPOINTED_AS,career,한성,선전관 구순을 별군직에 차하함.,별군직 임명,confirmed_primary,A,high_but_bridge_unproven,contemporaneous_record,승정원일기,https://sjw.history.go.kr/search/inspectionDayList.do?wday=17770911L0,,선전관 具純·申應周를 別軍職에 차하.,,observed,,gu_network_event,,,,,GU_PRE1793,highly_probable_not_fully_proven,Exact hanja 具純; coherent military/local-office career. 1778 中和府使 is explicitly linked to 1781 白翎 posting by royal statement; 1782 father identified as 具世德. Missing direct 1787→1793 release/identity bridge.
C001,5,1778,1778-01-12,,day,macro_context,P_JEONGJO,정조,正祖,국왕,5,5,,POL_HEUMHYUL,흠휼전칙,欽恤典則,형정 규정,4,4,,1,PROMULGATES_POLICY,legal_policy,조선 전국,죄수의 구금·형구·옥중 처우를 정비한 《흠휼전칙》이 이루어짐.,형사절차·옥정의 제도적 배경 강화,confirmed_primary,A,not_applicable,contemporaneous_record,정조실록,https://sillok.history.go.kr/id/kva_10201012_002,,,,observed,Context only. Do not infer direct causal effect on Gu Sun without an explicit source edge.,context_policy,criminal_justice,흠휼전칙,,very_high,,,
E002,6,1778,1778-07-04,,day,career,P_GUSUN,구순,具純,선전관,3,3,focal,N_MILITARY_EXAM,내시사 무예시험,,왕실 무예시험,,3,institution,,PERFORMANCE_RECOGNIZED,career,궁궐,철전 120보 사격 성과로 당상관이 되었다는 노상추의 일기 기록.,당상관 승진/가자 기록,reported_diary,B,high_but_bridge_unproven,contemporary_private_diary,노상추일기,https://db.history.go.kr/diachronic/level.do?levelId=sa_089r_0010_0280_0080,,공식 임명문이 아니라 동시대 일기에서 전하는 성과.,,observed,,gu_network_event,,,,,GU_PRE1793,highly_probable_not_fully_proven,Exact hanja 具純; coherent military/local-office career. 1778 中和府使 is explicitly linked to 1781 白翎 posting by royal statement; 1782 father identified as 具世德. Missing direct 1787→1793 release/identity bridge.
C002,7,1778,1778-10-23,,day,macro_context,P_JEONGJO,정조,正祖,국왕,5,5,,POL_MILITARY_TAX,백골·황구 징포 금지 강화,,군역·지방행정 정책,4,4,,1,REINFORCES_POLICY,social_fiscal_policy,조선 전국,죽은 사람과 어린아이에게 군포를 부과하는 백골·황구 징포를 엄금하고 도신·수령 책임을 강화.,군역 장부 및 지방행정의 책임성 강조,confirmed_primary,A,not_applicable,contemporaneous_record,정조실록,https://sillok.history.go.kr/id/kva_10210023_002,,,,observed,,context_policy,military_tax_local_administration,백골·황구 징포 엄금,,medium,,,
E003,8,1778,1778-12-24,,day,career,P_STATE,조정,,인사권자/관청,4,5,authority,P_GUSUN,구순,具純,중화부사,3,3,focal,1,APPOINTED_AS,career,중화부,구순을 중화부사로 임명.,중화부사 취임,confirmed_primary,A,high_but_bridge_unproven,contemporaneous_record,승정원일기,https://sjw.history.go.kr/id/SJW-G02120240-00800,,,,observed,,gu_network_event,,,,,GU_PRE1793,highly_probable_not_fully_proven,Exact hanja 具純; coherent military/local-office career. 1778 中和府使 is explicitly linked to 1781 白翎 posting by royal statement; 1782 father identified as 具世德. Missing direct 1787→1793 release/identity bridge.
E004,9,1779,1779-08-10,,day,career,P_GUSUN,구순,具純,별군직,3,3,focal,N_ROYAL_ENTOURAGE,왕 행행 수행 명단,,왕실 수행 체계,,4,institution,,SERVES_IN_ROYAL_ENTOURAGE,career,왕 행행 수행,왕의 이동 수행 명단에 별군직 구순이 포함됨.,왕실 근거리 무관으로 활동 확인,confirmed_primary,A,high_but_bridge_unproven,contemporaneous_record,승정원일기,https://sjw.history.go.kr/search/inspectionDayList.do?wday=1779-08-10L0,,,,observed,,gu_network_event,,,,,GU_PRE1793,highly_probable_not_fully_proven,Exact hanja 具純; coherent military/local-office career. 1778 中和府使 is explicitly linked to 1781 白翎 posting by royal statement; 1782 father identified as 具世德. Missing direct 1787→1793 release/identity bridge.
E005,10,1779,1779-12-25,,day,career,P_STATE,조정,,인사권자/관청,4,5,authority,P_GUSUN,구순,具純,벽동군수,3,3,focal,1,APPOINTED_AS,career,벽동군,구순을 벽동군수로 임명.,벽동군수 취임,confirmed_primary,A,high_but_bridge_unproven,contemporaneous_record,승정원일기,https://sjw.history.go.kr/id/SJW-G03120250-04300,,,,observed,,gu_network_event,,,,,GU_PRE1793,highly_probable_not_fully_proven,Exact hanja 具純; coherent military/local-office career. 1778 中和府使 is explicitly linked to 1781 白翎 posting by royal statement; 1782 father identified as 具世德. Missing direct 1787→1793 release/identity bridge.
C003,11,1780,1780-03-20,,day,macro_context,P_JOSEON,조선 조정,朝鮮,정부,5,5,,P_QING,청,淸,대외 상대국,5,5,,0,DISPATCHES_CONGRATULATORY_MISSION,foreign_policy,조선→청,건륭제 칠순을 계기로 박명원을 진하 겸 사은 정사로 임명해 대청 사행을 보냄.,청과의 조공·책봉 외교 및 사은·진하 수행,confirmed_primary,A,not_applicable,contemporaneous_record,정조실록,https://sillok.history.go.kr/id/wva_10403020_004,https://sillok.history.go.kr/id/kva_10409017_002,,,observed,,context_policy,foreign_policy,건륭 70세 진하·사은사,청(乾隆帝),background,,,
I004,12,1781,1781-12,,month,career_identity_bridge,P_JEONGJO,정조,正祖,국왕,5,5,authority,P_GUSUN,구순,具純,백령첨사,3,3,focal_candidate,2,EXPLICITLY_LINKS_PRIOR_OFFICE,identity_career,중화→백령,정조가 구순을 백령에 보낸 취지가 '중화의 비정(秕政)을 씻게 하려는 것'이었다고 명시한다.,중화부사 具純과 백령첨사 具純이 동일 인물임을 왕명이 직접 연결,explicit_identity_link,A,high_but_bridge_unproven,contemporaneous_record,비변사등록/한국사데이터베이스,https://db.history.go.kr/common/compareViewer.do?levelId=bb_163_001_06_0430&type=joseon,,,,observed,,identity_evidence,,,,very_high,GU_PRE1793,confirmed_within_pre1793_chain,Royal statement explicitly ties Baengnyeong service to prior Junghwa administration.
C004,13,1781,1781-12-08,,day,macro_context,P_JEONGJO,정조,正祖,국왕,5,5,,POL_CHOGYE,초계문신제,抄啓文臣,문신 교육·인사,4,4,,1,OPERATES_POLICY,bureaucratic_policy,한성,초계문신 친시를 실시. 정조대 관료 재교육·선발 체계의 한 축.,문신 교육·인재관리 강화,confirmed_primary,A,not_applicable,contemporaneous_record,정조실록,https://sillok.history.go.kr/id/kva_10512008_001,,,,observed,,context_policy,bureaucratic_governance,초계문신제,,background,,,
E006,14,1782,1782-12-29,,day,career,P_STATE,조정,,인사권자/관청,4,5,authority,P_GUSUN,구순,具純,영흥부사,3,3,focal,1,APPOINTED_AS,career,영흥부,구순을 영흥부사로 임명.,영흥부사 취임,confirmed_primary,A,high_but_bridge_unproven,contemporaneous_record,승정원일기,https://sjw.history.go.kr/id/SJW-G06120290-01300,,,,observed,,gu_network_event,,,,,GU_PRE1793,highly_probable_not_fully_proven,Exact hanja 具純; coherent military/local-office career. 1778 中和府使 is explicitly linked to 1781 白翎 posting by royal statement; 1782 father identified as 具世德. Missing direct 1787→1793 release/identity bridge.
E007,15,1783,1783-01-06,,day,career,P_GUSUN,구순,具純,영흥부사,3,3,focal,P_JEONGJO,정조,正祖,국왕,5,5,authority,-2,DEPARTURE_AUDIENCE,career,한성,외임으로 떠나는 수령·변장 입시 명단에 영흥부사 구순이 확인됨.,영흥부사 부임 전후 활동 확인,confirmed_primary,A,high_but_bridge_unproven,contemporaneous_record,승정원일기,https://sjw.history.go.kr/id/SJW-G07010060-04100,,,,observed,,gu_network_event,,,,,GU_PRE1793,highly_probable_not_fully_proven,Exact hanja 具純; coherent military/local-office career. 1778 中和府使 is explicitly linked to 1781 白翎 posting by royal statement; 1782 father identified as 具世德. Missing direct 1787→1793 release/identity bridge.
E008,16,1784,1784-03-17,,day,administrative_conflict,P_SHIN_U_MUN,신우문,申遇文,함경중군,4,4,institutional_superior,N_YEONGHEUNG_CLERK,영흥부 아전,,영흥부 아전,1,1,other,3,DISCIPLINES_SUBORDINATE,administrative,함경도 영흥,함경중군 신우문이 체례 관련 일로 영흥부 아전을 가볍게 처벌.,구순과 상급자 갈등의 발단,confirmed_primary,A,high,contemporaneous_record,승정원일기,https://sjw.history.go.kr/id/SJW-G08030170-02000,,,,observed,,gu_network_event,,,,,,,
E009,17,1784,1784-03-17,,day,administrative_conflict,P_GUSUN,구순,具純,영흥부사,3,3,focal,P_SHIN_U_MUN,신우문,申遇文,함경중군,4,4,institutional_superior,-1,CONFLICT_WITH_SUPERIOR,administrative,함경도 영흥,자기 고을 아전이 처벌된 데 화가 난 구순의 대응이 상관을 능멸한 행위로 문제화됨.,의금부 나문 건의,contemporary_memorial_assessment,A,high_but_bridge_unproven,contemporaneous_record,승정원일기,https://sjw.history.go.kr/id/SJW-G08030170-02000,,사료 표현은 具純之爲下官而凌侮上官者.,,observed,,gu_network_event,,,,,GU_PRE1793,highly_probable_not_fully_proven,Exact hanja 具純; coherent military/local-office career. 1778 中和府使 is explicitly linked to 1781 白翎 posting by royal statement; 1782 father identified as 具世德. Missing direct 1787→1793 release/identity bridge.
E010,18,1784,1784-03-17,,day,administrative_conflict,P_GUSUN,구순,具純,영흥부사,3,3,focal,N_CENTRAL_CAMP_CLERKS,중영 이속,,중영 하급 실무자,1,1,other,2,PUNITIVE_RETALIATION,administrative,함경도,구순이 중영 이속에게 장형을 가한 것으로 보고됨.,상하관계·체통 문제 확대,confirmed_primary,A,high_but_bridge_unproven,contemporaneous_record,승정원일기,https://sjw.history.go.kr/id/SJW-G08030170-02000,,,,observed,,gu_network_event,,,,,GU_PRE1793,highly_probable_not_fully_proven,Exact hanja 具純; coherent military/local-office career. 1778 中和府使 is explicitly linked to 1781 白翎 posting by royal statement; 1782 father identified as 具世德. Missing direct 1787→1793 release/identity bridge.
E011,19,1784,1784-03-18,,day,administrative_scrutiny,P_STATE,조정/의금부,,중앙 사법기관,4,4,authority,P_GUSUN,구순,具純,영흥부사,3,3,focal,1,ORDERED_NAB_INTERROGATION,judicial,영흥부,교제곡 분급 문제로 구순을 의금부에서 나문하도록 명함.,행정 집행에 대한 중앙 조사,confirmed_primary,A,high_but_bridge_unproven,contemporaneous_record,승정원일기,https://sjw.history.go.kr/id/SJW-G08030180-02700,,,,observed,,gu_network_event,,,,,GU_PRE1793,highly_probable_not_fully_proven,Exact hanja 具純; coherent military/local-office career. 1778 中和府使 is explicitly linked to 1781 白翎 posting by royal statement; 1782 father identified as 具世德. Missing direct 1787→1793 release/identity bridge.
E012,20,1784,1784-03-25,,day,administrative_scrutiny,P_BIBEONSA,비변사,備邊司,중앙 관서,4,4,authority,P_GUSUN,구순,具純,영흥부사,3,3,focal,1,FLAGS_LOW_COLLECTION,administrative,함경도 영흥,함경도 원환상 수납에서 영흥부사 구순이 거말로 보고됨.,환곡 수납 실적 최하위,confirmed_primary,A,high_but_bridge_unproven,contemporaneous_record,승정원일기,https://sjw.history.go.kr/id/SJW-G08030250-00900,,,,observed,,gu_network_event,,,,,GU_PRE1793,highly_probable_not_fully_proven,Exact hanja 具純; coherent military/local-office career. 1778 中和府使 is explicitly linked to 1781 白翎 posting by royal statement; 1782 father identified as 具世德. Missing direct 1787→1793 release/identity bridge.
E013,21,1784,1784-03-25,,day,administrative_scrutiny,P_BIBEONSA,비변사,備邊司,중앙 관서,4,4,authority,P_GUSUN,구순,具純,영흥부사,3,3,focal,1,FLAGS_LOW_COLLECTION,administrative,함경도 영흥,함경도 군향 수납에서도 영흥부사 구순이 거말로 보고됨.,군향 수납 실적 최하위,confirmed_primary,A,high_but_bridge_unproven,contemporaneous_record,승정원일기,https://sjw.history.go.kr/id/SJW-G08030250-00900,,,,observed,,gu_network_event,,,,,GU_PRE1793,highly_probable_not_fully_proven,Exact hanja 具純; coherent military/local-office career. 1778 中和府使 is explicitly linked to 1781 白翎 posting by royal statement; 1782 father identified as 具世德. Missing direct 1787→1793 release/identity bridge.
E014,22,1784,1784-03-25,,day,administrative_scrutiny,P_BIBEONSA,비변사,備邊司,중앙 관서,4,4,authority,P_GUSUN,구순,具純,영흥부사,3,3,focal,1,SPARES_DUE_TO_FAMINE_RELIEF,administrative,함경도 영흥,진휼을 시행한 고을에는 분간 전례가 있다는 이유로 구순도 처벌 대상에서 분간됨.,수납 부진 처분 면제,confirmed_primary,A,high_but_bridge_unproven,contemporaneous_record,승정원일기,https://sjw.history.go.kr/id/SJW-G08030250-00900,,수납 부진은 확인되지만 부패를 뜻하지는 않음.,,observed,,gu_network_event,,,,,GU_PRE1793,highly_probable_not_fully_proven,Exact hanja 具純; coherent military/local-office career. 1778 中和府使 is explicitly linked to 1781 白翎 posting by royal statement; 1782 father identified as 具世德. Missing direct 1787→1793 release/identity bridge.
E015,23,1784,1784-04-30,,day,administrative_conflict,P_UIGEUMBU,의금부,義禁府,중앙 사법기관,4,4,authority,P_GUSUN,구순,具純,영흥부사·겸영장,3,3,focal,1,DEFERRED_ARREST,judicial,영흥부,구순의 '상관과 서로 겨룬 죄'에 대한 나처를 진휼 종료 뒤로 미룸.,재임 중 조사 유예,confirmed_primary,A,high_but_bridge_unproven,contemporaneous_record,승정원일기,https://sjw.history.go.kr/search/inspectionDayList.do?wday=17840430L0,,사료는 구순을 겸영장 수령 차겸관으로 설명.,,observed,,gu_network_event,,,,,GU_PRE1793,highly_probable_not_fully_proven,Exact hanja 具純; coherent military/local-office career. 1778 中和府使 is explicitly linked to 1781 白翎 posting by royal statement; 1782 father identified as 具世德. Missing direct 1787→1793 release/identity bridge.
E016,24,1784,1784-07-16,,day,career,P_JEONGJO,정조,正祖,국왕,5,5,authority,P_GUSUN,구순,具純,영흥부사,3,3,focal,2,REWARDS_RELIEF_PERFORMANCE,administrative,함경도 영흥,진휼 실적이 전최에서 '최'로 평가되었다며 기존 나처를 분간하고 새서표리를 내림.,징계 유예/면제 + 포상,confirmed_primary,A,high_but_bridge_unproven,contemporaneous_record,정조실록,https://sillok.history.go.kr/id/kva_10807016_004,,정조는 동시에 자비 마련 곡물의 조달 방식 전반에 대한 남징 가능성을 경계했으나 구순의 불법 수탈을 개별 확정한 것은 아님.,,observed,,gu_network_event,,,,,GU_PRE1793,highly_probable_not_fully_proven,Exact hanja 具純; coherent military/local-office career. 1778 中和府使 is explicitly linked to 1781 白翎 posting by royal statement; 1782 father identified as 具世德. Missing direct 1787→1793 release/identity bridge.
E017,25,1784,1784-09-23,,day,discipline,P_JEONGJO,정조,正祖,국왕,5,5,authority,P_GUSUN,구순,具純,별군직,3,3,focal,2,EXILES_FOR_EVADING_TEST,punitive,춘당대,별군직 마상재 시험에서 구순이 무예가 있으면서 핑계를 댔다고 하여 정배 명령.,1784년 정배,confirmed_primary,A,high_but_bridge_unproven,contemporaneous_record,정조실록,https://sillok.history.go.kr/id/kva_10809023_002,,,,observed,,gu_network_event,,,,,GU_PRE1793,highly_probable_not_fully_proven,Exact hanja 具純; coherent military/local-office career. 1778 中和府使 is explicitly linked to 1781 白翎 posting by royal statement; 1782 father identified as 具世德. Missing direct 1787→1793 release/identity bridge.
E018,26,1784,1784-09-24,1787-01-02,interval,gap,P_GUSUN,구순,具純,정배 상태,1,3,focal,N_UNKNOWN_STATE,미상 상태,,,,,unknown,,STATE_GAP,mobility_state,미상,1784년 정배 이후 1787년 별군직으로 재등장하기까지 해배·복귀 과정이 현재 자료에서 확인되지 않음.,미관측 상태 구간,unknown_gap,U,high_but_bridge_unproven,research_gap,,,,,,unknown_not_zero,DBN/HMM에서 release/reappointment를 잠재상태로 처리. 기록 없음=사건 없음으로 코딩하지 말 것.,gu_network_event,,,,,GU_PRE1793,highly_probable_not_fully_proven,Exact hanja 具純; coherent military/local-office career. 1778 中和府使 is explicitly linked to 1781 白翎 posting by royal statement; 1782 father identified as 具世德. Missing direct 1787→1793 release/identity bridge.
C005,27,1785,1785-09-11,,day,macro_context,P_JEONGJO,정조,正祖,국왕,5,5,,POL_DAEJEON,대전통편,大典通編,통합 법전,4,4,,1,PROMULGATES_CODE,legal_policy,조선 전국,기존 법전과 수교를 통합한 《대전통편》을 반포. 형전을 포함해 현행 제도와 조문을 대조·정비.,정조대 국가 법체계 표준화,confirmed_primary,A,not_applicable,contemporaneous_record,정조실록,https://sillok.history.go.kr/id/kva_10909011_002,,,,observed,,context_policy,legal_codification,대전통편 반포,,very_high,,,
C006,28,1785,1785-09-11,,day,macro_context,P_JEONGJO,정조,正祖,국왕,5,5,,POL_BYEONGHAK,병학통,兵學通,군제·훈련 지침,4,4,,1,PROMULGATES_MILITARY_MANUAL,military_policy,조선 전국,각 군영·지방의 조련 방식 차이를 정리한 《병학통》을 완성·인쇄 반포.,군제·훈련 절차 표준화,confirmed_primary,A,not_applicable,contemporaneous_record,정조실록,https://sillok.history.go.kr/id/kva_10909011_003,,,,observed,,context_policy,military_governance,병학통,,high,,,
E019,29,1787,1787-01-03,,day,false_accusation_1787,P_GUSUN,구순,具純,별군직,3,3,focal,P_LEE_YUNBIN,이윤빈,李潤彬,별군직,3,3,victim,0,PRIVATE_CONFLICT,personal,한성/왕실 무관 조직,구순과 이윤빈 사이에 기존의 틈(有隙)이 있었다고 실록이 명시.,사적 갈등 존재,confirmed_primary,A,high_but_bridge_unproven,contemporaneous_record,정조실록,https://sillok.history.go.kr/id/kva_11101003_003,https://sjw.history.go.kr/search/inspectionDayList.do?wday=17870103L0,,,observed,,gu_network_event,,,,,GU_PRE1793,highly_probable_not_fully_proven,Exact hanja 具純; coherent military/local-office career. 1778 中和府使 is explicitly linked to 1781 白翎 posting by royal statement; 1782 father identified as 具世德. Missing direct 1787→1793 release/identity bridge.
E020,30,1787,1787-01-03,,day,false_accusation_1787,P_GUSUN,구순,具純,별군직,3,3,focal,P_LEE_YUNBIN,이윤빈,李潤彬,별군직,3,3,victim,0,FALSE_ACCUSATION,judicial,한성/왕실 무관 조직,정조가 구순이 이윤빈을 얽어 모함(構誣)했다고 판단.,무고 판정,royal_final_assessment,A,high_but_bridge_unproven,contemporaneous_record,정조실록,https://sillok.history.go.kr/id/kva_11101003_003,https://sjw.history.go.kr/search/inspectionDayList.do?wday=17870103L0,,,observed,,gu_network_event,,,,,GU_PRE1793,highly_probable_not_fully_proven,Exact hanja 具純; coherent military/local-office career. 1778 中和府使 is explicitly linked to 1781 白翎 posting by royal statement; 1782 father identified as 具世德. Missing direct 1787→1793 release/identity bridge.
E021,31,1787,1787-01-03,,day,false_accusation_1787,P_GUSUN,구순,具純,별군직,3,3,focal,P_RYU_HYOWON,유효원,柳孝源,구순의 종형,1,1,instrumentalized_relative,2,IMPLICATES_AS_ASSOCIATE,evidentiary,한성,구순이 종형 유효원을 이윤빈의 동정자로 엮고 자신이 증인이 된 행위가 지적됨.,증거 구성/연루,royal_final_assessment,A,high_but_bridge_unproven,contemporaneous_record,승정원일기,https://sjw.history.go.kr/search/inspectionDayList.do?wday=17870103L0,https://sillok.history.go.kr/id/kva_11101003_003,,,observed,,gu_network_event,,,,,GU_PRE1793,highly_probable_not_fully_proven,Exact hanja 具純; coherent military/local-office career. 1778 中和府使 is explicitly linked to 1781 白翎 posting by royal statement; 1782 father identified as 具世德. Missing direct 1787→1793 release/identity bridge.
E022,32,1787,1787-01-03,,day,false_accusation_1787,P_GUSUN,구순,具純,별군직,3,3,focal,P_JO_HAKSIN,조학신,曺學臣,별군직 청수 관련,3,3,possible_collaborator,0,INSTIGATES,personal_judicial,한성,조학신이 장전 친문에서 구순의 종용을 받았다고 진술한 것으로 기록됨.,조학신도 별도 처벌,confession_reported_by_court,A,high_but_bridge_unproven,contemporaneous_record,승정원일기,https://sjw.history.go.kr/search/inspectionDayList.do?wday=17870103L0,,조학신이 허위성을 처음부터 공유했는지까지는 확정하지 않음.,,observed,,gu_network_event,,,,,GU_PRE1793,highly_probable_not_fully_proven,Exact hanja 具純; coherent military/local-office career. 1778 中和府使 is explicitly linked to 1781 白翎 posting by royal statement; 1782 father identified as 具世德. Missing direct 1787→1793 release/identity bridge.
E023,33,1787,1787-01-03,,day,false_accusation_1787,P_JEONGJO,정조,正祖,국왕,5,5,authority,P_GUSUN,구순,具純,죄인,1,3,focal,4,PUNISHES_FALSE_ACCUSATION,punitive,제주목,"구순에게 죽지 않을 만큼 곤장 30대를 치고, 사형을 감하여 제주목 정배, 사면에서 제외하라고 명함.",限死決棍三十度 + 濟州牧減死定配 + 勿揀赦典,final_sentence,A,high_but_bridge_unproven,contemporaneous_record,승정원일기,https://sjw.history.go.kr/search/inspectionDayList.do?wday=17870103L0,https://sillok.history.go.kr/id/kva_11101003_003,,,observed,,gu_network_event,,,,,GU_PRE1793,highly_probable_not_fully_proven,Exact hanja 具純; coherent military/local-office career. 1778 中和府使 is explicitly linked to 1781 白翎 posting by royal statement; 1782 father identified as 具世德. Missing direct 1787→1793 release/identity bridge.
E024,34,1787,1787-01-03,,day,false_accusation_1787,P_JEONGJO,정조,正祖,국왕,5,5,authority,P_GUSUN,구순,具純,죄인,1,3,focal,4,NOTES_PRIOR_LENIENCY,personal_political,한성,정조가 조정이 구순을 전후로 여러 차례 곡진히 살려준 은혜를 언급.,이전 선처 전력 존재 가능성 시사,royal_statement,A,high_but_bridge_unproven,contemporaneous_record,승정원일기,https://sjw.history.go.kr/search/inspectionDayList.do?wday=17870103L0,,,,observed,추가 미확인 사건의 존재 가능성을 나타내는 단서. 개별 사건으로 추정 생성하지 말 것.,gu_network_event,,,,,GU_PRE1793,highly_probable_not_fully_proven,Exact hanja 具純; coherent military/local-office career. 1778 中和府使 is explicitly linked to 1781 白翎 posting by royal statement; 1782 father identified as 具世德. Missing direct 1787→1793 release/identity bridge.
E025,35,1787,1787-01-04,1793-02-21,interval,gap,P_GUSUN,구순,具純,제주목 감사정배,1,3,focal,N_UNKNOWN_RELEASE,해배/감형 경위 미상,,,,,unknown,,STATE_GAP,mobility_state,제주→청주 덕평 사이,1787 제주목 감사정배·물간사전 이후 1793 청주 덕평 거주까지 해배·감형·이동 경위가 미확인.,핵심 미관측 구간,unknown_gap,U,high_but_bridge_unproven,research_gap,,,,,,unknown_not_zero,일반 사면으로 자동 해석 금지. 1787 처분에 勿揀赦典이 명시됨.,gu_network_event,,,,,GU_PRE1793,highly_probable_not_fully_proven,Exact hanja 具純; coherent military/local-office career. 1778 中和府使 is explicitly linked to 1781 白翎 posting by royal statement; 1782 father identified as 具世德. Missing direct 1787→1793 release/identity bridge.
C007,36,1787,1787-02-22,,day,macro_context,P_BIBEONSA,비변사,備邊司,중앙 관서,4,4,,POL_OFFICIAL_INTERROGATION,재향 조관 신추 규식,,형사절차 규정,4,4,,0,CLARIFIES_CRIMINAL_PROCEDURE,legal_policy,조선 전국,향촌에 있는 당상 조관의 살인사건에서 관찰사의 계문·고신 절차를 어떻게 적용할지 논의·확정.,관료 피의자에 대한 형사절차의 위계적 통제 확인,confirmed_primary,A,not_applicable,contemporaneous_record,비변사등록,https://db.history.go.kr/id/bb_170_001_02_0460,,,,observed,,context_policy,criminal_procedure_elite_officials,조관 신추 규식,,high,,,
C010,37,1790,1790-06-27,,day,macro_context,P_JOSEON,조선 조정,朝鮮,정부,5,5,,P_QING,청,淸,대외 상대국,5,5,,0,CONGRATULATORY_MISSION_TO_REHE,foreign_policy,조선→열하,황인점 등의 진하 겸 사은사가 건륭제 팔순 만수절 연회에 맞추어 열하로 가도록 청 측의 독촉 공문을 받음.,건륭 80세 진하 외교 수행,confirmed_primary,A,not_applicable,contemporaneous_record,정조실록,https://sillok.history.go.kr/id/kva_11406027_001,,,,observed,,context_policy,foreign_policy,건륭 80세 진하·사은사,청(乾隆帝),background,,,
C012,38,1793,1793-01-12,,day,macro_context,P_JEONGJO,정조,正祖,국왕,5,5,,POL_HWASEONG_ADMIN,화성 유수부·장용외영 체제,,지방·군사 행정,4,4,,1,REORGANIZES_SUWON_HWASEONG,military_administrative_policy,수원/화성,"수원부를 화성으로 개칭하고 부사를 유수로 승격, 장용외사·행궁정리사를 겸하게 하며 장용외영 체제를 정비.",왕권·군사·지방행정의 결합 강화,confirmed_primary,A,not_applicable,contemporaneous_record,정조실록,https://sillok.history.go.kr/id/kva_11701012_002,,,,observed,,context_policy,military_administrative_policy,화성 유수부·장용외영,,high,,,
E028,39,1793,1793-02-22,,day,kim_case_1793,P_NABOK,나복,羅卜,구순 집 종,0,0,household,P_MYEONGEOP,명업,命業,사노·구순 여종의 남편,0,0,witness,0,REPORTS_ROBBERY,evidentiary,청주 덕평,나복이 명업을 불러 도적 30여 명이 들어 돈과 물품을 훔쳤다고 알림.,도난 사건 서사의 최초 확인 증언,witness_testimony_final_inquiry,A,high,contemporaneous_record,정조실록,https://sillok.history.go.kr/id/kva_11706013_003,,,,observed,,gu_network_event,,,,,,,
E029,40,1793,1793-02-22,,day,kim_case_1793,P_GUSUN,구순,具純,전 부사·민간 거주,1,3,focal,N_ROBBERY_EVENT,소규모 절도 사건,,사건,,,event,,REPORTS_OR_EXPANDS_ROBBERY,evidentiary,청주 덕평,최종 안핵 결과는 약간의 도난 자체는 실제였으나 구순이 이를 과장·의혹화했다고 판단.,도난 실재 + 과장/의혹 조성,final_investigation_finding,A,very_high_within_post1793_chain,contemporaneous_record,정조실록,https://sillok.history.go.kr/id/kva_11706013_003,,,,observed,,gu_network_event,,,,,GU_1793PLUS,internally_continuous,1793 前府使 具純 → 薪智島 sentence → 1794 白翎 transfer → 1795 長淵 transfer → 1798 term-expiry/release forms a continuous penal chain.
E031,41,1793,1793-02-28,,day,kim_case_1793,P_HAN_JAEUK,한재욱,韓再郁,병영 비장,2,2,institutional_supporter,P_LEE_JINUK,이진욱,李震郁,청주진 장교,2,2,operational_actor,0,ORDERS_ARREST,judicial,충청 병영/덕평,한재욱이 이진욱·조계완 등에게 변지돌·정원돌을 잡으라고 지시.,강제수사 확대,witness_testimony_final_inquiry,A,high,contemporaneous_record,정조실록,https://sillok.history.go.kr/id/kva_11706013_003,,,,observed,,gu_network_event,,,,,,,
E032,42,1793,1793-02-28,,day,kim_case_1793,P_HAN_JAEUK,한재욱,韓再郁,병영 비장,2,2,institutional_supporter,P_LEE_JINUK,이진욱,李震郁,청주진 장교,2,2,operational_actor,0,PROVIDES_IRON_WHIPS,coercion,충청 병영,한재욱이 체포 과정에 철편 네 개를 만들어 주었다는 이진욱의 진술.,강압적 체포 수단 제공,witness_testimony_final_inquiry,A,high,contemporaneous_record,정조실록,https://sillok.history.go.kr/id/kva_11706013_003,,,,observed,,gu_network_event,,,,,,,
E033,43,1793,1793-02-28,,day,kim_case_1793,P_LEE_JINUK,이진욱,李震郁,청주진 장교,2,2,operational_actor,P_JA_MIDEOK,자미덕,自美德,변재돌의 처,1,1,victim_witness,1,ARRESTS_SUBSTITUTE_TARGET,judicial,청주/덕평,"변지돌이 이미 공주진에 잡혀가자, 이진욱 일행이 그 동생 변재돌의 처 자미덕을 체포.",가족까지 수사망에 편입,witness_testimony_final_inquiry,A,high,contemporaneous_record,정조실록,https://sillok.history.go.kr/id/kva_11706013_003,,,,observed,,gu_network_event,,,,,,,
E034,44,1793,1793-02-28,,day,kim_case_1793,P_GUSUN,구순,具純,전 부사·민간 거주,1,3,focal,P_LEE_JINUK,이진욱,李震郁,청주진 장교,2,2,operational_actor,-1,PROVIDES_ROBBERY_DETAILS,evidentiary,구순 집,이진욱 일행이 구순 집에 들르자 구순이 잃은 물건과 도적의 호칭을 설명.,수사정보 제공,witness_testimony_final_inquiry,A,very_high_within_post1793_chain,contemporaneous_record,정조실록,https://sillok.history.go.kr/id/kva_11706013_003,,,,observed,,gu_network_event,,,,,GU_1793PLUS,internally_continuous,1793 前府使 具純 → 薪智島 sentence → 1794 白翎 transfer → 1795 長淵 transfer → 1798 term-expiry/release forms a continuous penal chain.
E026,45,1793,1793-02-early,,day,kim_case_1793,P_KIM_MYEONGSIN,김명신,金命新,반족·구순 이웃,1,1,victim,P_GUSUN,구순,具純,전 부사·청주 덕평 거주,1,3,focal,0,PRIOR_FRIENDSHIP,personal,청주 덕평,김명신과 구순은 본래 친숙하여 날마다 상종했다고 명업이 진술.,친밀 관계의 선행 상태,witness_testimony_final_inquiry,A,very_high_within_post1793_chain,contemporaneous_record,정조실록,https://sillok.history.go.kr/id/kva_11706013_003,,,,observed,,gu_network_event,,,,,GU_1793PLUS,internally_continuous,1793 前府使 具純 → 薪智島 sentence → 1794 白翎 transfer → 1795 長淵 transfer → 1798 term-expiry/release forms a continuous penal chain.
E027,46,1793,1793-02-early,,day,kim_case_1793,P_KIM_MYEONGSIN,김명신,金命新,반족·구순 이웃,1,1,victim,P_GUSUN,구순,具純,전 부사·청주 덕평 거주,1,3,focal,0,REBUKES_AND_BREAKS_CONTACT,personal,청주 덕평,김명신이 박거사 문제로 구순을 편지로 꾸짖은 뒤 서로 왕래가 끊겼다고 명업이 진술.,친밀→갈등 관계 전환,witness_testimony_final_inquiry,A,very_high_within_post1793_chain,contemporaneous_record,정조실록,https://sillok.history.go.kr/id/kva_11706013_003,,,,observed,,gu_network_event,,,,,GU_1793PLUS,internally_continuous,1793 前府使 具純 → 薪智島 sentence → 1794 白翎 transfer → 1795 長淵 transfer → 1798 term-expiry/release forms a continuous penal chain.
E030,47,1793,1793-02-late,,day,kim_case_1793,P_GUSUN,구순,具純,전 부사·민간 거주,1,3,focal,N_UNNAMED_OFFICER,성명 미상 장교,,교졸/장교,2,2,possible_collaborator,-1,PRIVATE_CONTACT_WITH_OFFICER,personal_institutional,구순 집 안행랑,체포령 뒤 교졸들이 왔을 때 구순이 한 장교를 안행랑으로 불러 조용히 대화했다고 명업이 진술; 내용은 듣지 못함.,"접촉 사실만 확인, 내용 미상",witness_testimony_final_inquiry,B,very_high_within_post1793_chain,contemporaneous_record,정조실록,https://sillok.history.go.kr/id/kva_11706013_003,,대화 내용이나 공모 여부는 확인되지 않으므로 collaborator로 확정 금지.,,observed,,gu_network_event,,,,,GU_1793PLUS,internally_continuous,1793 前府使 具純 → 薪智島 sentence → 1794 白翎 transfer → 1795 長淵 transfer → 1798 term-expiry/release forms a continuous penal chain.
E038,48,1793,1793-03,,day,kim_case_1793,P_GUSUN,구순,具純,전 부사·민간 거주,1,3,focal,P_YU_JEHUI,유제희,兪濟禧,병영 영리,2,2,institutional_supporter,-1,PROVIDES_SUSPECT_NAME,evidentiary,청주 덕평,유제희가 탐문할 때 구순이 풍각 김상제(김명신)도 매우 수상하다고 말했다고 유제희가 진술.,김명신이 공식 혐의자 명단에 들어가는 정보 입력,admission_in_final_inquiry,A,very_high_within_post1793_chain,contemporaneous_record,정조실록,https://sillok.history.go.kr/id/kva_11706013_003,,,,observed,,gu_network_event,,,,,GU_1793PLUS,internally_continuous,1793 前府使 具純 → 薪智島 sentence → 1794 白翎 transfer → 1795 長淵 transfer → 1798 term-expiry/release forms a continuous penal chain.
E039,49,1793,1793-03,,day,kim_case_1793,P_YU_JEHUI,유제희,兪濟禧,병영 영리,2,2,institutional_supporter,P_HAN_JAEUK,한재욱,韓再郁,병영 비장,2,2,institutional_supporter,0,SUBMITS_SUSPECT_LIST,judicial,충청 병영,유제희가 변지돌·변재돌·정원돌·김명신·김성손·김흥득·김흥길의 이름을 적어 병영에 보고했다고 한재욱이 진술.,다수 민간인이 공식 수사 대상화,testimony_in_final_inquiry,A,high,contemporaneous_record,정조실록,https://sillok.history.go.kr/id/kva_11706013_003,,,,observed,,gu_network_event,,,,,,,
E040,50,1793,1793-03,,day,kim_case_1793,P_HAN_JAEUK,한재욱,韓再郁,병영 비장,2,2,institutional_supporter,P_JA_MIDEOK,자미덕,自美德,피체포 민간인,1,1,victim_witness,1,COERCES_FALSE_IDENTIFICATION,coercion,충청 병영,한재욱이 자미덕에게 정원돌(鄭原乭) 등을 큰 도적이라고 말하면 부부를 풀어주겠다는 취지로 반복 회유·압박했다고 자미덕이 진술.,정원돌에 대한 허위 지목 유도,witness_testimony_final_inquiry,A,high,contemporaneous_record,정조실록,https://sillok.history.go.kr/id/kva_11706013_003,,,,observed,downstream_target=P_JEONG_WONDOL,gu_network_event,,,,,,,
E041,51,1793,1793-03,,day,kim_case_1793,P_HAN_JAEUK,한재욱,韓再郁,병영 비장,2,2,institutional_supporter,P_JA_MIDEOK,자미덕,自美德,피체포 민간인,1,1,victim_witness,1,COERCES_FALSE_IDENTIFICATION,coercion,충청 병영,한재욱이 자미덕에게 이집거(李執莒) 등을 큰 도적이라고 말하면 부부를 풀어주겠다는 취지로 반복 회유·압박했다고 자미덕이 진술.,이집거에 대한 허위 지목 유도,witness_testimony_final_inquiry,A,high,contemporaneous_record,정조실록,https://sillok.history.go.kr/id/kva_11706013_003,,,,observed,downstream_target=P_LEE_JIPGEO,gu_network_event,,,,,,,
E042,52,1793,1793-03,,day,kim_case_1793,P_HAN_JAEUK,한재욱,韓再郁,병영 비장,2,2,institutional_supporter,P_JA_MIDEOK,자미덕,自美德,피체포 민간인,1,1,victim_witness,1,COERCES_FALSE_IDENTIFICATION,coercion,충청 병영,한재욱이 자미덕에게 김갑득(金甲得) 등을 큰 도적이라고 말하면 부부를 풀어주겠다는 취지로 반복 회유·압박했다고 자미덕이 진술.,김갑득에 대한 허위 지목 유도,witness_testimony_final_inquiry,A,high,contemporaneous_record,정조실록,https://sillok.history.go.kr/id/kva_11706013_003,,,,observed,downstream_target=P_KIM_GAPDEUK,gu_network_event,,,,,,,
E043,53,1793,1793-03,,day,kim_case_1793,P_HAN_JAEUK,한재욱,韓再郁,병영 비장,2,2,institutional_supporter,P_JA_MIDEOK,자미덕,自美德,피체포 민간인,1,1,victim_witness,1,COERCES_FALSE_IDENTIFICATION,coercion,충청 병영,한재욱이 자미덕에게 김성손(金成孫) 등을 큰 도적이라고 말하면 부부를 풀어주겠다는 취지로 반복 회유·압박했다고 자미덕이 진술.,김성손에 대한 허위 지목 유도,witness_testimony_final_inquiry,A,high,contemporaneous_record,정조실록,https://sillok.history.go.kr/id/kva_11706013_003,,,,observed,downstream_target=P_KIM_SEONGSON,gu_network_event,,,,,,,
E044,54,1793,1793-03,,day,kim_case_1793,P_HAN_JAEUK,한재욱,韓再郁,병영 비장,2,2,institutional_supporter,P_JA_MIDEOK,자미덕,自美德,피체포 민간인,1,1,victim_witness,1,COERCES_FALSE_IDENTIFICATION,coercion,충청 병영,한재욱이 자미덕에게 김흥득(金興得) 등을 큰 도적이라고 말하면 부부를 풀어주겠다는 취지로 반복 회유·압박했다고 자미덕이 진술.,김흥득에 대한 허위 지목 유도,witness_testimony_final_inquiry,A,high,contemporaneous_record,정조실록,https://sillok.history.go.kr/id/kva_11706013_003,,,,observed,downstream_target=P_KIM_HEUNGDEUK,gu_network_event,,,,,,,
E045,55,1793,1793-03,,day,kim_case_1793,P_JA_MIDEOK,자미덕,自美德,피체포 민간인,1,1,victim_witness,P_JEONG_WONDOL,정원돌,鄭原乭,민간인,1,1,victim,0,FALSE_IDENTIFICATION_UNDER_COERCION,evidentiary,충청 병영,자미덕은 한재욱의 지휘에 따라 정원돌 관련 내용을 거짓으로 꾸며 진술했다고 최종 조사에서 밝힘.,강압에 의한 허위 진술,witness_admission_final_inquiry,A,high,contemporaneous_record,정조실록,https://sillok.history.go.kr/id/kva_11706013_003,,,,observed,,gu_network_event,,,,,,,
E046,56,1793,1793-03,,day,kim_case_1793,P_JA_MIDEOK,자미덕,自美德,피체포 민간인,1,1,victim_witness,P_LEE_JIPGEO,이집거,李執莒,민간인,1,1,victim,0,FALSE_IDENTIFICATION_UNDER_COERCION,evidentiary,충청 병영,자미덕은 한재욱의 지휘에 따라 이집거 관련 내용을 거짓으로 꾸며 진술했다고 최종 조사에서 밝힘.,강압에 의한 허위 진술,witness_admission_final_inquiry,A,high,contemporaneous_record,정조실록,https://sillok.history.go.kr/id/kva_11706013_003,,,,observed,,gu_network_event,,,,,,,
E047,57,1793,1793-03,,day,kim_case_1793,P_JA_MIDEOK,자미덕,自美德,피체포 민간인,1,1,victim_witness,P_KIM_GAPDEUK,김갑득,金甲得,민간인,1,1,victim,0,FALSE_IDENTIFICATION_UNDER_COERCION,evidentiary,충청 병영,자미덕은 한재욱의 지휘에 따라 김갑득 관련 내용을 거짓으로 꾸며 진술했다고 최종 조사에서 밝힘.,강압에 의한 허위 진술,witness_admission_final_inquiry,A,high,contemporaneous_record,정조실록,https://sillok.history.go.kr/id/kva_11706013_003,,,,observed,,gu_network_event,,,,,,,
E048,58,1793,1793-03,,day,kim_case_1793,P_JA_MIDEOK,자미덕,自美德,피체포 민간인,1,1,victim_witness,P_KIM_SEONGSON,김성손,金成孫,민간인,1,1,victim,0,FALSE_IDENTIFICATION_UNDER_COERCION,evidentiary,충청 병영,자미덕은 한재욱의 지휘에 따라 김성손 관련 내용을 거짓으로 꾸며 진술했다고 최종 조사에서 밝힘.,강압에 의한 허위 진술,witness_admission_final_inquiry,A,high,contemporaneous_record,정조실록,https://sillok.history.go.kr/id/kva_11706013_003,,,,observed,,gu_network_event,,,,,,,
E049,59,1793,1793-03,,day,kim_case_1793,P_JA_MIDEOK,자미덕,自美德,피체포 민간인,1,1,victim_witness,P_KIM_HEUNGDEUK,김흥득,金興得,민간인,1,1,victim,0,FALSE_IDENTIFICATION_UNDER_COERCION,evidentiary,충청 병영,자미덕은 한재욱의 지휘에 따라 김흥득 관련 내용을 거짓으로 꾸며 진술했다고 최종 조사에서 밝힘.,강압에 의한 허위 진술,witness_admission_final_inquiry,A,high,contemporaneous_record,정조실록,https://sillok.history.go.kr/id/kva_11706013_003,,,,observed,,gu_network_event,,,,,,,
E070,60,1793,1793-03,,day,kim_case_1793,P_YU_JEHUI,유제희,兪濟禧,병영 영리,2,2,institutional_supporter,P_BYEON_JIDEUL,변지돌,卞之乭,민간인,1,1,victim_or_suspect,1,ENTERS_SUSPECT_LIST,judicial,충청 병영,변지돌(卞之乭)가 유제희가 작성·보고한 혐의자 명단에 포함됨.,공식 수사망 편입,testimony_in_final_inquiry,A,high,contemporaneous_record,정조실록,https://sillok.history.go.kr/id/kva_11706013_003,,,,observed,,gu_network_event,,,,,,,
E071,61,1793,1793-03,,day,kim_case_1793,P_YU_JEHUI,유제희,兪濟禧,병영 영리,2,2,institutional_supporter,P_BYEON_JAEDOL,변재돌,卞才乭,민간인,1,1,victim_or_suspect,1,ENTERS_SUSPECT_LIST,judicial,충청 병영,변재돌(卞才乭)가 유제희가 작성·보고한 혐의자 명단에 포함됨.,공식 수사망 편입,testimony_in_final_inquiry,A,high,contemporaneous_record,정조실록,https://sillok.history.go.kr/id/kva_11706013_003,,,,observed,,gu_network_event,,,,,,,
E072,62,1793,1793-03,,day,kim_case_1793,P_YU_JEHUI,유제희,兪濟禧,병영 영리,2,2,institutional_supporter,P_JEONG_WONDOL,정원돌,鄭原乭,민간인,1,1,victim_or_suspect,1,ENTERS_SUSPECT_LIST,judicial,충청 병영,정원돌(鄭原乭)가 유제희가 작성·보고한 혐의자 명단에 포함됨.,공식 수사망 편입,testimony_in_final_inquiry,A,high,contemporaneous_record,정조실록,https://sillok.history.go.kr/id/kva_11706013_003,,,,observed,,gu_network_event,,,,,,,
E073,63,1793,1793-03,,day,kim_case_1793,P_YU_JEHUI,유제희,兪濟禧,병영 영리,2,2,institutional_supporter,P_KIM_SEONGSON,김성손,金成孫,민간인,1,1,victim_or_suspect,1,ENTERS_SUSPECT_LIST,judicial,충청 병영,김성손(金成孫)가 유제희가 작성·보고한 혐의자 명단에 포함됨.,공식 수사망 편입,testimony_in_final_inquiry,A,high,contemporaneous_record,정조실록,https://sillok.history.go.kr/id/kva_11706013_003,,,,observed,,gu_network_event,,,,,,,
E074,64,1793,1793-03,,day,kim_case_1793,P_YU_JEHUI,유제희,兪濟禧,병영 영리,2,2,institutional_supporter,P_KIM_HEUNGDEUK,김흥득,金興得,민간인,1,1,victim_or_suspect,1,ENTERS_SUSPECT_LIST,judicial,충청 병영,김흥득(金興得)가 유제희가 작성·보고한 혐의자 명단에 포함됨.,공식 수사망 편입,testimony_in_final_inquiry,A,high,contemporaneous_record,정조실록,https://sillok.history.go.kr/id/kva_11706013_003,,,,observed,,gu_network_event,,,,,,,
E075,65,1793,1793-03,,day,kim_case_1793,P_YU_JEHUI,유제희,兪濟禧,병영 영리,2,2,institutional_supporter,P_KIM_HEUNGGIL,김흥길,金興吉,민간인,1,1,victim_or_suspect,1,ENTERS_SUSPECT_LIST,judicial,충청 병영,김흥길(金興吉)가 유제희가 작성·보고한 혐의자 명단에 포함됨.,공식 수사망 편입,testimony_in_final_inquiry,A,high,contemporaneous_record,정조실록,https://sillok.history.go.kr/id/kva_11706013_003,,,,observed,,gu_network_event,,,,,,,
E035,66,1793,1793-03-04,,day,kim_case_1793,P_LEE_GWANGSEOP,이광섭,李光燮,충청도 병마절도사,4,4,supporter,P_KIM_MYEONGSIN,김명신,金命新,반족·민간인,1,1,victim,3,ORDERS_ARREST,judicial,충청도,병사가 풍각 김생원(김명신)을 잡도록 명한 것으로 이진욱이 진술.,김명신 체포,witness_testimony_final_inquiry,A,high,contemporaneous_record,정조실록,https://sillok.history.go.kr/id/kva_11706013_003,,,,observed,,gu_network_event,,,,,,,
E036,67,1793,1793-03-04,,day,kim_case_1793,P_LEE_GWANGSEOP,이광섭,李光燮,충청도 병마절도사,4,4,supporter,P_KIM_GAPDEUK,김갑득,金甲得,민간인,1,1,victim,3,ORDERS_ARREST,judicial,충청도,병사가 흥덕 김생원(김갑득)을 함께 잡도록 명한 것으로 이진욱이 진술.,김갑득 체포,witness_testimony_final_inquiry,A,high,contemporaneous_record,정조실록,https://sillok.history.go.kr/id/kva_11706013_003,,,,observed,,gu_network_event,,,,,,,
E037,68,1793,1793-03-04,,day,kim_case_1793,P_GUSUN,구순,具純,전 부사·민간 거주,1,3,focal,P_JO_GYEWAN,조계완,趙繼玩,체포 장교,2,2,operational_actor,-1,SENDS_LETTER_VIA_OFFICER,personal_institutional,구순 집,김명신 체포 길에 들른 조계완에게 구순이 병사에게 전할 편지를 건넸다고 조계완이 진술.,구순→병사 비공식 메시지 경로,witness_testimony_final_inquiry,A,very_high_within_post1793_chain,contemporaneous_record,정조실록,https://sillok.history.go.kr/id/kva_11706013_003,,,,observed,,gu_network_event,,,,,GU_1793PLUS,internally_continuous,1793 前府使 具純 → 薪智島 sentence → 1794 白翎 transfer → 1795 長淵 transfer → 1798 term-expiry/release forms a continuous penal chain.
E050,69,1793,1793-05-12,,day,kim_case_1793,P_LEE_HYEONGWON,이형원,李亨元,충청도 관찰사,4,4,corrective,P_GUSUN,구순,具純,전 부사·민간 거주,1,3,focal,3,REPORTS_WRONGFUL_CASE,judicial,충청도→중앙,관찰사 이형원이 공동조사 결과를 장계하여 구순의 사적 원한·조작 의혹과 무고한 평민 피해를 중앙에 보고.,중앙 재검토 촉발,initial_official_report,A,very_high_within_post1793_chain,initial_provincial_report,정조실록,https://sillok.history.go.kr/id/kva_11705012_003,,일부 사실판단은 6월 안핵 결과에서 수정됨.,,observed,,gu_network_event,,,,,GU_1793PLUS,internally_continuous,1793 前府使 具純 → 薪智島 sentence → 1794 白翎 transfer → 1795 長淵 transfer → 1798 term-expiry/release forms a continuous penal chain.
E051,70,1793,1793-05-12,,day,kim_case_1793,P_LEE_HYEONGWON,이형원,李亨元,충청도 관찰사,4,4,corrective,P_GUSUN,구순,具純,전 부사·민간 거주,1,3,focal,3,CLAIMS_ROBBERY_FABRICATED,evidentiary,충청도,초기 도계는 구순이 도난 자체를 꾸민 것으로 판단.,초기 사실판단,initial_report_later_revised,A,very_high_within_post1793_chain,initial_provincial_report,정조실록,https://sillok.history.go.kr/id/kva_11705012_003,,6월 최종 안핵에서 약간의 실제 절도가 있었던 것으로 수정.,E060,observed,,gu_network_event,,,,,GU_1793PLUS,internally_continuous,1793 前府使 具純 → 薪智島 sentence → 1794 白翎 transfer → 1795 長淵 transfer → 1798 term-expiry/release forms a continuous penal chain.
E052,71,1793,1793-05-12,,day,kim_case_1793,P_LEE_HYEONGWON,이형원,李亨元,충청도 관찰사,4,4,corrective,P_LEE_MUNHYEOP,이문협,李文恊,청주 영장,3,3,institutional_failure,1,CRITICIZES_PASSIVE_INVESTIGATION,judicial,충청도,이문협이 수사를 병영 비장에게 맡기고 병사의 명령만 따르며 방관했다고 관찰사가 비판.,파출 요청,initial_official_report,A,high,contemporaneous_record,정조실록,https://sillok.history.go.kr/id/kva_11705012_003,,,,observed,,gu_network_event,,,,,,,
E053,72,1793,1793-05-12,,day,kim_case_1793,P_LEE_HYEONGWON,이형원,李亨元,충청도 관찰사,4,4,corrective,P_LEE_GWANGSEOP,이광섭,李光燮,충청도 병마절도사,4,4,supporter,0,ACCUSES_OF_BIASED_WRONGFUL_ARREST,judicial,충청도,이광섭이 터무니없는 말을 편신하고 무고한 사람을 잘못 잡았다고 관찰사가 보고.,이광섭 파직·나문 논의,initial_official_report,A,high,contemporaneous_record,정조실록,https://sillok.history.go.kr/id/kva_11705012_003,,,,observed,,gu_network_event,,,,,,,
E054,73,1793,1793-05-12,,day,kim_case_1793,P_BIBEONSA,비변사,備邊司,중앙 관서,4,4,corrective,P_LEE_GWANGSEOP,이광섭,李光燮,충청도 병마절도사,4,4,supporter,0,REQUESTS_DISMISSAL_AND_ARREST,punitive,한성,비변사가 이광섭을 파직하고 잡아다 엄히 감죄할 것을 청함.,윤허,confirmed_primary,A,high,contemporaneous_record,정조실록,https://sillok.history.go.kr/id/kva_11705012_003,,,,observed,,gu_network_event,,,,,,,
E055,74,1793,1793-05-12,,day,kim_case_1793,P_JEONGJO,정조,正祖,국왕,5,5,authority,P_GUSUN,구순,具純,전 부사·민간 거주,1,3,focal,4,ORDERS_ARREST_AND_STRICT_INVESTIGATION,judicial,한성,정조가 구순을 의금부로 즉시 잡아다가 수금하고 엄히 조사하라고 명함.,중앙 사법절차 개시,confirmed_primary,A,very_high_within_post1793_chain,contemporaneous_record,정조실록,https://sillok.history.go.kr/id/kva_11705012_003,,,,observed,,gu_network_event,,,,,GU_1793PLUS,internally_continuous,1793 前府使 具純 → 薪智島 sentence → 1794 白翎 transfer → 1795 長淵 transfer → 1798 term-expiry/release forms a continuous penal chain.
E084,75,1793,1793-05-12,,day,kim_case_1793,P_GUSUN,구순,具純,전 부사,1,3,focal,P_KIM_MYEONGSIN,김명신,金命新,이웃 반족,1,1,victim,0,ACCUSATION_AS_BANDIT_CHIEF,judicial,청주 덕평/병영,초기 공식 장계는 구순이 김명신을 도적의 괴수라고 지목했다고 기록.,김명신 장기 구금·수사로 연결,confirmed_core_fact,A,very_high_within_post1793_chain,contemporaneous_record,정조실록,https://sillok.history.go.kr/id/kva_11705012_003,,,,observed,,gu_network_event,,,,,GU_1793PLUS,internally_continuous,1793 前府使 具純 → 薪智島 sentence → 1794 白翎 transfer → 1795 長淵 transfer → 1798 term-expiry/release forms a continuous penal chain.
E085,76,1793,1793-05-12,,day,kim_case_1793,P_GUSUN,구순,具純,전 부사,1,3,focal,N_HOUSE_SERVANTS,행랑 하인들,,구순 집 하인 집단,0,1,household,1,ALLEGED_INSTRUCTION_TO_SPREAD_RUMOR,personal_evidentiary,청주 덕평,초기 공동조사 공초는 구순이 행랑 하인들에게 소문을 퍼뜨리도록 시켰다고 보고.,초기 공모 구조 주장,initial_collective_testimony_not_individually_confirmed,B,very_high_within_post1793_chain,contemporaneous_record,정조실록,https://sillok.history.go.kr/id/kva_11705012_003,,6월 최종 조사에서 이 전체 문구를 동일한 강도로 재확정한 것은 아니므로 별도 상태 유지.,,observed,,gu_network_event,,,,,GU_1793PLUS,internally_continuous,1793 前府使 具純 → 薪智島 sentence → 1794 白翎 transfer → 1795 長淵 transfer → 1798 term-expiry/release forms a continuous penal chain.
E086,77,1793,1793-05-12,,day,kim_case_1793,P_GUSUN,구순,具純,전 부사,1,3,focal,N_MILITARY_SOLDIERS,교졸 집단,,병영·진영 실무자,2,2,possible_collaborators,-1,ALLEGED_COLLUSION_WITH_OFFICERS,personal_institutional,청주/병영,초기 공동조사 공초는 구순이 교졸과 결탁하고 미워하던 사람들의 이름을 넘겼다고 보고.,초기 협력망 주장,initial_collective_testimony_partly_refined_later,B,very_high_within_post1793_chain,contemporaneous_record,정조실록,https://sillok.history.go.kr/id/kva_11705012_003,,후속 조사에서 유제희에게 김명신 이름을 언급한 사실 등 일부 경로는 구체화되었으나 전체 집단 공모는 분해해서 봐야 함.,,observed,,gu_network_event,,,,,GU_1793PLUS,internally_continuous,1793 前府使 具純 → 薪智島 sentence → 1794 白翎 transfer → 1795 長淵 transfer → 1798 term-expiry/release forms a continuous penal chain.
E056,78,1793,1793-05-27,,day,kim_case_1793,P_LEE_JOWON,이조원,李肇源,충청도 암행어사,4,4,corrective_but_error_prone,P_GUSUN,구순,具純,의금부 피수사자,1,3,focal,3,REPORTS_INVESTIGATION,judicial,충청도→한성,암행어사 이조원이 구순이 김명신을 모함해 옥사시켰다는 취지의 별단과 보고를 제출.,엄중 처벌 논의 확대,undercover_inspector_report,A,very_high_within_post1793_chain,contemporaneous_record,비변사등록,https://db.history.go.kr/common/compareViewer.do?levelId=bb_181r_001_05_0510&type=joseon,,,,observed,,gu_network_event,,,,,GU_1793PLUS,internally_continuous,1793 前府使 具純 → 薪智島 sentence → 1794 白翎 transfer → 1795 長淵 transfer → 1798 term-expiry/release forms a continuous penal chain.
E057,79,1793,1793-05-27,,day,kim_case_1793,P_LEE_JOWON,이조원,李肇源,충청도 암행어사,4,4,corrective_but_error_prone,P_HAN_JAEUK,한재욱,韓再郁,병영 비장,2,2,institutional_supporter,2,CLAIMS_HOUSEHOLD_CLIENT_LINK,personal_institutional,충청도,이조원은 병영의 천비가 구순의 가객이라서 구순의 부탁대로 죄안을 단련했다고 보고.,구순-병영 비장 사적 연결 주장,contested_initial_report,B,high,undercover_inspector_report,비변사등록,https://db.history.go.kr/common/compareViewer.do?levelId=bb_181r_001_05_0510&type=joseon,,6월 최종 조사에서 한재욱은 구순을 평생 몰랐다고 진술. 최종 판정이 가객 관계를 확정하지 않음.,E061,observed,,gu_network_event,,,,,,,
E058,80,1793,1793-05-27,,day,kim_case_1793,P_JEONGJO,정조,正祖,국왕,5,5,authority,P_LEE_JOWON,이조원,李肇源,충청도 암행어사,4,4,corrective_but_error_prone,1,DISMISSES_FOR_PROCEDURAL_FAILURE,punitive,한성,정조는 중대한 말을 듣고도 현장에서 즉시 안핵하지 않고 전언을 별단에 넣은 이조원을 파직.,암행어사 보고의 절차적 결함 제재,confirmed_primary,A,high,contemporaneous_record,비변사등록,https://db.history.go.kr/common/compareViewer.do?levelId=bb_181r_001_05_0510&type=joseon,,,,observed,,gu_network_event,,,,,,,
E059,81,1793,1793-05-27,,day,kim_case_1793,P_JEONGJO,정조,正祖,국왕,5,5,authority,P_GUSUN,구순,具純,의금부 피수사자,1,3,focal,4,ORDERS_REPEATED_INTERROGATION,judicial,의금부,정조는 국청 설치까지는 과하다고 보고 의금부에서 엄히 가두고 반복 조사하여 실정을 밝히도록 명함.,재검증 명령,confirmed_primary,A,very_high_within_post1793_chain,contemporaneous_record,비변사등록,https://db.history.go.kr/common/compareViewer.do?levelId=bb_181r_001_05_0510&type=joseon,,,,observed,,gu_network_event,,,,,GU_1793PLUS,internally_continuous,1793 前府使 具純 → 薪智島 sentence → 1794 白翎 transfer → 1795 長淵 transfer → 1798 term-expiry/release forms a continuous penal chain.
E060,82,1793,1793-06-13,,day,kim_case_1793,P_HONG_DAEHYEOP,홍대협,洪大協,호서 안핵어사,4,4,corrective,P_GUSUN,구순,具純,피수사자,1,3,focal,3,REINVESTIGATES_AND_REVISES_FACTS,judicial,공주목/충청도,"홍대협의 안핵 결과, 도난은 전부 허구가 아니라 약간의 실제 절도가 있었고 구순이 과장·의혹화하여 원한 관계자들이 옥사에 엮이게 한 것으로 정리.",초기 '도난 전면 조작' 판단 수정,final_investigation_finding,A,very_high_within_post1793_chain,contemporaneous_record,정조실록,https://sillok.history.go.kr/id/kva_11706013_003,,,,observed,,gu_network_event,,,,,GU_1793PLUS,internally_continuous,1793 前府使 具純 → 薪智島 sentence → 1794 白翎 transfer → 1795 長淵 transfer → 1798 term-expiry/release forms a continuous penal chain.
E061,83,1793,1793-06-13,,day,kim_case_1793,P_HAN_JAEUK,한재욱,韓再郁,병영 비장,2,2,institutional_supporter,P_GUSUN,구순,具純,전 부사,1,3,focal,1,DENIES_PRIOR_ACQUAINTANCE,evidentiary,공주목 조사,한재욱은 구순과 평생 서로 알지 못했다고 진술.,가객 관계 주장과 충돌,suspect_testimony_not_independently_verified,B,very_high_within_post1793_chain,contemporaneous_record,정조실록,https://sillok.history.go.kr/id/kva_11706013_003,,증언 자체는 확인되지만 진술 내용의 진실성은 별도.,,observed,,gu_network_event,,,,,GU_1793PLUS,internally_continuous,1793 前府使 具純 → 薪智島 sentence → 1794 白翎 transfer → 1795 長淵 transfer → 1798 term-expiry/release forms a continuous penal chain.
E062,84,1793,1793-06-13,,day,kim_case_1793,P_HONG_DAEHYEOP,홍대협,洪大協,호서 안핵어사,4,4,corrective,P_KIM_MYEONGSIN,김명신,金命新,수감자,1,1,victim,3,FINDS_DEATH_BY_DISEASE,evidentiary,충청 병영,"최종 안핵은 김명신의 죽음이 질병에 따른 것으로 보았고, 정조는 김명신이 장형도 평문도 받지 않았다고 정리.",직접 고문사 판단 배제,final_investigation_finding,A,high,contemporaneous_record,정조실록,https://sillok.history.go.kr/id/kva_11706013_003,,,,observed,,gu_network_event,,,,,,,
E063,85,1793,1793-06-13,,day,kim_case_1793,P_LEE_GWANGSEOP,이광섭,李光燮,전 충청도 병마절도사,4,4,supporter,P_GUSUN,구순,具純,전 부사,1,3,focal,3,SIDES_WITH_AFTER_FAMILY_FEUD,personal_institutional,충청도,정조는 이광섭이 구순과의 세혐을 막 씻은 뒤 구순 편을 들었다고 지적.,수사 독립성 훼손의 관계적 단서,royal_final_assessment,A,very_high_within_post1793_chain,contemporaneous_record,정조실록,https://sillok.history.go.kr/id/kva_11706013_003,,,,observed,,gu_network_event,,,,,GU_1793PLUS,internally_continuous,1793 前府使 具純 → 薪智島 sentence → 1794 白翎 transfer → 1795 長淵 transfer → 1798 term-expiry/release forms a continuous penal chain.
E064,86,1793,1793-06-13,,day,kim_case_1793,P_LEE_GWANGSEOP,이광섭,李光燮,전 충청도 병마절도사,4,4,supporter,P_KIM_MYEONGSIN,김명신,金命新,피수사자,1,1,victim,3,BIASED_INVESTIGATION,judicial,충청 병영,최종 판단은 이광섭이 구순의 과장과 간리의 무고를 편신하여 옥안을 억지로 성립시킨 책임을 인정.,중대 수사책임,final_investigation_finding,A,high,contemporaneous_record,정조실록,https://sillok.history.go.kr/id/kva_11706013_003,,,,observed,,gu_network_event,,,,,,,
E065,87,1793,1793-06-13,,day,kim_case_1793,P_LEE_MUNHYEOP,이문협,李文恊,전 청주 영장,3,3,institutional_failure,N_INNOCENT_COMMONERS,무고한 평민들,,민간인 집단,1,1,victims,2,WRONGFUL_ARRESTS_AND_CASE_FORGING,judicial,청주,최종 조사에서 이문협은 장물을 먼저 확보하지 않고 교졸을 풀어 평민을 잘못 잡고 병영 비장 지휘에 따라 단련한 책임이 지적됨.,지방 수사단계 실패,final_investigation_finding,A,high,contemporaneous_record,정조실록,https://sillok.history.go.kr/id/kva_11706013_003,,,,observed,,gu_network_event,,,,,,,
E066,88,1793,1793-06-13,,day,kim_case_1793,P_JEONGJO,정조,正祖,국왕,5,5,authority,P_GUSUN,구순,具純,죄인,1,3,focal,4,DEATH_REDUCED_REMOTE_ISLAND_EXILE,punitive,신지도,구순을 의금부에 엄히 가둔 죄인으로서 사형을 감하여 절도정배하고 신지도에 배소.,1793 최종 형벌: 감사 + 절도정배,final_sentence,A,very_high_within_post1793_chain,contemporaneous_record,정조실록,https://sillok.history.go.kr/id/kva_11706013_003,,,,observed,,gu_network_event,,,,,GU_1793PLUS,internally_continuous,1793 前府使 具純 → 薪智島 sentence → 1794 白翎 transfer → 1795 長淵 transfer → 1798 term-expiry/release forms a continuous penal chain.
E067,89,1793,1793-06-13,,day,kim_case_1793,P_JEONGJO,정조,正祖,국왕,5,5,authority,P_LEE_GWANGSEOP,이광섭,李光燮,전 병마절도사,4,4,supporter,1,REMOTE_EXILE,punitive,영동현,이광섭을 먼 곳에 정배하고 영동현을 배소로 정함.,이광섭 처벌,final_sentence,A,high,contemporaneous_record,정조실록,https://sillok.history.go.kr/id/kva_11706013_003,,,,observed,,gu_network_event,,,,,,,
E068,90,1793,1793-06-13,,day,kim_case_1793,P_JEONGJO,정조,正祖,국왕,5,5,authority,P_HAN_JAEUK,한재욱,韓再郁,병영 비장,2,2,institutional_supporter,3,HEAVY_FLOGGING_AND_ENSLAVEMENT,punitive,원도/섬,한재욱에게 엄한 형장을 세 차례 집행하고 원도에 노비로 삼는 처분.,실무자 중형,final_sentence,A,high,contemporaneous_record,정조실록,https://sillok.history.go.kr/id/kva_11706013_003,,,,observed,,gu_network_event,,,,,,,
E069,91,1793,1793-06-13,,day,kim_case_1793,P_JEONGJO,정조,正祖,국왕,5,5,authority,P_LEE_HYEONGWON,이형원,李亨元,충청도 관찰사,4,4,corrective,1,DISMISSES_FOR_REPORT_DISCREPANCY,punitive,충청도,초기 장계와 후속 조사 결과의 차이가 커 충청감사 이형원을 파직.,초기 교정자도 보고 오류 책임 부담,final_sentence,A,high,contemporaneous_record,정조실록,https://sillok.history.go.kr/id/kva_11706013_003,,,,observed,,gu_network_event,,,,,,,
C013,92,1794,1794-05-22,,day,macro_context,P_JOSEON,조선 조정,朝鮮,정부,5,5,,POL_HWASEONG_BUILD,화성 성역,華城城役,국가 성역,4,4,,1,EXECUTES_PUBLIC_WORKS,state_capacity,화성,화성 성역이 진행 중이며 백성을 강제 부역시키지 않고 고용 인력을 쓰는 문제 등이 논의됨.,대규모 국가 사업의 재정·노동 동원 방식,confirmed_primary,A,not_applicable,contemporaneous_record,정조실록,https://sillok.history.go.kr/id/kva_11805022_002,,,,observed,,context_policy,state_capacity_public_works,화성 축성,,medium,,,
C014,93,1794,1794-06-28,,day,macro_context,P_JEONGJO,정조,正祖,국왕,5,5,,POL_MUWONROK,무원록언해,無冤錄諺解,검험·법의 지침,4,4,,1,ORDERS_PRINT_AND_DISTRIBUTION,criminal_justice,조선 전국,형조판서 이득신의 건의에 따라 《무원록언해》를 인쇄·반포하도록 명령.,검험·사망원인 판단 지침의 보급,confirmed_primary,A,not_applicable,contemporaneous_record,정조실록,https://sillok.history.go.kr/id/kva_11806028_006,,,,observed,,context_policy,forensic_criminal_procedure,무원록언해 인쇄·반포,,very_high,,,
E076,94,1794,1794-10-15,,day,post_sentence,P_JEONGJO,정조,正祖,국왕,5,5,authority,P_GUSUN,구순,具純,신지도 정배죄인,1,3,focal,4,TRANSFER_EXILE,mobility_state,신지도→백령도,의금부·형조 도류안을 들여 검토한 뒤 구순을 신지도에서 백령도로 이배.,배소 변경,confirmed_primary,A,very_high_within_post1793_chain,contemporaneous_record,승정원일기,https://sjw.history.go.kr/search/inspectionDayList.do?wday=17941015L0,,,,observed,중앙에서 유배자 현황을 조회 가능한 도류안이 실제 운용되었음을 보여주는 행.,gu_network_event,,,,,GU_1793PLUS,internally_continuous,1793 前府使 具純 → 薪智島 sentence → 1794 白翎 transfer → 1795 長淵 transfer → 1798 term-expiry/release forms a continuous penal chain.
E077,95,1794,1794-10-15,,day,post_sentence,P_JEONGJO,정조,正祖,국왕,5,5,authority,P_HAN_JAEUK,한재욱,韓再郁,여도 정배/노비 처분 상태,1,2,institutional_supporter,4,TRANSFER_EXILE,mobility_state,여도→오차포,같은 도류안 검토에서 한재욱도 여도에서 오차포로 이배.,협력/실무자 처벌의 후속 이동,confirmed_primary,A,high,contemporaneous_record,승정원일기,https://sjw.history.go.kr/search/inspectionDayList.do?wday=17941015L0,,,,observed,,gu_network_event,,,,,,,
E079,96,1795,1795-10-15,1798-02-20,interval,gap,P_GUSUN,구순,具純,장연현 정배,1,3,focal,N_UNKNOWN_SENTENCE_CONVERSION,형기 재분류 경위 미상,,,,,unknown,,STATE_GAP,mobility_state,장연현,1793년 '감사 절도정배'가 1798년 문서에서 '도 3년 정배'로 기록되기까지 감형·재분류 절차의 정확한 근거가 아직 미확인.,형벌 상태 전이의 미관측 구간,unknown_gap,U,very_high_within_post1793_chain,research_gap,,,,,,unknown_not_zero,형량 변환 시점과 법적 근거를 잠재 상태로 두고 추가 사료 발견 시 업데이트.,gu_network_event,,,,,GU_1793PLUS,internally_continuous,1793 前府使 具純 → 薪智島 sentence → 1794 白翎 transfer → 1795 長淵 transfer → 1798 term-expiry/release forms a continuous penal chain.
C015,97,1796,1796-03-12,,day,macro_context,P_JOSEON,조선 조정,朝鮮,정부,5,5,,P_QING,청,淸,대외 상대국,5,5,,0,RECEIVES_RETURNED_ACCESSION_MISSION,foreign_policy,청→조선 보고,진하사 이병모 등이 귀환하여 건륭제가 태상황이 되고 가경제가 즉위한 뒤의 청 조정 상황을 보고.,가경제 즉위기에 맞춘 대청 진하·사은 외교,confirmed_primary,A,not_applicable,contemporaneous_record,정조실록,https://sillok.history.go.kr/id/wva_12003012_004,,,,observed,,context_policy,foreign_policy,가경제 즉위 진하·사은 외교,청(嘉慶帝·乾隆太上皇),background,,,
C016,98,1796,1796-08-19,,day,macro_context,P_JOSEON,조선 조정,朝鮮,정부,5,5,,POL_HWASEONG_COMPLETE,화성 성곽 완성,華城,국가 성역,4,4,,1,COMPLETES_FORTRESS,state_capacity,화성,수원부 화성 성곽이 완성됨.,화성 축성 사업의 완료,confirmed_primary,A,not_applicable,contemporaneous_record,정조실록 일별목록,https://sillok.history.go.kr/search/inspectionDayList.do?id=kva_120080,,,,observed,,context_policy,state_capacity_public_works,화성 성곽 완성,,medium,,,
C017,99,1796,1796-11-09,,day,macro_context,P_JEONGJO,정조,正祖,국왕,5,5,,POL_HWASEONG_UIGWE,화성성역의궤,華城城役儀軌,사업 기록·표준화,4,4,,1,ORDERS_DOCUMENTATION,state_documentation,화성/한성,《화성성역의궤》가 완성되고 정조가 간행하여 성역의 본말을 알게 하도록 명함.,대규모 국가사업의 절차·비용·기술 기록화,confirmed_primary,A,not_applicable,contemporaneous_record,정조실록,https://sillok.history.go.kr/id/kva_12011009_002,,,,observed,,context_policy,state_documentation,화성성역의궤 완성,,medium,,,
E080,100,1798,1798-02-21,,day,post_sentence,P_LEE_UIJUN,이의준,李義駿,황해감사,4,4,authority,P_GUSUN,구순,具純,장연현 도3년 정배죄인,1,3,focal,3,REPORTS_TERM_EXPIRED,judicial,황해도 장연현→중앙,황해감사 이의준이 구순의 도 3년 형기가 찼다고 보고.,방면 심사 개시,confirmed_primary,A,very_high_within_post1793_chain,contemporaneous_record,승정원일기,https://sjw.history.go.kr/id/SJW-G22020210-03000,,,,observed,,gu_network_event,,,,,GU_1793PLUS,internally_continuous,1793 前府使 具純 → 薪智島 sentence → 1794 白翎 transfer → 1795 長淵 transfer → 1798 term-expiry/release forms a continuous penal chain.
E081,101,1798,1798-02-21,,day,post_sentence,P_UIGEUMBU,의금부,義禁府,중앙 사법기관,4,4,authority,P_GUSUN,구순,具純,장연현 도3년 정배죄인,1,3,focal,3,RECOMMENDS_RELEASE,judicial,한성,의금부가 형기 만료를 확인하고 전례대로 방송하도록 품처.,방면 승인 절차,confirmed_primary,A,very_high_within_post1793_chain,contemporaneous_record,승정원일기,https://sjw.history.go.kr/id/SJW-G22020210-03000,,,,observed,,gu_network_event,,,,,GU_1793PLUS,internally_continuous,1793 前府使 具純 → 薪智島 sentence → 1794 白翎 transfer → 1795 長淵 transfer → 1798 term-expiry/release forms a continuous penal chain.
E082,102,1798,1798-02-21,,day,post_sentence,P_JEONGJO,정조,正祖,국왕,5,5,authority,P_GUSUN,구순,具純,형기 만료 죄인,1,3,focal,4,RELEASES,punitive,장연현,정조가 의금부의 구순 방면 건의를 윤허.,1798년 정식 석방,final_release,A,very_high_within_post1793_chain,contemporaneous_record,승정원일기,https://sjw.history.go.kr/id/SJW-G22020210-03000,,,,observed,,gu_network_event,,,,,GU_1793PLUS,internally_continuous,1793 前府使 具純 → 薪智島 sentence → 1794 白翎 transfer → 1795 長淵 transfer → 1798 term-expiry/release forms a continuous penal chain.
E083,103,1798,1798-02-22,,open_interval,gap,P_GUSUN,구순,具純,석방 후 민간 상태 추정,1,3,focal,N_POST1798_UNKNOWN,1798년 이후 행적 미상,,,,,unknown,,STATE_GAP,mobility_state,미상,1798년 방면 이후 현재 확인 범위에서 동일인으로 확정 가능한 후속 관직·형사 사건 기록을 찾지 못함.,후속 행적 미확인,unknown_gap,U,very_high_within_post1793_chain,research_gap,,,,,,unknown_not_zero,검색 실패를 사망·은거·무활동으로 해석하지 말 것.,gu_network_event,,,,,GU_1793PLUS,internally_continuous,1793 前府使 具純 → 薪智島 sentence → 1794 白翎 transfer → 1795 長淵 transfer → 1798 term-expiry/release forms a continuous penal chain.
