raw_office_status,normalized_office_title,office_title_hanja,record_type,administrative_scope,statutory_rank,rank_numeric,rank_fixedness,rank_visualizable,former_statutory_rank,source_title_1,source_url_1,source_title_2,source_url_2,verification_status,notes
개천군수,군수,郡守,OFFICE,LOCAL,종4품,4.5,FIXED,1,,한국민족문화대백과사전 「군수」,https://encykorea.aks.ac.kr/Article/E0006668,한국민족문화대백과사전 「개천군」,https://encykorea.aks.ac.kr/Article/E0001721,CONFIRMED,개천은 조선시대 군이므로 군수의 법정 품계 종4품 적용.
벽동군수,군수,郡守,OFFICE,LOCAL,종4품,4.5,FIXED,1,,한국민족문화대백과사전 「군수」,https://encykorea.aks.ac.kr/Article/E0006668,한국민족문화대백과사전 「벽동군」,https://encykorea.aks.ac.kr/Article/E0022823,CONFIRMED,벽동은 조선시대 군이므로 군수의 법정 품계 종4품 적용.
중화부사,도호부사,都護府使,OFFICE,LOCAL,종3품,3.5,FIXED,1,,한국민족문화대백과사전 「도호부사」,https://encykorea.aks.ac.kr/Article/E0015923,한국민족문화대백과사전 「중화군」,https://encykorea.aks.ac.kr/Article/E0053961,CONFIRMED,중화는 1592년 도호부로 승격되었으므로 1778년 중화부사는 도호부사 종3품으로 처리.
무산부사,부사,府使,OFFICE,LOCAL,종3품,3.5,FIXED,1,,한국민족문화대백과사전 「무산군」,https://encykorea.aks.ac.kr/Article/E0019068,한국민족문화대백과사전 「종삼품」,https://encykorea.aks.ac.kr/Article/E0052963,DERIVED_CONFIRMED,무산은 1684년 부로 승격되고 이후 부사 호칭이 확인됨. 일반 부사(府使)는 종3품 관직으로 분류됨.
영흥부사,대도호부사,大都護府使,OFFICE,LOCAL,정3품,3.0,FIXED,1,,한국민족문화대백과사전 「대도호부사」,https://encykorea.aks.ac.kr/Article/E0014209,한국민족문화대백과사전 「대도호부」,https://encykorea.aks.ac.kr/Article/E0014208,CONFIRMED,조선 후기 영흥은 대도호부이며 대도호부사는 정3품.
영흥부사·겸영장,대도호부사+겸영장,大都護府使·兼營將,COMPOSITE_OFFICE,LOCAL_MILITARY,정3품,3.0,FIXED,1,,한국민족문화대백과사전 「대도호부사」,https://encykorea.aks.ac.kr/Article/E0014209,한국민족문화대백과사전 「겸영장」,https://encykorea.aks.ac.kr/Article/E0002248,CONFIRMED,영흥대도호부사와 겸영장이 모두 정3품. 복합 직함이지만 시각화 순위는 정3품으로 동일.
백령첨사,첨사(첨절제사),僉使(僉節制使),OFFICE,MILITARY_LOCAL,종3품,3.5,FIXED,1,,한국민족문화대백과사전 「종삼품」,https://encykorea.aks.ac.kr/Article/E0052963,『영조실록』 백령첨사 기사,https://sillok.history.go.kr/id/kua_12010023_002,DERIVED_CONFIRMED,백령첨사라는 직함은 실록에서 직접 확인. 첨절제사(병마·수군)는 종3품으로 규정됨.
함경중군,함경감영중군,咸鏡監營中軍,OFFICE,PROVINCIAL_MILITARY,정3품,3.0,FIXED,1,,한국민족문화대백과사전 「중군」,https://encykorea.aks.ac.kr/Article/E0053707,『승정원일기』 함경감영중군 임명 기사,https://sjw.history.go.kr/search/inspectionDayList.do?wday=17871222L0,CONFIRMED,"승정원일기에서 함경감영중군이라는 직함이 확인되며, 각 도 순영중군은 정3품."
청주 영장,진영장(영장),鎭營將(營將),OFFICE,PROVINCIAL_MILITARY,정3품,3.0,FIXED,1,,한국민족문화대백과사전 「진영장」,https://encykorea.aks.ac.kr/Article/E0054811,한국민족문화대백과사전 「겸영장」,https://encykorea.aks.ac.kr/Article/E0002248,CONFIRMED,영장/진영장은 정3품 당상직 장관.
충청도 병마절도사,병마절도사,兵馬節度使,OFFICE,PROVINCIAL_MILITARY,종2품,2.5,FIXED,1,,한국민족문화대백과사전 「병마절도사」,https://encykorea.aks.ac.kr/Article/E0023089,,,CONFIRMED,각 도 군사를 지휘하는 종2품 서반 관직.
충청도 관찰사,관찰사,觀察使,OFFICE,PROVINCIAL,종2품,2.5,FIXED,1,,한국민족문화대백과사전 「관찰사」,https://encykorea.aks.ac.kr/Article/E0005013,,,CONFIRMED,관찰사(감사)는 종2품 지방 장관.
황해감사,관찰사(감사),觀察使(監司),OFFICE,PROVINCIAL,종2품,2.5,FIXED,1,,한국민족문화대백과사전 「관찰사」,https://encykorea.aks.ac.kr/Article/E0005013,,,CONFIRMED,감사는 관찰사의 이칭. 종2품.
선전관,선전관,宣傳官,OFFICE,COURT_MILITARY,가변,,VARIABLE,0,,한국민족문화대백과사전 「선전관청」,https://encykorea.aks.ac.kr/Article/E0028903,우리역사넷 「서반 체아직 일람표」,https://contents.history.go.kr/front/nh/view.do?levelId=nh_023_0030_0020_0010_0020_0020,CONFIRMED_VARIABLE,정조대 제도상 선전관은 단일 품계가 아님. 『속대전』 기준 정3품 당상 1인·종6품 3인·종9품 17인 등이 있어 직함만으로 개인 품계를 정하면 안 됨.
선전관/별군직 계열,선전관/별군직 계열,宣傳官/別軍職,AMBIGUOUS_OFFICE_GROUP,COURT_MILITARY,가변,,VARIABLE,0,,한국민족문화대백과사전 「선전관청」,https://encykorea.aks.ac.kr/Article/E0028903,한국민족문화대백과사전 「별군직」,https://encykorea.aks.ac.kr/Article/E0023000,AMBIGUOUS,두 직종 모두 단일 품계로 환산할 수 없음. 원자료가 구체 직함을 확정하지 못한 행의 묶음 라벨.
선전관→별군직,선전관→별군직,宣傳官→別軍職,OFFICE_TRANSITION,COURT_MILITARY,가변,,VARIABLE,0,,한국민족문화대백과사전 「선전관청」,https://encykorea.aks.ac.kr/Article/E0028903,한국민족문화대백과사전 「별군직」,https://encykorea.aks.ac.kr/Article/E0023000,CONFIRMED_VARIABLE,관직 전환을 나타내는 상태값. 하나의 품계값을 부여하지 말 것.
별군직,별군직,別軍職,OFFICE,COURT_MILITARY,비고정,,VARIABLE,0,,한국민족문화대백과사전 「별군직」,https://encykorea.aks.ac.kr/Article/E0023000,,,CONFIRMED_VARIABLE,별군직은 원래 산직이며 직품 구분이 세분화되지 않았다. 당상·참상·참하의 위계가 존재하므로 단일 rank_numeric 금지.
충청도 암행어사,암행어사,暗行御史,SPECIAL_MISSION,SPECIAL_ENVOY,비고정(당하관에서 차출),,VARIABLE,0,,한국민족문화대백과사전 「암행어사」,https://encykorea.aks.ac.kr/Article/E0035165,,,CONFIRMED_VARIABLE,암행어사는 특명사신 역할이며 독립된 고정 품계가 아니다. 개인의 본래 품계를 별도로 확인해야 함.
호서 안핵어사,안핵어사,按覈御史,SPECIAL_MISSION,SPECIAL_ENVOY,비고정,,VARIABLE,0,,『정조실록』 정조 17년 6월 13일 홍대협 복명,https://sillok.history.go.kr/id/kva_11706013_003,,,CONFIRMED_ROLE_ONLY,안핵어사는 특정 사건 조사를 위한 어사 역할. 이 직함 자체에 고정 품계값을 부여하지 않음.
병영 비장,비장,裨將,STAFF_ROLE,PROVINCIAL_MILITARY_STAFF,비고정/별도 품계 없음,,NO_SINGLE_STATUTORY_RANK,0,,한국민족문화대백과사전 「비장」,https://encykorea.aks.ac.kr/Article/E0025230,,,CONFIRMED_ROLE_ONLY,감사·절도사 등의 막료. 직함만으로 고정 품계를 부여하지 않음.
청주진 장교,장교,將校,MILITARY_STAFF,LOCAL_MILITARY_STAFF,비고정,,NO_SINGLE_STATUTORY_RANK,0,,한국민족문화대백과사전 「장교」,https://encykorea.aks.ac.kr/Article/E0048295,,,CONFIRMED_ROLE_ONLY,장교는 각종 군관을 총칭하므로 단일 품계가 없음.
교졸/장교,교졸/장교,校卒/將校,MILITARY_STAFF_GROUP,LOCAL_MILITARY_STAFF,비고정,,NO_SINGLE_STATUTORY_RANK,0,,한국민족문화대백과사전 「교졸」,https://encykorea.aks.ac.kr/Article/E0005573,한국민족문화대백과사전 「장교」,https://encykorea.aks.ac.kr/Article/E0048295,CONFIRMED_ROLE_ONLY,군교·나졸 또는 군관 집단의 총칭. 품계형 관직으로 환산하지 않음.
병영 영리,영리,營吏,CLERICAL_ROLE,PROVINCIAL_MILITARY_STAFF,품계 없음,,UNRANKED_CLERICAL,0,,한국민족문화대백과사전 「성씨」(영리·읍리를 향리 계층으로 설명),https://encykorea.aks.ac.kr/Article/E0029415,한국민족문화대백과사전 「조선」(향리·군교 등 지방 하급 실무층 설명),https://encykorea.aks.ac.kr/Article/E0051904,CONFIRMED_UNRANKED,병영의 이속·향리 계층으로 품계제 관직과 구분. rank_numeric를 주지 않음.
전 부사,전 부사,前府使,CAREER_STATE,FORMER_OFFICIAL,현재 품계 없음,,FORMER_OFFICE,0,정3품 또는 종3품(부의 종류에 따라 다름),한국민족문화대백과사전 「대도호부사」,https://encykorea.aks.ac.kr/Article/E0014209,한국민족문화대백과사전 「도호부사」,https://encykorea.aks.ac.kr/Article/E0015923,CONFIRMED_STATE,'전(前)'은 현재 재직하지 않음을 뜻하는 상태. 현직 rank_numeric를 부여하지 말 것. 어느 부의 전임자인지 이 라벨만으로는 확정 불가.
전 부사·민간 거주,전 부사,前府使,CAREER_STATE,FORMER_OFFICIAL,현재 품계 없음,,FORMER_OFFICE,0,정3품 또는 종3품(부의 종류에 따라 다름),한국민족문화대백과사전 「대도호부사」,https://encykorea.aks.ac.kr/Article/E0014209,한국민족문화대백과사전 「도호부사」,https://encykorea.aks.ac.kr/Article/E0015923,CONFIRMED_STATE,민간 거주 중인 전직 부사. 현재 관직 품계로 그리지 말 것.
전 부사·청주 덕평 거주,전 부사,前府使,CAREER_STATE,FORMER_OFFICIAL,현재 품계 없음,,FORMER_OFFICE,0,정3품 또는 종3품(부의 종류에 따라 다름),한국민족문화대백과사전 「대도호부사」,https://encykorea.aks.ac.kr/Article/E0014209,한국민족문화대백과사전 「도호부사」,https://encykorea.aks.ac.kr/Article/E0015923,CONFIRMED_STATE,청주 덕평에 거주하는 전직 부사라는 상태. 현재 rank_numeric는 비움.
전 충청도 병마절도사,병마절도사,兵馬節度使,CAREER_STATE,FORMER_OFFICIAL,현재 품계 없음,,FORMER_OFFICE,0,종2품,한국민족문화대백과사전 「병마절도사」,https://encykorea.aks.ac.kr/Article/E0023089,,,CONFIRMED_STATE,전직 병마절도사. 현직 rank_numeric는 비우고 former_statutory_rank만 종2품으로 보존.
전 병마절도사,병마절도사,兵馬節度使,CAREER_STATE,FORMER_OFFICIAL,현재 품계 없음,,FORMER_OFFICE,0,종2품,한국민족문화대백과사전 「병마절도사」,https://encykorea.aks.ac.kr/Article/E0023089,,,CONFIRMED_STATE,전직 병마절도사. 현재 품계로 시각화하지 않음.
전 청주 영장,진영장(영장),鎭營將(營將),CAREER_STATE,FORMER_OFFICIAL,현재 품계 없음,,FORMER_OFFICE,0,정3품,한국민족문화대백과사전 「진영장」,https://encykorea.aks.ac.kr/Article/E0054811,,,CONFIRMED_STATE,전직 영장. 현재 rank_numeric는 비우고 former_statutory_rank만 정3품으로 보존.
