record_cluster,segment,event_ids,n_events
R1_SEONJEON_BYEOLGUN_1777_1779,GUSUN_PRE1793,E001;E002;E004,3
R2_JUNGHWA_BUSA_1778,GUSUN_PRE1793,E003,1
R3_BYEOKDONG_GUNSU_1779,GUSUN_PRE1793,E005,1
R4_BAENGNYEONG_CHEOMSA_1781,GUSUN_PRE1793,I004,1
R5_YEONGHEUNG_BUSA_1782_1784,GUSUN_PRE1793,E006;E007;E009;E010;E011;E012;E013;E014;E015;E016,10
R6_BYEOLGUN_EXILE_1784,GUSUN_PRE1793,E017;E018,2
R7_BYEOLGUN_JEJU_EXILE_1787,GUSUN_PRE1793,E019;E020;E021;E022;E023;E024;E025,7
R8A_FORMER_BUSA_KIM_CASE_1793,GUSUN_1793PLUS,E026;E027;E029;E030;E034;E037;E038;E050;E051;E055;E056;E059;E060;E061;E063;E066;E084;E085;E086,19
R8B_SINJIDO_TO_BAENGNYEONG_1794,GUSUN_1793PLUS,E076,1
R8C_JANGYEON_RELEASE_1795_1798,GUSUN_1793PLUS,E079;E080;E081;E082;E083,5
