event_id,source_name,source_url,url_domain,secondary_source_url,source_stage,accessed
I002,승정원일기,https://sjw.history.go.kr/search/inspectionDayList.do?wday=17630113L0,sjw.history.go.kr,NA,contemporaneous_record,NO (metadata only)
I003,승정원일기,https://sjw.history.go.kr/id/SJW-G01090020-05100,sjw.history.go.kr,NA,contemporaneous_record,NO (metadata only)
E001,승정원일기,https://sjw.history.go.kr/search/inspectionDayList.do?wday=17770911L0,sjw.history.go.kr,NA,contemporaneous_record,NO (metadata only)
C001,정조실록,https://sillok.history.go.kr/id/kva_10201012_002,sillok.history.go.kr,NA,contemporaneous_record,NO (metadata only)
E002,노상추일기,https://db.history.go.kr/diachronic/level.do?levelId=sa_089r_0010_0280_0080,db.history.go.kr,NA,contemporary_private_diary,NO (metadata only)
C002,정조실록,https://sillok.history.go.kr/id/kva_10210023_002,sillok.history.go.kr,NA,contemporaneous_record,NO (metadata only)
E003,승정원일기,https://sjw.history.go.kr/id/SJW-G02120240-00800,sjw.history.go.kr,NA,contemporaneous_record,NO (metadata only)
E004,승정원일기,https://sjw.history.go.kr/search/inspectionDayList.do?wday=1779-08-10L0,sjw.history.go.kr,NA,contemporaneous_record,NO (metadata only)
E005,승정원일기,https://sjw.history.go.kr/id/SJW-G03120250-04300,sjw.history.go.kr,NA,contemporaneous_record,NO (metadata only)
C003,정조실록,https://sillok.history.go.kr/id/wva_10403020_004,sillok.history.go.kr,https://sillok.history.go.kr/id/kva_10409017_002,contemporaneous_record,NO (metadata only)
I004,비변사등록/한국사데이터베이스,https://db.history.go.kr/common/compareViewer.do?levelId=bb_163_001_06_0430&type=joseon,db.history.go.kr,NA,contemporaneous_record,NO (metadata only)
C004,정조실록,https://sillok.history.go.kr/id/kva_10512008_001,sillok.history.go.kr,NA,contemporaneous_record,NO (metadata only)
E006,승정원일기,https://sjw.history.go.kr/id/SJW-G06120290-01300,sjw.history.go.kr,NA,contemporaneous_record,NO (metadata only)
E007,승정원일기,https://sjw.history.go.kr/id/SJW-G07010060-04100,sjw.history.go.kr,NA,contemporaneous_record,NO (metadata only)
E008,승정원일기,https://sjw.history.go.kr/id/SJW-G08030170-02000,sjw.history.go.kr,NA,contemporaneous_record,NO (metadata only)
E009,승정원일기,https://sjw.history.go.kr/id/SJW-G08030170-02000,sjw.history.go.kr,NA,contemporaneous_record,NO (metadata only)
E010,승정원일기,https://sjw.history.go.kr/id/SJW-G08030170-02000,sjw.history.go.kr,NA,contemporaneous_record,NO (metadata only)
E011,승정원일기,https://sjw.history.go.kr/id/SJW-G08030180-02700,sjw.history.go.kr,NA,contemporaneous_record,NO (metadata only)
E012,승정원일기,https://sjw.history.go.kr/id/SJW-G08030250-00900,sjw.history.go.kr,NA,contemporaneous_record,NO (metadata only)
E013,승정원일기,https://sjw.history.go.kr/id/SJW-G08030250-00900,sjw.history.go.kr,NA,contemporaneous_record,NO (metadata only)
E014,승정원일기,https://sjw.history.go.kr/id/SJW-G08030250-00900,sjw.history.go.kr,NA,contemporaneous_record,NO (metadata only)
E015,승정원일기,https://sjw.history.go.kr/search/inspectionDayList.do?wday=17840430L0,sjw.history.go.kr,NA,contemporaneous_record,NO (metadata only)
E016,정조실록,https://sillok.history.go.kr/id/kva_10807016_004,sillok.history.go.kr,NA,contemporaneous_record,NO (metadata only)
E017,정조실록,https://sillok.history.go.kr/id/kva_10809023_002,sillok.history.go.kr,NA,contemporaneous_record,NO (metadata only)
E018,NA,NA,NA,NA,research_gap,NO (metadata only)
C005,정조실록,https://sillok.history.go.kr/id/kva_10909011_002,sillok.history.go.kr,NA,contemporaneous_record,NO (metadata only)
C006,정조실록,https://sillok.history.go.kr/id/kva_10909011_003,sillok.history.go.kr,NA,contemporaneous_record,NO (metadata only)
E019,정조실록,https://sillok.history.go.kr/id/kva_11101003_003,sillok.history.go.kr,https://sjw.history.go.kr/search/inspectionDayList.do?wday=17870103L0,contemporaneous_record,NO (metadata only)
E020,정조실록,https://sillok.history.go.kr/id/kva_11101003_003,sillok.history.go.kr,https://sjw.history.go.kr/search/inspectionDayList.do?wday=17870103L0,contemporaneous_record,NO (metadata only)
E021,승정원일기,https://sjw.history.go.kr/search/inspectionDayList.do?wday=17870103L0,sjw.history.go.kr,https://sillok.history.go.kr/id/kva_11101003_003,contemporaneous_record,NO (metadata only)
E022,승정원일기,https://sjw.history.go.kr/search/inspectionDayList.do?wday=17870103L0,sjw.history.go.kr,NA,contemporaneous_record,NO (metadata only)
E023,승정원일기,https://sjw.history.go.kr/search/inspectionDayList.do?wday=17870103L0,sjw.history.go.kr,https://sillok.history.go.kr/id/kva_11101003_003,contemporaneous_record,NO (metadata only)
E024,승정원일기,https://sjw.history.go.kr/search/inspectionDayList.do?wday=17870103L0,sjw.history.go.kr,NA,contemporaneous_record,NO (metadata only)
E025,NA,NA,NA,NA,research_gap,NO (metadata only)
C007,비변사등록,https://db.history.go.kr/id/bb_170_001_02_0460,db.history.go.kr,NA,contemporaneous_record,NO (metadata only)
C010,정조실록,https://sillok.history.go.kr/id/kva_11406027_001,sillok.history.go.kr,NA,contemporaneous_record,NO (metadata only)
C012,정조실록,https://sillok.history.go.kr/id/kva_11701012_002,sillok.history.go.kr,NA,contemporaneous_record,NO (metadata only)
E028,정조실록,https://sillok.history.go.kr/id/kva_11706013_003,sillok.history.go.kr,NA,contemporaneous_record,NO (metadata only)
E029,정조실록,https://sillok.history.go.kr/id/kva_11706013_003,sillok.history.go.kr,NA,contemporaneous_record,NO (metadata only)
E031,정조실록,https://sillok.history.go.kr/id/kva_11706013_003,sillok.history.go.kr,NA,contemporaneous_record,NO (metadata only)
E032,정조실록,https://sillok.history.go.kr/id/kva_11706013_003,sillok.history.go.kr,NA,contemporaneous_record,NO (metadata only)
E033,정조실록,https://sillok.history.go.kr/id/kva_11706013_003,sillok.history.go.kr,NA,contemporaneous_record,NO (metadata only)
E034,정조실록,https://sillok.history.go.kr/id/kva_11706013_003,sillok.history.go.kr,NA,contemporaneous_record,NO (metadata only)
E026,정조실록,https://sillok.history.go.kr/id/kva_11706013_003,sillok.history.go.kr,NA,contemporaneous_record,NO (metadata only)
E027,정조실록,https://sillok.history.go.kr/id/kva_11706013_003,sillok.history.go.kr,NA,contemporaneous_record,NO (metadata only)
E030,정조실록,https://sillok.history.go.kr/id/kva_11706013_003,sillok.history.go.kr,NA,contemporaneous_record,NO (metadata only)
E038,정조실록,https://sillok.history.go.kr/id/kva_11706013_003,sillok.history.go.kr,NA,contemporaneous_record,NO (metadata only)
E039,정조실록,https://sillok.history.go.kr/id/kva_11706013_003,sillok.history.go.kr,NA,contemporaneous_record,NO (metadata only)
E040,정조실록,https://sillok.history.go.kr/id/kva_11706013_003,sillok.history.go.kr,NA,contemporaneous_record,NO (metadata only)
E041,정조실록,https://sillok.history.go.kr/id/kva_11706013_003,sillok.history.go.kr,NA,contemporaneous_record,NO (metadata only)
E042,정조실록,https://sillok.history.go.kr/id/kva_11706013_003,sillok.history.go.kr,NA,contemporaneous_record,NO (metadata only)
E043,정조실록,https://sillok.history.go.kr/id/kva_11706013_003,sillok.history.go.kr,NA,contemporaneous_record,NO (metadata only)
E044,정조실록,https://sillok.history.go.kr/id/kva_11706013_003,sillok.history.go.kr,NA,contemporaneous_record,NO (metadata only)
E045,정조실록,https://sillok.history.go.kr/id/kva_11706013_003,sillok.history.go.kr,NA,contemporaneous_record,NO (metadata only)
E046,정조실록,https://sillok.history.go.kr/id/kva_11706013_003,sillok.history.go.kr,NA,contemporaneous_record,NO (metadata only)
E047,정조실록,https://sillok.history.go.kr/id/kva_11706013_003,sillok.history.go.kr,NA,contemporaneous_record,NO (metadata only)
E048,정조실록,https://sillok.history.go.kr/id/kva_11706013_003,sillok.history.go.kr,NA,contemporaneous_record,NO (metadata only)
E049,정조실록,https://sillok.history.go.kr/id/kva_11706013_003,sillok.history.go.kr,NA,contemporaneous_record,NO (metadata only)
E070,정조실록,https://sillok.history.go.kr/id/kva_11706013_003,sillok.history.go.kr,NA,contemporaneous_record,NO (metadata only)
E071,정조실록,https://sillok.history.go.kr/id/kva_11706013_003,sillok.history.go.kr,NA,contemporaneous_record,NO (metadata only)
E072,정조실록,https://sillok.history.go.kr/id/kva_11706013_003,sillok.history.go.kr,NA,contemporaneous_record,NO (metadata only)
E073,정조실록,https://sillok.history.go.kr/id/kva_11706013_003,sillok.history.go.kr,NA,contemporaneous_record,NO (metadata only)
E074,정조실록,https://sillok.history.go.kr/id/kva_11706013_003,sillok.history.go.kr,NA,contemporaneous_record,NO (metadata only)
E075,정조실록,https://sillok.history.go.kr/id/kva_11706013_003,sillok.history.go.kr,NA,contemporaneous_record,NO (metadata only)
E035,정조실록,https://sillok.history.go.kr/id/kva_11706013_003,sillok.history.go.kr,NA,contemporaneous_record,NO (metadata only)
E036,정조실록,https://sillok.history.go.kr/id/kva_11706013_003,sillok.history.go.kr,NA,contemporaneous_record,NO (metadata only)
E037,정조실록,https://sillok.history.go.kr/id/kva_11706013_003,sillok.history.go.kr,NA,contemporaneous_record,NO (metadata only)
E050,정조실록,https://sillok.history.go.kr/id/kva_11705012_003,sillok.history.go.kr,NA,initial_provincial_report,NO (metadata only)
E051,정조실록,https://sillok.history.go.kr/id/kva_11705012_003,sillok.history.go.kr,NA,initial_provincial_report,NO (metadata only)
E052,정조실록,https://sillok.history.go.kr/id/kva_11705012_003,sillok.history.go.kr,NA,contemporaneous_record,NO (metadata only)
E053,정조실록,https://sillok.history.go.kr/id/kva_11705012_003,sillok.history.go.kr,NA,contemporaneous_record,NO (metadata only)
E054,정조실록,https://sillok.history.go.kr/id/kva_11705012_003,sillok.history.go.kr,NA,contemporaneous_record,NO (metadata only)
E055,정조실록,https://sillok.history.go.kr/id/kva_11705012_003,sillok.history.go.kr,NA,contemporaneous_record,NO (metadata only)
E084,정조실록,https://sillok.history.go.kr/id/kva_11705012_003,sillok.history.go.kr,NA,contemporaneous_record,NO (metadata only)
E085,정조실록,https://sillok.history.go.kr/id/kva_11705012_003,sillok.history.go.kr,NA,contemporaneous_record,NO (metadata only)
E086,정조실록,https://sillok.history.go.kr/id/kva_11705012_003,sillok.history.go.kr,NA,contemporaneous_record,NO (metadata only)
E056,비변사등록,https://db.history.go.kr/common/compareViewer.do?levelId=bb_181r_001_05_0510&type=joseon,db.history.go.kr,NA,contemporaneous_record,NO (metadata only)
E057,비변사등록,https://db.history.go.kr/common/compareViewer.do?levelId=bb_181r_001_05_0510&type=joseon,db.history.go.kr,NA,undercover_inspector_report,NO (metadata only)
E058,비변사등록,https://db.history.go.kr/common/compareViewer.do?levelId=bb_181r_001_05_0510&type=joseon,db.history.go.kr,NA,contemporaneous_record,NO (metadata only)
E059,비변사등록,https://db.history.go.kr/common/compareViewer.do?levelId=bb_181r_001_05_0510&type=joseon,db.history.go.kr,NA,contemporaneous_record,NO (metadata only)
E060,정조실록,https://sillok.history.go.kr/id/kva_11706013_003,sillok.history.go.kr,NA,contemporaneous_record,NO (metadata only)
E061,정조실록,https://sillok.history.go.kr/id/kva_11706013_003,sillok.history.go.kr,NA,contemporaneous_record,NO (metadata only)
E062,정조실록,https://sillok.history.go.kr/id/kva_11706013_003,sillok.history.go.kr,NA,contemporaneous_record,NO (metadata only)
E063,정조실록,https://sillok.history.go.kr/id/kva_11706013_003,sillok.history.go.kr,NA,contemporaneous_record,NO (metadata only)
E064,정조실록,https://sillok.history.go.kr/id/kva_11706013_003,sillok.history.go.kr,NA,contemporaneous_record,NO (metadata only)
E065,정조실록,https://sillok.history.go.kr/id/kva_11706013_003,sillok.history.go.kr,NA,contemporaneous_record,NO (metadata only)
E066,정조실록,https://sillok.history.go.kr/id/kva_11706013_003,sillok.history.go.kr,NA,contemporaneous_record,NO (metadata only)
E067,정조실록,https://sillok.history.go.kr/id/kva_11706013_003,sillok.history.go.kr,NA,contemporaneous_record,NO (metadata only)
E068,정조실록,https://sillok.history.go.kr/id/kva_11706013_003,sillok.history.go.kr,NA,contemporaneous_record,NO (metadata only)
E069,정조실록,https://sillok.history.go.kr/id/kva_11706013_003,sillok.history.go.kr,NA,contemporaneous_record,NO (metadata only)
C013,정조실록,https://sillok.history.go.kr/id/kva_11805022_002,sillok.history.go.kr,NA,contemporaneous_record,NO (metadata only)
C014,정조실록,https://sillok.history.go.kr/id/kva_11806028_006,sillok.history.go.kr,NA,contemporaneous_record,NO (metadata only)
E076,승정원일기,https://sjw.history.go.kr/search/inspectionDayList.do?wday=17941015L0,sjw.history.go.kr,NA,contemporaneous_record,NO (metadata only)
E077,승정원일기,https://sjw.history.go.kr/search/inspectionDayList.do?wday=17941015L0,sjw.history.go.kr,NA,contemporaneous_record,NO (metadata only)
E079,NA,NA,NA,NA,research_gap,NO (metadata only)
C015,정조실록,https://sillok.history.go.kr/id/wva_12003012_004,sillok.history.go.kr,NA,contemporaneous_record,NO (metadata only)
C016,정조실록 일별목록,https://sillok.history.go.kr/search/inspectionDayList.do?id=kva_120080,sillok.history.go.kr,NA,contemporaneous_record,NO (metadata only)
C017,정조실록,https://sillok.history.go.kr/id/kva_12011009_002,sillok.history.go.kr,NA,contemporaneous_record,NO (metadata only)
E080,승정원일기,https://sjw.history.go.kr/id/SJW-G22020210-03000,sjw.history.go.kr,NA,contemporaneous_record,NO (metadata only)
E081,승정원일기,https://sjw.history.go.kr/id/SJW-G22020210-03000,sjw.history.go.kr,NA,contemporaneous_record,NO (metadata only)
E082,승정원일기,https://sjw.history.go.kr/id/SJW-G22020210-03000,sjw.history.go.kr,NA,contemporaneous_record,NO (metadata only)
E083,NA,NA,NA,NA,research_gap,NO (metadata only)
