path_nodes,relation_types,path_relations,n_parallel_variants,path_dates,length,end_node,valid_EARLY,valid_LATE,robust_to_month_placement,contains_same_day_step,contains_derived_edge,interpretation
GUSUN_1793PLUS → P_YU_JEHUI,REPORT,REPORT[E038],1,1793-03-01..1793-03-30,1,P_YU_JEHUI,True,True,True,False,False,시간순 경로가 존재한다는 뜻일 뿐 인과·전달을 증명하지 않음
GUSUN_1793PLUS → P_KIM_MYEONGSIN,ACCUSATION,ACCUSATION[E084] || ACCUSATION[E038],2,1793-02-22..1793-05-12,1,P_KIM_MYEONGSIN,True,True,True,False,True,시간순 경로가 존재한다는 뜻일 뿐 인과·전달을 증명하지 않음
GUSUN_1793PLUS → P_LEE_GWANGSEOP,OTHER,OTHER[E037],1,1793-03-04,1,P_LEE_GWANGSEOP,True,True,True,False,True,시간순 경로가 존재한다는 뜻일 뿐 인과·전달을 증명하지 않음
GUSUN_1793PLUS → P_LEE_JINUK → P_JA_MIDEOK,REPORT → DETENTION,REPORT[E034] → DETENTION[E033],1,1793-02-28 → 1793-02-28,2,P_JA_MIDEOK,True,True,True,True,False,시간순 경로가 존재한다는 뜻일 뿐 인과·전달을 증명하지 않음
GUSUN_1793PLUS → P_YU_JEHUI → P_HAN_JAEUK,REPORT → REPORT,REPORT[E038] → REPORT[E039],1,1793-03-01..1793-03-30 → 1793-03-01..1793-03-30,2,P_HAN_JAEUK,True,True,True,True,False,시간순 경로가 존재한다는 뜻일 뿐 인과·전달을 증명하지 않음
GUSUN_1793PLUS → P_YU_JEHUI → P_BYEON_JIDEUL,REPORT → INVESTIGATION,REPORT[E038] → INVESTIGATION[E070],1,1793-03-01..1793-03-30 → 1793-03-01..1793-03-30,2,P_BYEON_JIDEUL,True,True,True,True,False,시간순 경로가 존재한다는 뜻일 뿐 인과·전달을 증명하지 않음
GUSUN_1793PLUS → P_YU_JEHUI → P_JEONG_WONDOL,REPORT → INVESTIGATION,REPORT[E038] → INVESTIGATION[E072],1,1793-03-01..1793-03-30 → 1793-03-01..1793-03-30,2,P_JEONG_WONDOL,True,True,True,True,False,시간순 경로가 존재한다는 뜻일 뿐 인과·전달을 증명하지 않음
GUSUN_1793PLUS → P_YU_JEHUI → P_KIM_MYEONGSIN,REPORT → INVESTIGATION,REPORT[E038] → INVESTIGATION[E039],1,1793-03-01..1793-03-30 → 1793-03-01..1793-03-30,2,P_KIM_MYEONGSIN,True,True,True,True,True,시간순 경로가 존재한다는 뜻일 뿐 인과·전달을 증명하지 않음
GUSUN_1793PLUS → P_LEE_JINUK → P_JA_MIDEOK → P_JEONG_WONDOL,REPORT → DETENTION → TESTIMONY,REPORT[E034] → DETENTION[E033] → TESTIMONY[E045],1,1793-02-28 → 1793-02-28 → 1793-03-01..1793-03-30,3,P_JEONG_WONDOL,True,True,True,True,False,시간순 경로가 존재한다는 뜻일 뿐 인과·전달을 증명하지 않음
GUSUN_1793PLUS → P_LEE_JINUK → P_JA_MIDEOK → P_KIM_GAPDEUK,REPORT → DETENTION → TESTIMONY,REPORT[E034] → DETENTION[E033] → TESTIMONY[E047],1,1793-02-28 → 1793-02-28 → 1793-03-01..1793-03-30,3,P_KIM_GAPDEUK,True,True,True,True,False,시간순 경로가 존재한다는 뜻일 뿐 인과·전달을 증명하지 않음
GUSUN_1793PLUS → P_YU_JEHUI → P_HAN_JAEUK → P_JA_MIDEOK,REPORT → REPORT → INVESTIGATION,REPORT[E038] → REPORT[E039] → INVESTIGATION[E040] || REPORT[E038] → REPORT[E039] → INVESTIGATION[E041] || REPORT[E038] → REPORT[E039] → INVESTIGATION[E042] || REPORT[E038] → REPORT[E039] → INVESTIGATION[E043] || REPORT[E038] → REPORT[E039] → INVESTIGATION[E044],5,1793-03-01..1793-03-30 → 1793-03-01..1793-03-30 → 1793-03-01..1793-03-30,3,P_JA_MIDEOK,True,True,True,True,False,시간순 경로가 존재한다는 뜻일 뿐 인과·전달을 증명하지 않음
GUSUN_1793PLUS → P_YU_JEHUI → P_HAN_JAEUK → P_JA_MIDEOK → P_JEONG_WONDOL,REPORT → REPORT → INVESTIGATION → TESTIMONY,REPORT[E038] → REPORT[E039] → INVESTIGATION[E040] → TESTIMONY[E045] || REPORT[E038] → REPORT[E039] → INVESTIGATION[E041] → TESTIMONY[E045] || REPORT[E038] → REPORT[E039] → INVESTIGATION[E042] → TESTIMONY[E045] || REPORT[E038] → REPORT[E039] → INVESTIGATION[E043] → TESTIMONY[E045] || REPORT[E038] → REPORT[E039] → INVESTIGATION[E044] → TESTIMONY[E045],5,1793-03-01..1793-03-30 → 1793-03-01..1793-03-30 → 1793-03-01..1793-03-30 → 1793-03-01..1793-03-30,4,P_JEONG_WONDOL,True,True,True,True,False,시간순 경로가 존재한다는 뜻일 뿐 인과·전달을 증명하지 않음
GUSUN_1793PLUS → P_YU_JEHUI → P_HAN_JAEUK → P_JA_MIDEOK → P_KIM_GAPDEUK,REPORT → REPORT → INVESTIGATION → TESTIMONY,REPORT[E038] → REPORT[E039] → INVESTIGATION[E040] → TESTIMONY[E047] || REPORT[E038] → REPORT[E039] → INVESTIGATION[E041] → TESTIMONY[E047] || REPORT[E038] → REPORT[E039] → INVESTIGATION[E042] → TESTIMONY[E047] || REPORT[E038] → REPORT[E039] → INVESTIGATION[E043] → TESTIMONY[E047] || REPORT[E038] → REPORT[E039] → INVESTIGATION[E044] → TESTIMONY[E047],5,1793-03-01..1793-03-30 → 1793-03-01..1793-03-30 → 1793-03-01..1793-03-30 → 1793-03-01..1793-03-30,4,P_KIM_GAPDEUK,True,True,True,True,False,시간순 경로가 존재한다는 뜻일 뿐 인과·전달을 증명하지 않음
GUSUN_1793PLUS → P_LEE_GWANGSEOP → P_KIM_MYEONGSIN,OTHER → INVESTIGATION,OTHER[E037] → INVESTIGATION[E064],1,1793-03-04 → 1793-02-22..1793-05-12,2,P_KIM_MYEONGSIN,False,True,False,False,True,시간순 경로가 존재한다는 뜻일 뿐 인과·전달을 증명하지 않음
