pair,n_edges,n_relation_types,transition_compact,transition_detail,time_window,ordering_caveats,evidence_status,involves_ego
GUSUN_1793PLUS — P_KIM_MYEONGSIN,5,4,NEIGHBOR → FRIENDLY_ASSOCIATION → CONFLICT → ACCUSATION,NEIGHBOR[E026] → FRIENDLY_ASSOCIATION[E026] → CONFLICT[E027] → ACCUSATION[E084] → ACCUSATION[E038],UNKNOWN…1793-03-30,E026: 이전 관계와 시간구간 중첩 → 순서 불확실; E027: 이전 관계와 시간구간 중첩 → 순서 불확실; E084: 이전 관계와 시간구간 중첩 → 순서 불확실; E038: 이전 관계와 시간구간 중첩 → 순서 불확실,DERIVED (CSV edges ordered by time bounds),True
GUSUN_PRE1793 — P_JEONGJO,7,4,OFFICIAL_SUPERIOR → OFFICIAL_SUBORDINATE → OFFICIAL_SUPERIOR → PUNISHMENT → OTHER,OFFICIAL_SUPERIOR[E001] → OFFICIAL_SUPERIOR[I004] → OFFICIAL_SUBORDINATE[E007] → OFFICIAL_SUPERIOR[E016] → PUNISHMENT[E017] → PUNISHMENT[E023] → OTHER[E024],1777-09-11…1787-01-03,E024: 동일 시점 → 순서 미정,DERIVED (CSV edges ordered by time bounds),True
GUSUN_1793PLUS — P_JEONGJO,5,3,DETENTION → INVESTIGATION → PUNISHMENT,DETENTION[E055] → INVESTIGATION[E059] → PUNISHMENT[E066] → PUNISHMENT[E076] → PUNISHMENT[E082],1793-05-12…1798-02-21,NONE,DERIVED (CSV edges ordered by time bounds),True
GUSUN_1793PLUS — P_LEE_GWANGSEOP,3,3,CONFLICT → FRIENDLY_ASSOCIATION → OTHER,CONFLICT[E063] → FRIENDLY_ASSOCIATION[E063] → OTHER[E037],UNKNOWN…1793-03-04,E063: 이전 관계와 시간구간 중첩 → 순서 불확실; E037: 이전 관계와 시간구간 중첩 → 순서 불확실,DERIVED (CSV edges ordered by time bounds),True
GUSUN_PRE1793 — P_LEE_YUNBIN,3,3,CONFLICT → ACCUSATION → OFFICIAL_COLLEAGUE,CONFLICT[E019] → ACCUSATION[E020] → OFFICIAL_COLLEAGUE[E019],UNKNOWN…1787-01-03,E020: 동일 시점 → 순서 미정; E019: 이전 관계와 시간구간 중첩 → 순서 불확실,DERIVED (CSV edges ordered by time bounds),True
GUSUN_1793PLUS — N_HOUSE_SERVANTS,2,2,HOUSEHOLD → COMMAND,HOUSEHOLD[E085] → COMMAND[E085],UNKNOWN…1793-05-12,NONE,DERIVED (CSV edges ordered by time bounds),True
GUSUN_1793PLUS — P_HAN_JAEUK,2,2,HOUSEHOLD → TESTIMONY,HOUSEHOLD[E057] → TESTIMONY[E061],UNKNOWN…1793-06-13,NONE,DERIVED (CSV edges ordered by time bounds),True
GUSUN_PRE1793 — P_BIBEONSA,3,2,REPORT → OTHER,REPORT[E012] → REPORT[E013] → OTHER[E014],1784-03-25…1784-03-25,E013: 동일 시점 → 순서 미정; E014: 동일 시점 → 순서 미정,DERIVED (CSV edges ordered by time bounds),True
GUSUN_PRE1793 — P_JO_HAKSIN,2,2,OTHER → TESTIMONY,OTHER[E022] → TESTIMONY[E022],UNKNOWN…1787-01-03,E022: 동일 시점 → 순서 미정,DERIVED (CSV edges ordered by time bounds),True
GUSUN_PRE1793 — P_RYU_HYOWON,2,2,KINSHIP → ACCUSATION,KINSHIP[E021] → ACCUSATION[E021],UNKNOWN…1787-01-03,E021: 이전 관계와 시간구간 중첩 → 순서 불확실,DERIVED (CSV edges ordered by time bounds),True
GUSUN_PRE1793 — P_SHIN_U_MUN,2,2,CONFLICT → OFFICIAL_SUPERIOR,CONFLICT[E009] → OFFICIAL_SUPERIOR[E009],1784-03-17…1784-03-17,E009: 동일 시점 → 순서 미정,DERIVED (CSV edges ordered by time bounds),True
GUSUN_PRE1793 — P_STATE,4,2,OFFICIAL_SUPERIOR → INVESTIGATION,OFFICIAL_SUPERIOR[E003] → OFFICIAL_SUPERIOR[E005] → OFFICIAL_SUPERIOR[E006] → INVESTIGATION[E011],1778-12-24…1784-03-18,NONE,DERIVED (CSV edges ordered by time bounds),True
P_KIM_MYEONGSIN — P_LEE_GWANGSEOP,2,2,INVESTIGATION → DETENTION,INVESTIGATION[E064] → DETENTION[E035],1793-02-22…1793-03-04,E035: 이전 관계와 시간구간 중첩 → 순서 불확실,DERIVED (CSV edges ordered by time bounds),False
