edge_id,source_person,target_person,relation_type,relation_group,relation_subtype,record_date,start_date,end_date,earliest_start,latest_start,earliest_end,latest_end,time_precision,date_basis,directed,confidence,confidence_note,source_event_id,period_event_id,phase,evidence_summary,source_title,source_url,source_family,evidence_status,derivation_note,period
X_E001,P_JEONGJO,GUSUN_PRE1793,OFFICIAL_SUPERIOR,OFFICIAL,APPOINTED_AS,1777-09-11,1777-09-11,1777-09-11,1777-09-11,1777-09-11,1777-09-11,1777-09-11,EXACT_DAY,CSV_DATE_AS_GIVEN (관계=사건 시점에 관측),True,A,confirmed_primary,E001,E001,career,선전관 구순을 별군직에 차하함.,승정원일기,https://sjw.history.go.kr/search/inspectionDayList.do?wday=17770911L0,NIKH_SEUNGJEONGWON,OBSERVED,NA,P1_CAREER_1777_1783
X_E003,P_STATE,GUSUN_PRE1793,OFFICIAL_SUPERIOR,OFFICIAL,APPOINTED_AS,1778-12-24,1778-12-24,1778-12-24,1778-12-24,1778-12-24,1778-12-24,1778-12-24,EXACT_DAY,CSV_DATE_AS_GIVEN (관계=사건 시점에 관측),True,A,confirmed_primary,E003,E003,career,구순을 중화부사로 임명.,승정원일기,https://sjw.history.go.kr/id/SJW-G02120240-00800,NIKH_SEUNGJEONGWON,OBSERVED,NA,P1_CAREER_1777_1783
X_E005,P_STATE,GUSUN_PRE1793,OFFICIAL_SUPERIOR,OFFICIAL,APPOINTED_AS,1779-12-25,1779-12-25,1779-12-25,1779-12-25,1779-12-25,1779-12-25,1779-12-25,EXACT_DAY,CSV_DATE_AS_GIVEN (관계=사건 시점에 관측),True,A,confirmed_primary,E005,E005,career,구순을 벽동군수로 임명.,승정원일기,https://sjw.history.go.kr/id/SJW-G03120250-04300,NIKH_SEUNGJEONGWON,OBSERVED,NA,P1_CAREER_1777_1783
X_I004,P_JEONGJO,GUSUN_PRE1793,OFFICIAL_SUPERIOR,OFFICIAL,EXPLICITLY_LINKS_PRIOR_OFFICE,1781-12,1781-12,1781-12,1781-12-01,1781-12-30,1781-12-01,1781-12-30,YEAR_MONTH,CSV 월 단위 날짜 → 월 경계 구간,True,A,explicit_identity_link,I004,I004,career_identity_bridge,정조가 구순을 백령에 보낸 취지가 '중화의 비정(秕政)을 씻게 하려는 것'이었다고 명시한다.,비변사등록/한국사데이터베이스,https://db.history.go.kr/common/compareViewer.do?levelId=bb_163_001_06_0430&type=joseon,NIKH_KOREAN_HISTORY_DB,OBSERVED,NA,P1_CAREER_1777_1783
X_E006,P_STATE,GUSUN_PRE1793,OFFICIAL_SUPERIOR,OFFICIAL,APPOINTED_AS,1782-12-29,1782-12-29,1782-12-29,1782-12-29,1782-12-29,1782-12-29,1782-12-29,EXACT_DAY,CSV_DATE_AS_GIVEN (관계=사건 시점에 관측),True,A,confirmed_primary,E006,E006,career,구순을 영흥부사로 임명.,승정원일기,https://sjw.history.go.kr/id/SJW-G06120290-01300,NIKH_SEUNGJEONGWON,OBSERVED,NA,P1_CAREER_1777_1783
X_E007,GUSUN_PRE1793,P_JEONGJO,OFFICIAL_SUBORDINATE,OFFICIAL,DEPARTURE_AUDIENCE,1783-01-06,1783-01-06,1783-01-06,1783-01-06,1783-01-06,1783-01-06,1783-01-06,EXACT_DAY,CSV_DATE_AS_GIVEN (관계=사건 시점에 관측),True,A,confirmed_primary,E007,E007,career,외임으로 떠나는 수령·변장 입시 명단에 영흥부사 구순이 확인됨.,승정원일기,https://sjw.history.go.kr/id/SJW-G07010060-04100,NIKH_SEUNGJEONGWON,OBSERVED,NA,P1_CAREER_1777_1783
X_E008,P_SHIN_U_MUN,N_YEONGHEUNG_CLERK,PUNISHMENT,PUNISHMENT,DISCIPLINES_SUBORDINATE,1784-03-17,1784-03-17,1784-03-17,1784-03-17,1784-03-17,1784-03-17,1784-03-17,EXACT_DAY,CSV_DATE_AS_GIVEN (관계=사건 시점에 관측),True,A,confirmed_primary,E008,E008,administrative_conflict,함경중군 신우문이 체례 관련 일로 영흥부 아전을 가볍게 처벌.,승정원일기,https://sjw.history.go.kr/id/SJW-G08030170-02000,NIKH_SEUNGJEONGWON,OBSERVED,NA,P2_YEONGHEUNG_EXILE_1784
X_E009,GUSUN_PRE1793,P_SHIN_U_MUN,CONFLICT,CONFLICT,CONFLICT_WITH_SUPERIOR,1784-03-17,1784-03-17,1784-03-17,1784-03-17,1784-03-17,1784-03-17,1784-03-17,EXACT_DAY,CSV_DATE_AS_GIVEN (관계=사건 시점에 관측),True,A,contemporary_memorial_assessment,E009,E009,administrative_conflict,자기 고을 아전이 처벌된 데 화가 난 구순의 대응이 상관을 능멸한 행위로 문제화됨.,승정원일기,https://sjw.history.go.kr/id/SJW-G08030170-02000,NIKH_SEUNGJEONGWON,OBSERVED,NA,P2_YEONGHEUNG_EXILE_1784
X_E010,GUSUN_PRE1793,N_CENTRAL_CAMP_CLERKS,CONFLICT,CONFLICT,PUNITIVE_RETALIATION,1784-03-17,1784-03-17,1784-03-17,1784-03-17,1784-03-17,1784-03-17,1784-03-17,EXACT_DAY,CSV_DATE_AS_GIVEN (관계=사건 시점에 관측),True,A,confirmed_primary,E010,E010,administrative_conflict,구순이 중영 이속에게 장형을 가한 것으로 보고됨.,승정원일기,https://sjw.history.go.kr/id/SJW-G08030170-02000,NIKH_SEUNGJEONGWON,OBSERVED,NA,P2_YEONGHEUNG_EXILE_1784
X_E011,P_STATE,GUSUN_PRE1793,INVESTIGATION,INVESTIGATION,ORDERED_NAB_INTERROGATION,1784-03-18,1784-03-18,1784-03-18,1784-03-18,1784-03-18,1784-03-18,1784-03-18,EXACT_DAY,CSV_DATE_AS_GIVEN (관계=사건 시점에 관측),True,A,confirmed_primary,E011,E011,administrative_scrutiny,교제곡 분급 문제로 구순을 의금부에서 나문하도록 명함.,승정원일기,https://sjw.history.go.kr/id/SJW-G08030180-02700,NIKH_SEUNGJEONGWON,OBSERVED,NA,P2_YEONGHEUNG_EXILE_1784
X_E012,P_BIBEONSA,GUSUN_PRE1793,REPORT,INVESTIGATION,FLAGS_LOW_COLLECTION,1784-03-25,1784-03-25,1784-03-25,1784-03-25,1784-03-25,1784-03-25,1784-03-25,EXACT_DAY,CSV_DATE_AS_GIVEN (관계=사건 시점에 관측),True,A,confirmed_primary,E012,E012,administrative_scrutiny,함경도 원환상 수납에서 영흥부사 구순이 거말로 보고됨.,승정원일기,https://sjw.history.go.kr/id/SJW-G08030250-00900,NIKH_SEUNGJEONGWON,OBSERVED,NA,P2_YEONGHEUNG_EXILE_1784
X_E013,P_BIBEONSA,GUSUN_PRE1793,REPORT,INVESTIGATION,FLAGS_LOW_COLLECTION,1784-03-25,1784-03-25,1784-03-25,1784-03-25,1784-03-25,1784-03-25,1784-03-25,EXACT_DAY,CSV_DATE_AS_GIVEN (관계=사건 시점에 관측),True,A,confirmed_primary,E013,E013,administrative_scrutiny,함경도 군향 수납에서도 영흥부사 구순이 거말로 보고됨.,승정원일기,https://sjw.history.go.kr/id/SJW-G08030250-00900,NIKH_SEUNGJEONGWON,OBSERVED,NA,P2_YEONGHEUNG_EXILE_1784
X_E014,P_BIBEONSA,GUSUN_PRE1793,OTHER,OTHER,SPARES_DUE_TO_FAMINE_RELIEF,1784-03-25,1784-03-25,1784-03-25,1784-03-25,1784-03-25,1784-03-25,1784-03-25,EXACT_DAY,CSV_DATE_AS_GIVEN (관계=사건 시점에 관측),True,A,confirmed_primary,E014,E014,administrative_scrutiny,진휼을 시행한 고을에는 분간 전례가 있다는 이유로 구순도 처벌 대상에서 분간됨.,승정원일기,https://sjw.history.go.kr/id/SJW-G08030250-00900,NIKH_SEUNGJEONGWON,OBSERVED,NA,P2_YEONGHEUNG_EXILE_1784
X_E015,P_UIGEUMBU,GUSUN_PRE1793,INVESTIGATION,INVESTIGATION,DEFERRED_ARREST,1784-04-30,1784-04-30,1784-04-30,1784-04-30,1784-04-30,1784-04-30,1784-04-30,EXACT_DAY,CSV_DATE_AS_GIVEN (관계=사건 시점에 관측),True,A,confirmed_primary,E015,E015,administrative_conflict,구순의 '상관과 서로 겨룬 죄'에 대한 나처를 진휼 종료 뒤로 미룸.,승정원일기,https://sjw.history.go.kr/search/inspectionDayList.do?wday=17840430L0,NIKH_SEUNGJEONGWON,OBSERVED,NA,P2_YEONGHEUNG_EXILE_1784
X_E016,P_JEONGJO,GUSUN_PRE1793,OFFICIAL_SUPERIOR,OFFICIAL,REWARDS_RELIEF_PERFORMANCE,1784-07-16,1784-07-16,1784-07-16,1784-07-16,1784-07-16,1784-07-16,1784-07-16,EXACT_DAY,CSV_DATE_AS_GIVEN (관계=사건 시점에 관측),True,A,confirmed_primary,E016,E016,career,진휼 실적이 전최에서 '최'로 평가되었다며 기존 나처를 분간하고 새서표리를 내림.,정조실록,https://sillok.history.go.kr/id/kva_10807016_004,NIKH_SILLOK,OBSERVED,NA,P1_CAREER_1777_1783
X_E017,P_JEONGJO,GUSUN_PRE1793,PUNISHMENT,PUNISHMENT,EXILES_FOR_EVADING_TEST,1784-09-23,1784-09-23,1784-09-23,1784-09-23,1784-09-23,1784-09-23,1784-09-23,EXACT_DAY,CSV_DATE_AS_GIVEN (관계=사건 시점에 관측),True,A,confirmed_primary,E017,E017,discipline,별군직 마상재 시험에서 구순이 무예가 있으면서 핑계를 댔다고 하여 정배 명령.,정조실록,https://sillok.history.go.kr/id/kva_10809023_002,NIKH_SILLOK,OBSERVED,NA,P2_YEONGHEUNG_EXILE_1784
X_E019,GUSUN_PRE1793,P_LEE_YUNBIN,CONFLICT,CONFLICT,PRIVATE_CONFLICT,1787-01-03,UNKNOWN,OPEN,UNKNOWN,1787-01-03,1787-01-03,UNKNOWN,BEFORE,"RELATION_WINDOW_DERIVED: '기존의 틈(有隙)' — 1787-01-03 판결 이전부터 존재, 종료 기록 없음",True,A,confirmed_primary,E019,E019,false_accusation_1787,구순과 이윤빈 사이에 기존의 틈(有隙)이 있었다고 실록이 명시.,정조실록,https://sillok.history.go.kr/id/kva_11101003_003,NIKH_SILLOK,OBSERVED (relation) + DERIVED (time window),NA,P3_FALSE_ACCUSATION_1787
X_E020,GUSUN_PRE1793,P_LEE_YUNBIN,ACCUSATION,CONFLICT,FALSE_ACCUSATION,1787-01-03,UNKNOWN,UNKNOWN,UNKNOWN,1787-01-03,UNKNOWN,1787-01-03,BEFORE,RELATION_WINDOW_DERIVED: 무고 행위는 1787-01-03 판결 이전 (판결일=기록일),True,A,royal_final_assessment,E020,E020,false_accusation_1787,정조가 구순이 이윤빈을 얽어 모함(構誣)했다고 판단.,정조실록,https://sillok.history.go.kr/id/kva_11101003_003,NIKH_SILLOK,OBSERVED (relation) + DERIVED (time window),NA,P3_FALSE_ACCUSATION_1787
X_E021,GUSUN_PRE1793,P_RYU_HYOWON,ACCUSATION,CONFLICT,IMPLICATES_AS_ASSOCIATE,1787-01-03,UNKNOWN,UNKNOWN,UNKNOWN,1787-01-03,UNKNOWN,1787-01-03,BEFORE,RELATION_WINDOW_DERIVED: 연루 행위는 1787-01-03 판결 이전,True,A,royal_final_assessment,E021,E021,false_accusation_1787,구순이 종형 유효원을 이윤빈의 동정자로 엮고 자신이 증인이 된 행위가 지적됨.,승정원일기,https://sjw.history.go.kr/search/inspectionDayList.do?wday=17870103L0,NIKH_SEUNGJEONGWON,OBSERVED (relation) + DERIVED (time window),NA,P3_FALSE_ACCUSATION_1787
X_E022,GUSUN_PRE1793,P_JO_HAKSIN,OTHER,OTHER,INSTIGATES,1787-01-03,UNKNOWN,UNKNOWN,UNKNOWN,1787-01-03,UNKNOWN,1787-01-03,BEFORE,RELATION_WINDOW_DERIVED: 종용 행위는 1787-01-03 판결 이전,True,A,confession_reported_by_court,E022,E022,false_accusation_1787,조학신이 장전 친문에서 구순의 종용을 받았다고 진술한 것으로 기록됨.,승정원일기,https://sjw.history.go.kr/search/inspectionDayList.do?wday=17870103L0,NIKH_SEUNGJEONGWON,OBSERVED (relation) + DERIVED (time window),NA,P3_FALSE_ACCUSATION_1787
X_E023,P_JEONGJO,GUSUN_PRE1793,PUNISHMENT,PUNISHMENT,PUNISHES_FALSE_ACCUSATION,1787-01-03,1787-01-03,1787-01-03,1787-01-03,1787-01-03,1787-01-03,1787-01-03,EXACT_DAY,CSV_DATE_AS_GIVEN (관계=사건 시점에 관측),True,A,final_sentence,E023,E023,false_accusation_1787,"구순에게 죽지 않을 만큼 곤장 30대를 치고, 사형을 감하여 제주목 정배, 사면에서 제외하라고 명함.",승정원일기,https://sjw.history.go.kr/search/inspectionDayList.do?wday=17870103L0,NIKH_SEUNGJEONGWON,OBSERVED,NA,P3_FALSE_ACCUSATION_1787
X_E024,P_JEONGJO,GUSUN_PRE1793,OTHER,OTHER,NOTES_PRIOR_LENIENCY,1787-01-03,1787-01-03,1787-01-03,1787-01-03,1787-01-03,1787-01-03,1787-01-03,EXACT_DAY,CSV_DATE_AS_GIVEN (관계=사건 시점에 관측),True,A,royal_statement,E024,E024,false_accusation_1787,정조가 조정이 구순을 전후로 여러 차례 곡진히 살려준 은혜를 언급.,승정원일기,https://sjw.history.go.kr/search/inspectionDayList.do?wday=17870103L0,NIKH_SEUNGJEONGWON,OBSERVED,NA,P3_FALSE_ACCUSATION_1787
X_E028,P_NABOK,P_MYEONGEOP,REPORT,INVESTIGATION,REPORTS_ROBBERY,1793-02-22,1793-02-22,1793-02-22,1793-02-22,1793-02-22,1793-02-22,1793-02-22,EXACT_DAY,CSV_DATE_AS_GIVEN (관계=사건 시점에 관측),True,A,witness_testimony_final_inquiry,E028,E028,kim_case_1793,나복이 명업을 불러 도적 30여 명이 들어 돈과 물품을 훔쳤다고 알림.,정조실록,https://sillok.history.go.kr/id/kva_11706013_003,NIKH_SILLOK,OBSERVED,NA,P4a_KIM_CASE_1793-02
X_E031,P_HAN_JAEUK,P_LEE_JINUK,COMMAND,OFFICIAL,ORDERS_ARREST,1793-02-28,1793-02-28,1793-02-28,1793-02-28,1793-02-28,1793-02-28,1793-02-28,EXACT_DAY,CSV_DATE_AS_GIVEN (관계=사건 시점에 관측),True,A,witness_testimony_final_inquiry,E031,E031,kim_case_1793,한재욱이 이진욱·조계완 등에게 변지돌·정원돌을 잡으라고 지시.,정조실록,https://sillok.history.go.kr/id/kva_11706013_003,NIKH_SILLOK,OBSERVED,NA,P4a_KIM_CASE_1793-02
X_E032,P_HAN_JAEUK,P_LEE_JINUK,COMMAND,OFFICIAL,PROVIDES_IRON_WHIPS,1793-02-28,1793-02-28,1793-02-28,1793-02-28,1793-02-28,1793-02-28,1793-02-28,EXACT_DAY,CSV_DATE_AS_GIVEN (관계=사건 시점에 관측),True,A,witness_testimony_final_inquiry,E032,E032,kim_case_1793,한재욱이 체포 과정에 철편 네 개를 만들어 주었다는 이진욱의 진술.,정조실록,https://sillok.history.go.kr/id/kva_11706013_003,NIKH_SILLOK,OBSERVED,NA,P4a_KIM_CASE_1793-02
X_E033,P_LEE_JINUK,P_JA_MIDEOK,DETENTION,INVESTIGATION,ARRESTS_SUBSTITUTE_TARGET,1793-02-28,1793-02-28,1793-02-28,1793-02-28,1793-02-28,1793-02-28,1793-02-28,EXACT_DAY,CSV_DATE_AS_GIVEN (관계=사건 시점에 관측),True,A,witness_testimony_final_inquiry,E033,E033,kim_case_1793,"변지돌이 이미 공주진에 잡혀가자, 이진욱 일행이 그 동생 변재돌의 처 자미덕을 체포.",정조실록,https://sillok.history.go.kr/id/kva_11706013_003,NIKH_SILLOK,OBSERVED,NA,P4a_KIM_CASE_1793-02
X_E034,GUSUN_1793PLUS,P_LEE_JINUK,REPORT,INVESTIGATION,PROVIDES_ROBBERY_DETAILS,1793-02-28,1793-02-28,1793-02-28,1793-02-28,1793-02-28,1793-02-28,1793-02-28,EXACT_DAY,CSV_DATE_AS_GIVEN (관계=사건 시점에 관측),True,A,witness_testimony_final_inquiry,E034,E034,kim_case_1793,이진욱 일행이 구순 집에 들르자 구순이 잃은 물건과 도적의 호칭을 설명.,정조실록,https://sillok.history.go.kr/id/kva_11706013_003,NIKH_SILLOK,OBSERVED,NA,P4a_KIM_CASE_1793-02
X_E026,P_KIM_MYEONGSIN,GUSUN_1793PLUS,FRIENDLY_ASSOCIATION,PRIVATE_SOCIAL,PRIOR_FRIENDSHIP,1793-02-early,UNKNOWN,1793-02,UNKNOWN,1793-02-30,1793-02-01,1793-02-30,OPEN_INTERVAL,"RELATION_WINDOW_DERIVED: '본래 친숙' — 시작 미상, E027 단절(1793-02 '상순' 표기)로 종료",False,A,witness_testimony_final_inquiry,E026,E026,kim_case_1793,김명신과 구순은 본래 친숙하여 날마다 상종했다고 명업이 진술.,정조실록,https://sillok.history.go.kr/id/kva_11706013_003,NIKH_SILLOK,OBSERVED (relation) + DERIVED (time window),NA,P4a_KIM_CASE_1793-02
X_E027,P_KIM_MYEONGSIN,GUSUN_1793PLUS,CONFLICT,CONFLICT,REBUKES_AND_BREAKS_CONTACT,1793-02-early,1793-02,OPEN,1793-02-01,1793-02-30,1793-02-01,UNKNOWN,OPEN_INTERVAL,RELATION_WINDOW_DERIVED: 단절 시점은 월 단위('early' 한정어 보존); 화해 기록 없음 → end OPEN,True,A,witness_testimony_final_inquiry,E027,E027,kim_case_1793,김명신이 박거사 문제로 구순을 편지로 꾸짖은 뒤 서로 왕래가 끊겼다고 명업이 진술.,정조실록,https://sillok.history.go.kr/id/kva_11706013_003,NIKH_SILLOK,OBSERVED (relation) + DERIVED (time window),NA,P4a_KIM_CASE_1793-02
X_E030,GUSUN_1793PLUS,N_UNNAMED_OFFICER,OTHER,OTHER,PRIVATE_CONTACT_WITH_OFFICER,1793-02-late,1793-02,1793-02,1793-02-01,1793-02-30,1793-02-01,1793-02-30,YEAR_MONTH,CSV 월 단위 날짜 → 월 경계 구간,True,B,witness_testimony_final_inquiry,E030,E030,kim_case_1793,체포령 뒤 교졸들이 왔을 때 구순이 한 장교를 안행랑으로 불러 조용히 대화했다고 명업이 진술; 내용은 듣지 못함.,정조실록,https://sillok.history.go.kr/id/kva_11706013_003,NIKH_SILLOK,OBSERVED,NA,P4a_KIM_CASE_1793-02
X_E038,GUSUN_1793PLUS,P_YU_JEHUI,REPORT,INVESTIGATION,PROVIDES_SUSPECT_NAME,1793-03,1793-03,1793-03,1793-03-01,1793-03-30,1793-03-01,1793-03-30,YEAR_MONTH,CSV 월 단위 날짜 → 월 경계 구간,True,A,admission_in_final_inquiry,E038,E038,kim_case_1793,유제희가 탐문할 때 구순이 풍각 김상제(김명신)도 매우 수상하다고 말했다고 유제희가 진술.,정조실록,https://sillok.history.go.kr/id/kva_11706013_003,NIKH_SILLOK,OBSERVED,NA,P4b_KIM_CASE_1793-03
X_E039,P_YU_JEHUI,P_HAN_JAEUK,REPORT,INVESTIGATION,SUBMITS_SUSPECT_LIST,1793-03,1793-03,1793-03,1793-03-01,1793-03-30,1793-03-01,1793-03-30,YEAR_MONTH,CSV 월 단위 날짜 → 월 경계 구간,True,A,testimony_in_final_inquiry,E039,E039,kim_case_1793,유제희가 변지돌·변재돌·정원돌·김명신·김성손·김흥득·김흥길의 이름을 적어 병영에 보고했다고 한재욱이 진술.,정조실록,https://sillok.history.go.kr/id/kva_11706013_003,NIKH_SILLOK,OBSERVED,NA,P4b_KIM_CASE_1793-03
X_E040,P_HAN_JAEUK,P_JA_MIDEOK,INVESTIGATION,INVESTIGATION,COERCES_FALSE_IDENTIFICATION,1793-03,1793-03,1793-03,1793-03-01,1793-03-30,1793-03-01,1793-03-30,YEAR_MONTH,CSV 월 단위 날짜 → 월 경계 구간,True,A,witness_testimony_final_inquiry,E040,E040,kim_case_1793,한재욱이 자미덕에게 정원돌(鄭原乭) 등을 큰 도적이라고 말하면 부부를 풀어주겠다는 취지로 반복 회유·압박했다고 자미덕이 진술.,정조실록,https://sillok.history.go.kr/id/kva_11706013_003,NIKH_SILLOK,OBSERVED,NA,P4b_KIM_CASE_1793-03
X_E041,P_HAN_JAEUK,P_JA_MIDEOK,INVESTIGATION,INVESTIGATION,COERCES_FALSE_IDENTIFICATION,1793-03,1793-03,1793-03,1793-03-01,1793-03-30,1793-03-01,1793-03-30,YEAR_MONTH,CSV 월 단위 날짜 → 월 경계 구간,True,A,witness_testimony_final_inquiry,E041,E041,kim_case_1793,한재욱이 자미덕에게 이집거(李執莒) 등을 큰 도적이라고 말하면 부부를 풀어주겠다는 취지로 반복 회유·압박했다고 자미덕이 진술.,정조실록,https://sillok.history.go.kr/id/kva_11706013_003,NIKH_SILLOK,OBSERVED,NA,P4b_KIM_CASE_1793-03
X_E042,P_HAN_JAEUK,P_JA_MIDEOK,INVESTIGATION,INVESTIGATION,COERCES_FALSE_IDENTIFICATION,1793-03,1793-03,1793-03,1793-03-01,1793-03-30,1793-03-01,1793-03-30,YEAR_MONTH,CSV 월 단위 날짜 → 월 경계 구간,True,A,witness_testimony_final_inquiry,E042,E042,kim_case_1793,한재욱이 자미덕에게 김갑득(金甲得) 등을 큰 도적이라고 말하면 부부를 풀어주겠다는 취지로 반복 회유·압박했다고 자미덕이 진술.,정조실록,https://sillok.history.go.kr/id/kva_11706013_003,NIKH_SILLOK,OBSERVED,NA,P4b_KIM_CASE_1793-03
X_E043,P_HAN_JAEUK,P_JA_MIDEOK,INVESTIGATION,INVESTIGATION,COERCES_FALSE_IDENTIFICATION,1793-03,1793-03,1793-03,1793-03-01,1793-03-30,1793-03-01,1793-03-30,YEAR_MONTH,CSV 월 단위 날짜 → 월 경계 구간,True,A,witness_testimony_final_inquiry,E043,E043,kim_case_1793,한재욱이 자미덕에게 김성손(金成孫) 등을 큰 도적이라고 말하면 부부를 풀어주겠다는 취지로 반복 회유·압박했다고 자미덕이 진술.,정조실록,https://sillok.history.go.kr/id/kva_11706013_003,NIKH_SILLOK,OBSERVED,NA,P4b_KIM_CASE_1793-03
X_E044,P_HAN_JAEUK,P_JA_MIDEOK,INVESTIGATION,INVESTIGATION,COERCES_FALSE_IDENTIFICATION,1793-03,1793-03,1793-03,1793-03-01,1793-03-30,1793-03-01,1793-03-30,YEAR_MONTH,CSV 월 단위 날짜 → 월 경계 구간,True,A,witness_testimony_final_inquiry,E044,E044,kim_case_1793,한재욱이 자미덕에게 김흥득(金興得) 등을 큰 도적이라고 말하면 부부를 풀어주겠다는 취지로 반복 회유·압박했다고 자미덕이 진술.,정조실록,https://sillok.history.go.kr/id/kva_11706013_003,NIKH_SILLOK,OBSERVED,NA,P4b_KIM_CASE_1793-03
X_E045,P_JA_MIDEOK,P_JEONG_WONDOL,TESTIMONY,INVESTIGATION,FALSE_IDENTIFICATION_UNDER_COERCION,1793-03,1793-03,1793-03,1793-03-01,1793-03-30,1793-03-01,1793-03-30,YEAR_MONTH,CSV 월 단위 날짜 → 월 경계 구간,True,A,witness_admission_final_inquiry,E045,E045,kim_case_1793,자미덕은 한재욱의 지휘에 따라 정원돌 관련 내용을 거짓으로 꾸며 진술했다고 최종 조사에서 밝힘.,정조실록,https://sillok.history.go.kr/id/kva_11706013_003,NIKH_SILLOK,OBSERVED,NA,P4b_KIM_CASE_1793-03
X_E046,P_JA_MIDEOK,P_LEE_JIPGEO,TESTIMONY,INVESTIGATION,FALSE_IDENTIFICATION_UNDER_COERCION,1793-03,1793-03,1793-03,1793-03-01,1793-03-30,1793-03-01,1793-03-30,YEAR_MONTH,CSV 월 단위 날짜 → 월 경계 구간,True,A,witness_admission_final_inquiry,E046,E046,kim_case_1793,자미덕은 한재욱의 지휘에 따라 이집거 관련 내용을 거짓으로 꾸며 진술했다고 최종 조사에서 밝힘.,정조실록,https://sillok.history.go.kr/id/kva_11706013_003,NIKH_SILLOK,OBSERVED,NA,P4b_KIM_CASE_1793-03
X_E047,P_JA_MIDEOK,P_KIM_GAPDEUK,TESTIMONY,INVESTIGATION,FALSE_IDENTIFICATION_UNDER_COERCION,1793-03,1793-03,1793-03,1793-03-01,1793-03-30,1793-03-01,1793-03-30,YEAR_MONTH,CSV 월 단위 날짜 → 월 경계 구간,True,A,witness_admission_final_inquiry,E047,E047,kim_case_1793,자미덕은 한재욱의 지휘에 따라 김갑득 관련 내용을 거짓으로 꾸며 진술했다고 최종 조사에서 밝힘.,정조실록,https://sillok.history.go.kr/id/kva_11706013_003,NIKH_SILLOK,OBSERVED,NA,P4b_KIM_CASE_1793-03
X_E048,P_JA_MIDEOK,P_KIM_SEONGSON,TESTIMONY,INVESTIGATION,FALSE_IDENTIFICATION_UNDER_COERCION,1793-03,1793-03,1793-03,1793-03-01,1793-03-30,1793-03-01,1793-03-30,YEAR_MONTH,CSV 월 단위 날짜 → 월 경계 구간,True,A,witness_admission_final_inquiry,E048,E048,kim_case_1793,자미덕은 한재욱의 지휘에 따라 김성손 관련 내용을 거짓으로 꾸며 진술했다고 최종 조사에서 밝힘.,정조실록,https://sillok.history.go.kr/id/kva_11706013_003,NIKH_SILLOK,OBSERVED,NA,P4b_KIM_CASE_1793-03
X_E049,P_JA_MIDEOK,P_KIM_HEUNGDEUK,TESTIMONY,INVESTIGATION,FALSE_IDENTIFICATION_UNDER_COERCION,1793-03,1793-03,1793-03,1793-03-01,1793-03-30,1793-03-01,1793-03-30,YEAR_MONTH,CSV 월 단위 날짜 → 월 경계 구간,True,A,witness_admission_final_inquiry,E049,E049,kim_case_1793,자미덕은 한재욱의 지휘에 따라 김흥득 관련 내용을 거짓으로 꾸며 진술했다고 최종 조사에서 밝힘.,정조실록,https://sillok.history.go.kr/id/kva_11706013_003,NIKH_SILLOK,OBSERVED,NA,P4b_KIM_CASE_1793-03
X_E070,P_YU_JEHUI,P_BYEON_JIDEUL,INVESTIGATION,INVESTIGATION,ENTERS_SUSPECT_LIST,1793-03,1793-03,1793-03,1793-03-01,1793-03-30,1793-03-01,1793-03-30,YEAR_MONTH,CSV 월 단위 날짜 → 월 경계 구간,True,A,testimony_in_final_inquiry,E070,E070,kim_case_1793,변지돌(卞之乭)가 유제희가 작성·보고한 혐의자 명단에 포함됨.,정조실록,https://sillok.history.go.kr/id/kva_11706013_003,NIKH_SILLOK,OBSERVED,NA,P4b_KIM_CASE_1793-03
X_E071,P_YU_JEHUI,P_BYEON_JAEDOL,INVESTIGATION,INVESTIGATION,ENTERS_SUSPECT_LIST,1793-03,1793-03,1793-03,1793-03-01,1793-03-30,1793-03-01,1793-03-30,YEAR_MONTH,CSV 월 단위 날짜 → 월 경계 구간,True,A,testimony_in_final_inquiry,E071,E071,kim_case_1793,변재돌(卞才乭)가 유제희가 작성·보고한 혐의자 명단에 포함됨.,정조실록,https://sillok.history.go.kr/id/kva_11706013_003,NIKH_SILLOK,OBSERVED,NA,P4b_KIM_CASE_1793-03
X_E072,P_YU_JEHUI,P_JEONG_WONDOL,INVESTIGATION,INVESTIGATION,ENTERS_SUSPECT_LIST,1793-03,1793-03,1793-03,1793-03-01,1793-03-30,1793-03-01,1793-03-30,YEAR_MONTH,CSV 월 단위 날짜 → 월 경계 구간,True,A,testimony_in_final_inquiry,E072,E072,kim_case_1793,정원돌(鄭原乭)가 유제희가 작성·보고한 혐의자 명단에 포함됨.,정조실록,https://sillok.history.go.kr/id/kva_11706013_003,NIKH_SILLOK,OBSERVED,NA,P4b_KIM_CASE_1793-03
X_E073,P_YU_JEHUI,P_KIM_SEONGSON,INVESTIGATION,INVESTIGATION,ENTERS_SUSPECT_LIST,1793-03,1793-03,1793-03,1793-03-01,1793-03-30,1793-03-01,1793-03-30,YEAR_MONTH,CSV 월 단위 날짜 → 월 경계 구간,True,A,testimony_in_final_inquiry,E073,E073,kim_case_1793,김성손(金成孫)가 유제희가 작성·보고한 혐의자 명단에 포함됨.,정조실록,https://sillok.history.go.kr/id/kva_11706013_003,NIKH_SILLOK,OBSERVED,NA,P4b_KIM_CASE_1793-03
X_E074,P_YU_JEHUI,P_KIM_HEUNGDEUK,INVESTIGATION,INVESTIGATION,ENTERS_SUSPECT_LIST,1793-03,1793-03,1793-03,1793-03-01,1793-03-30,1793-03-01,1793-03-30,YEAR_MONTH,CSV 월 단위 날짜 → 월 경계 구간,True,A,testimony_in_final_inquiry,E074,E074,kim_case_1793,김흥득(金興得)가 유제희가 작성·보고한 혐의자 명단에 포함됨.,정조실록,https://sillok.history.go.kr/id/kva_11706013_003,NIKH_SILLOK,OBSERVED,NA,P4b_KIM_CASE_1793-03
X_E075,P_YU_JEHUI,P_KIM_HEUNGGIL,INVESTIGATION,INVESTIGATION,ENTERS_SUSPECT_LIST,1793-03,1793-03,1793-03,1793-03-01,1793-03-30,1793-03-01,1793-03-30,YEAR_MONTH,CSV 월 단위 날짜 → 월 경계 구간,True,A,testimony_in_final_inquiry,E075,E075,kim_case_1793,김흥길(金興吉)가 유제희가 작성·보고한 혐의자 명단에 포함됨.,정조실록,https://sillok.history.go.kr/id/kva_11706013_003,NIKH_SILLOK,OBSERVED,NA,P4b_KIM_CASE_1793-03
X_E035,P_LEE_GWANGSEOP,P_KIM_MYEONGSIN,DETENTION,INVESTIGATION,ORDERS_ARREST,1793-03-04,1793-03-04,1793-03-04,1793-03-04,1793-03-04,1793-03-04,1793-03-04,EXACT_DAY,CSV_DATE_AS_GIVEN (관계=사건 시점에 관측),True,A,witness_testimony_final_inquiry,E035,E035,kim_case_1793,병사가 풍각 김생원(김명신)을 잡도록 명한 것으로 이진욱이 진술.,정조실록,https://sillok.history.go.kr/id/kva_11706013_003,NIKH_SILLOK,OBSERVED,NA,P4b_KIM_CASE_1793-03
X_E036,P_LEE_GWANGSEOP,P_KIM_GAPDEUK,DETENTION,INVESTIGATION,ORDERS_ARREST,1793-03-04,1793-03-04,1793-03-04,1793-03-04,1793-03-04,1793-03-04,1793-03-04,EXACT_DAY,CSV_DATE_AS_GIVEN (관계=사건 시점에 관측),True,A,witness_testimony_final_inquiry,E036,E036,kim_case_1793,병사가 흥덕 김생원(김갑득)을 함께 잡도록 명한 것으로 이진욱이 진술.,정조실록,https://sillok.history.go.kr/id/kva_11706013_003,NIKH_SILLOK,OBSERVED,NA,P4b_KIM_CASE_1793-03
X_E037,GUSUN_1793PLUS,P_JO_GYEWAN,OTHER,OTHER,SENDS_LETTER_VIA_OFFICER,1793-03-04,1793-03-04,1793-03-04,1793-03-04,1793-03-04,1793-03-04,1793-03-04,EXACT_DAY,CSV_DATE_AS_GIVEN (관계=사건 시점에 관측),True,A,witness_testimony_final_inquiry,E037,E037,kim_case_1793,김명신 체포 길에 들른 조계완에게 구순이 병사에게 전할 편지를 건넸다고 조계완이 진술.,정조실록,https://sillok.history.go.kr/id/kva_11706013_003,NIKH_SILLOK,OBSERVED,NA,P4b_KIM_CASE_1793-03
X_E050,P_LEE_HYEONGWON,GUSUN_1793PLUS,INVESTIGATION,INVESTIGATION,REPORTS_WRONGFUL_CASE,1793-05-12,1793-05-12,1793-05-12,1793-05-12,1793-05-12,1793-05-12,1793-05-12,EXACT_DAY,CSV_DATE_AS_GIVEN (관계=사건 시점에 관측),True,A,initial_official_report,E050,E050,kim_case_1793,관찰사 이형원이 공동조사 결과를 장계하여 구순의 사적 원한·조작 의혹과 무고한 평민 피해를 중앙에 보고.,정조실록,https://sillok.history.go.kr/id/kva_11705012_003,NIKH_SILLOK,OBSERVED,NA,P4c_KIM_CASE_1793-05
X_E051,P_LEE_HYEONGWON,GUSUN_1793PLUS,INVESTIGATION,INVESTIGATION,CLAIMS_ROBBERY_FABRICATED,1793-05-12,1793-05-12,1793-05-12,1793-05-12,1793-05-12,1793-05-12,1793-05-12,EXACT_DAY,CSV_DATE_AS_GIVEN (관계=사건 시점에 관측),True,A_SUPERSEDED_BY_E060,initial_report_later_revised,E051,E051,kim_case_1793,초기 도계는 구순이 도난 자체를 꾸민 것으로 판단.,정조실록,https://sillok.history.go.kr/id/kva_11705012_003,NIKH_SILLOK,OBSERVED,NA,P4c_KIM_CASE_1793-05
X_E052,P_LEE_HYEONGWON,P_LEE_MUNHYEOP,ACCUSATION,CONFLICT,CRITICIZES_PASSIVE_INVESTIGATION,1793-05-12,1793-05-12,1793-05-12,1793-05-12,1793-05-12,1793-05-12,1793-05-12,EXACT_DAY,CSV_DATE_AS_GIVEN (관계=사건 시점에 관측),True,A,initial_official_report,E052,E052,kim_case_1793,이문협이 수사를 병영 비장에게 맡기고 병사의 명령만 따르며 방관했다고 관찰사가 비판.,정조실록,https://sillok.history.go.kr/id/kva_11705012_003,NIKH_SILLOK,OBSERVED,NA,P4c_KIM_CASE_1793-05
X_E053,P_LEE_HYEONGWON,P_LEE_GWANGSEOP,ACCUSATION,CONFLICT,ACCUSES_OF_BIASED_WRONGFUL_ARREST,1793-05-12,1793-05-12,1793-05-12,1793-05-12,1793-05-12,1793-05-12,1793-05-12,EXACT_DAY,CSV_DATE_AS_GIVEN (관계=사건 시점에 관측),True,A,initial_official_report,E053,E053,kim_case_1793,이광섭이 터무니없는 말을 편신하고 무고한 사람을 잘못 잡았다고 관찰사가 보고.,정조실록,https://sillok.history.go.kr/id/kva_11705012_003,NIKH_SILLOK,OBSERVED,NA,P4c_KIM_CASE_1793-05
X_E054,P_BIBEONSA,P_LEE_GWANGSEOP,PUNISHMENT,PUNISHMENT,REQUESTS_DISMISSAL_AND_ARREST,1793-05-12,1793-05-12,1793-05-12,1793-05-12,1793-05-12,1793-05-12,1793-05-12,EXACT_DAY,CSV_DATE_AS_GIVEN (관계=사건 시점에 관측),True,A,confirmed_primary,E054,E054,kim_case_1793,비변사가 이광섭을 파직하고 잡아다 엄히 감죄할 것을 청함.,정조실록,https://sillok.history.go.kr/id/kva_11705012_003,NIKH_SILLOK,OBSERVED,NA,P4c_KIM_CASE_1793-05
X_E055,P_JEONGJO,GUSUN_1793PLUS,DETENTION,INVESTIGATION,ORDERS_ARREST_AND_STRICT_INVESTIGATION,1793-05-12,1793-05-12,1793-05-12,1793-05-12,1793-05-12,1793-05-12,1793-05-12,EXACT_DAY,CSV_DATE_AS_GIVEN (관계=사건 시점에 관측),True,A,confirmed_primary,E055,E055,kim_case_1793,정조가 구순을 의금부로 즉시 잡아다가 수금하고 엄히 조사하라고 명함.,정조실록,https://sillok.history.go.kr/id/kva_11705012_003,NIKH_SILLOK,OBSERVED,NA,P4c_KIM_CASE_1793-05
X_E084,GUSUN_1793PLUS,P_KIM_MYEONGSIN,ACCUSATION,CONFLICT,ACCUSATION_AS_BANDIT_CHIEF,1793-05-12,UNKNOWN,UNKNOWN,1793-02-22,1793-05-12,1793-02-22,1793-05-12,RANGE,RELATION_WINDOW_DERIVED: 05-12 장계 기록; '도적 괴수' 지목은 도난(02-22) 이후,True,A,confirmed_core_fact,E084,E084,kim_case_1793,초기 공식 장계는 구순이 김명신을 도적의 괴수라고 지목했다고 기록.,정조실록,https://sillok.history.go.kr/id/kva_11705012_003,NIKH_SILLOK,OBSERVED (relation) + DERIVED (time window),NA,P4c_KIM_CASE_1793-05
X_E085,GUSUN_1793PLUS,N_HOUSE_SERVANTS,COMMAND,OFFICIAL,ALLEGED_INSTRUCTION_TO_SPREAD_RUMOR,1793-05-12,UNKNOWN,UNKNOWN,1793-02-22,1793-05-12,1793-02-22,1793-05-12,RANGE,RELATION_WINDOW_DERIVED: 05-12 장계 기록(주장); 행위 시점은 도난 이후,True,B,initial_collective_testimony_not_individually_confirmed,E085,E085,kim_case_1793,초기 공동조사 공초는 구순이 행랑 하인들에게 소문을 퍼뜨리도록 시켰다고 보고.,정조실록,https://sillok.history.go.kr/id/kva_11705012_003,NIKH_SILLOK,OBSERVED (relation) + DERIVED (time window),NA,P4c_KIM_CASE_1793-05
X_E086,GUSUN_1793PLUS,N_MILITARY_SOLDIERS,OTHER,OTHER,ALLEGED_COLLUSION_WITH_OFFICERS,1793-05-12,UNKNOWN,UNKNOWN,1793-02-22,1793-05-12,1793-02-22,1793-05-12,RANGE,RELATION_WINDOW_DERIVED: 05-12 장계 기록(주장); 행위 시점은 도난 이후,True,B,initial_collective_testimony_partly_refined_later,E086,E086,kim_case_1793,초기 공동조사 공초는 구순이 교졸과 결탁하고 미워하던 사람들의 이름을 넘겼다고 보고.,정조실록,https://sillok.history.go.kr/id/kva_11705012_003,NIKH_SILLOK,OBSERVED (relation) + DERIVED (time window),NA,P4c_KIM_CASE_1793-05
X_E056,P_LEE_JOWON,GUSUN_1793PLUS,INVESTIGATION,INVESTIGATION,REPORTS_INVESTIGATION,1793-05-27,1793-05-27,1793-05-27,1793-05-27,1793-05-27,1793-05-27,1793-05-27,EXACT_DAY,CSV_DATE_AS_GIVEN (관계=사건 시점에 관측),True,A,undercover_inspector_report,E056,E056,kim_case_1793,암행어사 이조원이 구순이 김명신을 모함해 옥사시켰다는 취지의 별단과 보고를 제출.,비변사등록,https://db.history.go.kr/common/compareViewer.do?levelId=bb_181r_001_05_0510&type=joseon,NIKH_KOREAN_HISTORY_DB,OBSERVED,NA,P4c_KIM_CASE_1793-05
X_E057,P_LEE_JOWON,P_HAN_JAEUK,ACCUSATION,CONFLICT,CLAIMS_HOUSEHOLD_CLIENT_LINK,1793-05-27,1793-05-27,1793-05-27,1793-05-27,1793-05-27,1793-05-27,1793-05-27,EXACT_DAY,CSV_DATE_AS_GIVEN (관계=사건 시점에 관측),True,B_SUPERSEDED_BY_E061,contested_initial_report,E057,E057,kim_case_1793,이조원은 병영의 천비가 구순의 가객이라서 구순의 부탁대로 죄안을 단련했다고 보고.,비변사등록,https://db.history.go.kr/common/compareViewer.do?levelId=bb_181r_001_05_0510&type=joseon,NIKH_KOREAN_HISTORY_DB,OBSERVED,NA,P4c_KIM_CASE_1793-05
X_E058,P_JEONGJO,P_LEE_JOWON,PUNISHMENT,PUNISHMENT,DISMISSES_FOR_PROCEDURAL_FAILURE,1793-05-27,1793-05-27,1793-05-27,1793-05-27,1793-05-27,1793-05-27,1793-05-27,EXACT_DAY,CSV_DATE_AS_GIVEN (관계=사건 시점에 관측),True,A,confirmed_primary,E058,E058,kim_case_1793,정조는 중대한 말을 듣고도 현장에서 즉시 안핵하지 않고 전언을 별단에 넣은 이조원을 파직.,비변사등록,https://db.history.go.kr/common/compareViewer.do?levelId=bb_181r_001_05_0510&type=joseon,NIKH_KOREAN_HISTORY_DB,OBSERVED,NA,P4c_KIM_CASE_1793-05
X_E059,P_JEONGJO,GUSUN_1793PLUS,INVESTIGATION,INVESTIGATION,ORDERS_REPEATED_INTERROGATION,1793-05-27,1793-05-27,1793-05-27,1793-05-27,1793-05-27,1793-05-27,1793-05-27,EXACT_DAY,CSV_DATE_AS_GIVEN (관계=사건 시점에 관측),True,A,confirmed_primary,E059,E059,kim_case_1793,정조는 국청 설치까지는 과하다고 보고 의금부에서 엄히 가두고 반복 조사하여 실정을 밝히도록 명함.,비변사등록,https://db.history.go.kr/common/compareViewer.do?levelId=bb_181r_001_05_0510&type=joseon,NIKH_KOREAN_HISTORY_DB,OBSERVED,NA,P4c_KIM_CASE_1793-05
X_E060,P_HONG_DAEHYEOP,GUSUN_1793PLUS,REEXAMINATION,INVESTIGATION,REINVESTIGATES_AND_REVISES_FACTS,1793-06-13,1793-06-13,1793-06-13,1793-06-13,1793-06-13,1793-06-13,1793-06-13,EXACT_DAY,CSV_DATE_AS_GIVEN (관계=사건 시점에 관측),True,A,final_investigation_finding,E060,E060,kim_case_1793,"홍대협의 안핵 결과, 도난은 전부 허구가 아니라 약간의 실제 절도가 있었고 구순이 과장·의혹화하여 원한 관계자들이 옥사에 엮이게 한 것으로 정리.",정조실록,https://sillok.history.go.kr/id/kva_11706013_003,NIKH_SILLOK,OBSERVED,NA,P4d_KIM_CASE_1793-06
X_E061,P_HAN_JAEUK,GUSUN_1793PLUS,TESTIMONY,INVESTIGATION,DENIES_PRIOR_ACQUAINTANCE,1793-06-13,1793-06-13,1793-06-13,1793-06-13,1793-06-13,1793-06-13,1793-06-13,EXACT_DAY,CSV_DATE_AS_GIVEN (관계=사건 시점에 관측),True,B,suspect_testimony_not_independently_verified,E061,E061,kim_case_1793,한재욱은 구순과 평생 서로 알지 못했다고 진술.,정조실록,https://sillok.history.go.kr/id/kva_11706013_003,NIKH_SILLOK,OBSERVED,NA,P4d_KIM_CASE_1793-06
X_E062,P_HONG_DAEHYEOP,P_KIM_MYEONGSIN,REEXAMINATION,INVESTIGATION,FINDS_DEATH_BY_DISEASE,1793-06-13,1793-06-13,1793-06-13,1793-06-13,1793-06-13,1793-06-13,1793-06-13,EXACT_DAY,CSV_DATE_AS_GIVEN (관계=사건 시점에 관측),True,A,final_investigation_finding,E062,E062,kim_case_1793,"최종 안핵은 김명신의 죽음이 질병에 따른 것으로 보았고, 정조는 김명신이 장형도 평문도 받지 않았다고 정리.",정조실록,https://sillok.history.go.kr/id/kva_11706013_003,NIKH_SILLOK,OBSERVED,NA,P4d_KIM_CASE_1793-06
X_E063,P_LEE_GWANGSEOP,GUSUN_1793PLUS,FRIENDLY_ASSOCIATION,PRIVATE_SOCIAL,SIDES_WITH_AFTER_FAMILY_FEUD,1793-06-13,UNKNOWN,UNKNOWN,1793-02-22,1793-05-12,1793-02-22,1793-05-12,RANGE,RELATION_WINDOW_DERIVED: 1793-06-13은 국왕 판정 기록일; 편들기는 병영 수사 단계(E028~E054) 중,False,A,royal_final_assessment,E063,E063,kim_case_1793,정조는 이광섭이 구순과의 세혐을 막 씻은 뒤 구순 편을 들었다고 지적.,정조실록,https://sillok.history.go.kr/id/kva_11706013_003,NIKH_SILLOK,OBSERVED (relation) + DERIVED (time window),NA,P4d_KIM_CASE_1793-06
X_E064,P_LEE_GWANGSEOP,P_KIM_MYEONGSIN,INVESTIGATION,INVESTIGATION,BIASED_INVESTIGATION,1793-06-13,UNKNOWN,UNKNOWN,1793-02-22,1793-05-12,1793-02-22,1793-05-12,RANGE,RELATION_WINDOW_DERIVED: 06-13 판정 기록; 편파 수사는 병영 단계 중,True,A,final_investigation_finding,E064,E064,kim_case_1793,최종 판단은 이광섭이 구순의 과장과 간리의 무고를 편신하여 옥안을 억지로 성립시킨 책임을 인정.,정조실록,https://sillok.history.go.kr/id/kva_11706013_003,NIKH_SILLOK,OBSERVED (relation) + DERIVED (time window),NA,P4d_KIM_CASE_1793-06
X_E065,P_LEE_MUNHYEOP,N_INNOCENT_COMMONERS,DETENTION,INVESTIGATION,WRONGFUL_ARRESTS_AND_CASE_FORGING,1793-06-13,UNKNOWN,UNKNOWN,1793-02-22,1793-05-12,1793-02-22,1793-05-12,RANGE,RELATION_WINDOW_DERIVED: 06-13 판정 기록; 오착·단련은 병영 단계 중,True,A,final_investigation_finding,E065,E065,kim_case_1793,최종 조사에서 이문협은 장물을 먼저 확보하지 않고 교졸을 풀어 평민을 잘못 잡고 병영 비장 지휘에 따라 단련한 책임이 지적됨.,정조실록,https://sillok.history.go.kr/id/kva_11706013_003,NIKH_SILLOK,OBSERVED (relation) + DERIVED (time window),NA,P4d_KIM_CASE_1793-06
X_E066,P_JEONGJO,GUSUN_1793PLUS,PUNISHMENT,PUNISHMENT,DEATH_REDUCED_REMOTE_ISLAND_EXILE,1793-06-13,1793-06-13,1793-06-13,1793-06-13,1793-06-13,1793-06-13,1793-06-13,EXACT_DAY,CSV_DATE_AS_GIVEN (관계=사건 시점에 관측),True,A,final_sentence,E066,E066,kim_case_1793,구순을 의금부에 엄히 가둔 죄인으로서 사형을 감하여 절도정배하고 신지도에 배소.,정조실록,https://sillok.history.go.kr/id/kva_11706013_003,NIKH_SILLOK,OBSERVED,NA,P4d_KIM_CASE_1793-06
X_E067,P_JEONGJO,P_LEE_GWANGSEOP,PUNISHMENT,PUNISHMENT,REMOTE_EXILE,1793-06-13,1793-06-13,1793-06-13,1793-06-13,1793-06-13,1793-06-13,1793-06-13,EXACT_DAY,CSV_DATE_AS_GIVEN (관계=사건 시점에 관측),True,A,final_sentence,E067,E067,kim_case_1793,이광섭을 먼 곳에 정배하고 영동현을 배소로 정함.,정조실록,https://sillok.history.go.kr/id/kva_11706013_003,NIKH_SILLOK,OBSERVED,NA,P4d_KIM_CASE_1793-06
X_E068,P_JEONGJO,P_HAN_JAEUK,PUNISHMENT,PUNISHMENT,HEAVY_FLOGGING_AND_ENSLAVEMENT,1793-06-13,1793-06-13,1793-06-13,1793-06-13,1793-06-13,1793-06-13,1793-06-13,EXACT_DAY,CSV_DATE_AS_GIVEN (관계=사건 시점에 관측),True,A,final_sentence,E068,E068,kim_case_1793,한재욱에게 엄한 형장을 세 차례 집행하고 원도에 노비로 삼는 처분.,정조실록,https://sillok.history.go.kr/id/kva_11706013_003,NIKH_SILLOK,OBSERVED,NA,P4d_KIM_CASE_1793-06
X_E069,P_JEONGJO,P_LEE_HYEONGWON,PUNISHMENT,PUNISHMENT,DISMISSES_FOR_REPORT_DISCREPANCY,1793-06-13,1793-06-13,1793-06-13,1793-06-13,1793-06-13,1793-06-13,1793-06-13,EXACT_DAY,CSV_DATE_AS_GIVEN (관계=사건 시점에 관측),True,A,final_sentence,E069,E069,kim_case_1793,초기 장계와 후속 조사 결과의 차이가 커 충청감사 이형원을 파직.,정조실록,https://sillok.history.go.kr/id/kva_11706013_003,NIKH_SILLOK,OBSERVED,NA,P4d_KIM_CASE_1793-06
X_E076,P_JEONGJO,GUSUN_1793PLUS,PUNISHMENT,PUNISHMENT,TRANSFER_EXILE,1794-10-15,1794-10-15,1794-10-15,1794-10-15,1794-10-15,1794-10-15,1794-10-15,EXACT_DAY,CSV_DATE_AS_GIVEN (관계=사건 시점에 관측),True,A,confirmed_primary,E076,E076,post_sentence,의금부·형조 도류안을 들여 검토한 뒤 구순을 신지도에서 백령도로 이배.,승정원일기,https://sjw.history.go.kr/search/inspectionDayList.do?wday=17941015L0,NIKH_SEUNGJEONGWON,OBSERVED,NA,P5_POST_SENTENCE_1794_1798
X_E077,P_JEONGJO,P_HAN_JAEUK,PUNISHMENT,PUNISHMENT,TRANSFER_EXILE,1794-10-15,1794-10-15,1794-10-15,1794-10-15,1794-10-15,1794-10-15,1794-10-15,EXACT_DAY,CSV_DATE_AS_GIVEN (관계=사건 시점에 관측),True,A,confirmed_primary,E077,E077,post_sentence,같은 도류안 검토에서 한재욱도 여도에서 오차포로 이배.,승정원일기,https://sjw.history.go.kr/search/inspectionDayList.do?wday=17941015L0,NIKH_SEUNGJEONGWON,OBSERVED,NA,P5_POST_SENTENCE_1794_1798
X_E080,P_LEE_UIJUN,GUSUN_1793PLUS,REPORT,INVESTIGATION,REPORTS_TERM_EXPIRED,1798-02-21,1798-02-21,1798-02-21,1798-02-21,1798-02-21,1798-02-21,1798-02-21,EXACT_DAY,CSV_DATE_AS_GIVEN (관계=사건 시점에 관측),True,A,confirmed_primary,E080,E080,post_sentence,황해감사 이의준이 구순의 도 3년 형기가 찼다고 보고.,승정원일기,https://sjw.history.go.kr/id/SJW-G22020210-03000,NIKH_SEUNGJEONGWON,OBSERVED,NA,P5_POST_SENTENCE_1794_1798
X_E081,P_UIGEUMBU,GUSUN_1793PLUS,REEXAMINATION,INVESTIGATION,RECOMMENDS_RELEASE,1798-02-21,1798-02-21,1798-02-21,1798-02-21,1798-02-21,1798-02-21,1798-02-21,EXACT_DAY,CSV_DATE_AS_GIVEN (관계=사건 시점에 관측),True,A,confirmed_primary,E081,E081,post_sentence,의금부가 형기 만료를 확인하고 전례대로 방송하도록 품처.,승정원일기,https://sjw.history.go.kr/id/SJW-G22020210-03000,NIKH_SEUNGJEONGWON,OBSERVED,NA,P5_POST_SENTENCE_1794_1798
X_E082,P_JEONGJO,GUSUN_1793PLUS,PUNISHMENT,PUNISHMENT,RELEASES,1798-02-21,1798-02-21,1798-02-21,1798-02-21,1798-02-21,1798-02-21,1798-02-21,EXACT_DAY,CSV_DATE_AS_GIVEN (관계=사건 시점에 관측),True,A,final_release,E082,E082,post_sentence,정조가 의금부의 구순 방면 건의를 윤허.,승정원일기,https://sjw.history.go.kr/id/SJW-G22020210-03000,NIKH_SEUNGJEONGWON,OBSERVED,NA,P5_POST_SENTENCE_1794_1798
X_D01,P_GU_SEDEOK,GUSUN_PRE1793,KINSHIP,KINSHIP,FATHER_OF (CSV role),UNKNOWN,UNKNOWN,UNKNOWN,UNKNOWN,UNKNOWN,UNKNOWN,UNKNOWN,UNKNOWN,관측 시점=1763-01-13 (관계의 시작·종료는 CSV에 없음),False,B_REDUCED,역할필드 father_of_candidate_gu / '아들(후대 관계자료와 결합)'. 근거로 언급된 1782 행은 CSV에 없음,I002;I003,I003,identity_background,구세덕이 개천군수로 하직하는 기록.,승정원일기,https://sjw.history.go.kr/search/inspectionDayList.do?wday=17630113L0,NIKH_SEUNGJEONGWON,DERIVED,"rule D01; check_names=['구세덕', '구순']",P1_CAREER_1777_1783
X_D02,GUSUN_PRE1793,P_RYU_HYOWON,KINSHIP,KINSHIP,COUSIN '종형' (CSV label),1787-01-03,UNKNOWN,UNKNOWN,UNKNOWN,UNKNOWN,UNKNOWN,UNKNOWN,UNKNOWN,관측 시점=1787-01-03 (관계의 시작·종료는 CSV에 없음),False,A,object_office_status='구순의 종형'. 성씨가 달라 친족 경로(부계/외가/인척)는 UNRESOLVED,E021,E021,false_accusation_1787,구순이 종형 유효원을 이윤빈의 동정자로 엮고 자신이 증인이 된 행위가 지적됨.,승정원일기,https://sjw.history.go.kr/search/inspectionDayList.do?wday=17870103L0,NIKH_SEUNGJEONGWON,DERIVED,"rule D02; check_names=['유효원', '종형']",P3_FALSE_ACCUSATION_1787
X_D03,P_SHIN_U_MUN,GUSUN_PRE1793,OFFICIAL_SUPERIOR,OFFICIAL,上官 (CSV support note),1784-03-17,1784-03-17,1784-03-17,1784-03-17,1784-03-17,1784-03-17,1784-03-17,EXACT_DAY,RELATION_WINDOW_DERIVED from source row,True,A,role=institutional_superior; '具純之爲下官而凌侮上官者',E009,E009,administrative_conflict,자기 고을 아전이 처벌된 데 화가 난 구순의 대응이 상관을 능멸한 행위로 문제화됨.,승정원일기,https://sjw.history.go.kr/id/SJW-G08030170-02000,NIKH_SEUNGJEONGWON,DERIVED,"rule D03; check_names=['신우문', '上官']",P2_YEONGHEUNG_EXILE_1784
X_D04,GUSUN_PRE1793,P_LEE_YUNBIN,OFFICIAL_COLLEAGUE,OFFICIAL,both 별군직 at record,1787-01-03,1787-01-03,1787-01-03,1787-01-03,1787-01-03,1787-01-03,1787-01-03,EXACT_DAY,RELATION_WINDOW_DERIVED from source row,False,A,E019 subject/object_office_status 모두 '별군직',E019,E019,false_accusation_1787,구순과 이윤빈 사이에 기존의 틈(有隙)이 있었다고 실록이 명시.,정조실록,https://sillok.history.go.kr/id/kva_11101003_003,NIKH_SILLOK,DERIVED,"rule D04; check_names=['이윤빈', '별군직']",P3_FALSE_ACCUSATION_1787
X_D05,P_JO_HAKSIN,GUSUN_PRE1793,TESTIMONY,INVESTIGATION,testified to 구순's urging,1787-01-03,UNKNOWN,UNKNOWN,UNKNOWN,1787-01-03,UNKNOWN,1787-01-03,BEFORE,RELATION_WINDOW_DERIVED from source row,True,A,'조학신이 장전 친문에서 구순의 종용을 받았다고 진술',E022,E022,false_accusation_1787,조학신이 장전 친문에서 구순의 종용을 받았다고 진술한 것으로 기록됨.,승정원일기,https://sjw.history.go.kr/search/inspectionDayList.do?wday=17870103L0,NIKH_SEUNGJEONGWON,DERIVED,"rule D05; check_names=['조학신', '진술']",P3_FALSE_ACCUSATION_1787
X_D06,P_NABOK,GUSUN_1793PLUS,HOUSEHOLD,HOUSEHOLD,구순 집 종,1793-02-22,UNKNOWN,UNKNOWN,UNKNOWN,UNKNOWN,UNKNOWN,UNKNOWN,UNKNOWN,관측 시점=1793-02-22 (관계의 시작·종료는 CSV에 없음),False,A,subject_office_status='구순 집 종',E028,E028,kim_case_1793,나복이 명업을 불러 도적 30여 명이 들어 돈과 물품을 훔쳤다고 알림.,정조실록,https://sillok.history.go.kr/id/kva_11706013_003,NIKH_SILLOK,DERIVED,"rule D06; check_names=['나복', '구순 집 종']",P4a_KIM_CASE_1793-02
X_D07,P_MYEONGEOP,GUSUN_1793PLUS,HOUSEHOLD,HOUSEHOLD,구순 여종의 남편 (indirect),1793-02-22,UNKNOWN,UNKNOWN,UNKNOWN,UNKNOWN,UNKNOWN,UNKNOWN,UNKNOWN,관측 시점=1793-02-22 (관계의 시작·종료는 CSV에 없음),False,B,object_office_status='사노·구순 여종의 남편' — 간접 가내 연결,E028,E028,kim_case_1793,나복이 명업을 불러 도적 30여 명이 들어 돈과 물품을 훔쳤다고 알림.,정조실록,https://sillok.history.go.kr/id/kva_11706013_003,NIKH_SILLOK,DERIVED,"rule D07; check_names=['명업', '구순 여종의 남편']",P4a_KIM_CASE_1793-02
X_D08,P_KIM_MYEONGSIN,GUSUN_1793PLUS,NEIGHBOR,PRIVATE_SOCIAL,구순 이웃,1793-02,UNKNOWN,UNKNOWN,UNKNOWN,UNKNOWN,UNKNOWN,UNKNOWN,UNKNOWN,관측 시점=1793-02 (관계의 시작·종료는 CSV에 없음),False,A,subject_office_status='반족·구순 이웃',E026,E026,kim_case_1793,김명신과 구순은 본래 친숙하여 날마다 상종했다고 명업이 진술.,정조실록,https://sillok.history.go.kr/id/kva_11706013_003,NIKH_SILLOK,DERIVED,"rule D08; check_names=['김명신', '이웃']",P4a_KIM_CASE_1793-02
X_D09,N_HOUSE_SERVANTS,GUSUN_1793PLUS,HOUSEHOLD,HOUSEHOLD,구순 집 하인,1793-05-12,UNKNOWN,UNKNOWN,UNKNOWN,UNKNOWN,UNKNOWN,UNKNOWN,UNKNOWN,관측 시점=1793-05-12 (관계의 시작·종료는 CSV에 없음),False,B,object_office_status='구순 집 하인 집단',E085,E085,kim_case_1793,초기 공동조사 공초는 구순이 행랑 하인들에게 소문을 퍼뜨리도록 시켰다고 보고.,정조실록,https://sillok.history.go.kr/id/kva_11705012_003,NIKH_SILLOK,DERIVED,"rule D09; check_names=['행랑 하인들', '구순 집 하인']",P4c_KIM_CASE_1793-05
X_D10,P_HAN_JAEUK,P_JO_GYEWAN,COMMAND,OFFICIAL,ORDERS_ARREST (summary),1793-02-28,1793-02-28,1793-02-28,1793-02-28,1793-02-28,1793-02-28,1793-02-28,EXACT_DAY,RELATION_WINDOW_DERIVED from source row,True,A,E031 요약 '한재욱이 이진욱·조계완 등에게 … 잡으라고 지시',E031,E031,kim_case_1793,한재욱이 이진욱·조계완 등에게 변지돌·정원돌을 잡으라고 지시.,정조실록,https://sillok.history.go.kr/id/kva_11706013_003,NIKH_SILLOK,DERIVED,"rule D10; check_names=['한재욱', '조계완']",P4a_KIM_CASE_1793-02
X_D11,P_HAN_JAEUK,P_BYEON_JIDEUL,DETENTION,INVESTIGATION,arrest order target,1793-02-28,1793-02-28,1793-02-28,1793-02-28,1793-02-28,1793-02-28,1793-02-28,EXACT_DAY,RELATION_WINDOW_DERIVED from source row,True,A,E031 요약의 체포 대상,E031,E031,kim_case_1793,한재욱이 이진욱·조계완 등에게 변지돌·정원돌을 잡으라고 지시.,정조실록,https://sillok.history.go.kr/id/kva_11706013_003,NIKH_SILLOK,DERIVED,rule D11; check_names=['변지돌'],P4a_KIM_CASE_1793-02
X_D12,P_HAN_JAEUK,P_JEONG_WONDOL,DETENTION,INVESTIGATION,arrest order target,1793-02-28,1793-02-28,1793-02-28,1793-02-28,1793-02-28,1793-02-28,1793-02-28,EXACT_DAY,RELATION_WINDOW_DERIVED from source row,True,A,E031 요약의 체포 대상,E031,E031,kim_case_1793,한재욱이 이진욱·조계완 등에게 변지돌·정원돌을 잡으라고 지시.,정조실록,https://sillok.history.go.kr/id/kva_11706013_003,NIKH_SILLOK,DERIVED,rule D12; check_names=['정원돌'],P4a_KIM_CASE_1793-02
X_D13,GUSUN_1793PLUS,P_KIM_MYEONGSIN,ACCUSATION,CONFLICT,names as 'very suspicious' to 유제희,1793-03,1793-03,1793-03,1793-03-01,1793-03-30,1793-03-01,1793-03-30,YEAR_MONTH,RELATION_WINDOW_DERIVED from source row,True,A,E038 요약 '구순이 풍각 김상제(김명신)도 매우 수상하다고 말했다',E038,E038,kim_case_1793,유제희가 탐문할 때 구순이 풍각 김상제(김명신)도 매우 수상하다고 말했다고 유제희가 진술.,정조실록,https://sillok.history.go.kr/id/kva_11706013_003,NIKH_SILLOK,DERIVED,"rule D13; check_names=['김명신', '수상']",P4b_KIM_CASE_1793-03
X_D14,P_YU_JEHUI,P_KIM_MYEONGSIN,INVESTIGATION,INVESTIGATION,ENTERS_SUSPECT_LIST (summary),1793-03,1793-03,1793-03,1793-03-01,1793-03-30,1793-03-01,1793-03-30,YEAR_MONTH,RELATION_WINDOW_DERIVED from source row,True,A,E039 요약의 혐의자 명단에 김명신 포함 (E070–E075에는 김명신 행이 없음),E039,E039,kim_case_1793,유제희가 변지돌·변재돌·정원돌·김명신·김성손·김흥득·김흥길의 이름을 적어 병영에 보고했다고 한재욱이 진술.,정조실록,https://sillok.history.go.kr/id/kva_11706013_003,NIKH_SILLOK,DERIVED,"rule D14; check_names=['김명신', '유제희']",P4b_KIM_CASE_1793-03
X_D15,GUSUN_1793PLUS,P_LEE_GWANGSEOP,OTHER,OTHER,letter to 병사 via 조계완 (content unknown),1793-03-04,1793-03-04,1793-03-04,1793-03-04,1793-03-04,1793-03-04,1793-03-04,EXACT_DAY,RELATION_WINDOW_DERIVED from source row,True,B,'병사에게 전할 편지' — 병사=이광섭 대응은 CSV 매핑(E035). 편지 내용 미상,E037,E037,kim_case_1793,김명신 체포 길에 들른 조계완에게 구순이 병사에게 전할 편지를 건넸다고 조계완이 진술.,정조실록,https://sillok.history.go.kr/id/kva_11706013_003,NIKH_SILLOK,DERIVED,"rule D15; check_names=['병사', '편지']",P4b_KIM_CASE_1793-03
X_D16,P_LEE_GWANGSEOP,P_LEE_MUNHYEOP,COMMAND,OFFICIAL,영장이 병사의 명령을 따름,1793-05-12,UNKNOWN,UNKNOWN,1793-02-22,1793-05-12,1793-02-22,1793-05-12,RANGE,RELATION_WINDOW_DERIVED from source row,True,A,E052 요약 '병사의 명령만 따르며 방관',E052,E052,kim_case_1793,이문협이 수사를 병영 비장에게 맡기고 병사의 명령만 따르며 방관했다고 관찰사가 비판.,정조실록,https://sillok.history.go.kr/id/kva_11705012_003,NIKH_SILLOK,DERIVED,"rule D16; check_names=['이문협', '병사의 명령']",P4c_KIM_CASE_1793-05
X_D17,P_LEE_GWANGSEOP,GUSUN_1793PLUS,CONFLICT,CONFLICT,"家門 世嫌 (prior, family-level)",1793-06-13,UNKNOWN,UNKNOWN,UNKNOWN,1793-05-12,UNKNOWN,1793-05-12,OPEN_INTERVAL,RELATION_WINDOW_DERIVED from source row,True,B,"'구순과의 세혐을 막 씻은 뒤' — 가문 단위 갈등, 개인 간 갈등인지 UNRESOLVED; 시작 미상",E063,E063,kim_case_1793,정조는 이광섭이 구순과의 세혐을 막 씻은 뒤 구순 편을 들었다고 지적.,정조실록,https://sillok.history.go.kr/id/kva_11706013_003,NIKH_SILLOK,DERIVED,"rule D17; check_names=['세혐', '구순']",P4d_KIM_CASE_1793-06
X_D18,GUSUN_1793PLUS,P_HAN_JAEUK,HOUSEHOLD,HOUSEHOLD,CLAIMED 가객 link (contested),1793-05-27,UNKNOWN,UNKNOWN,UNKNOWN,UNKNOWN,UNKNOWN,UNKNOWN,UNKNOWN,관측 시점=1793-05-27 (관계의 시작·종료는 CSV에 없음),False,B_CONTESTED,이조원 보고의 주장. E061에서 한재욱은 구순을 평생 몰랐다고 진술; 최종판정은 확정하지 않음 (superseded_by=E061),E057,E057,kim_case_1793,이조원은 병영의 천비가 구순의 가객이라서 구순의 부탁대로 죄안을 단련했다고 보고.,비변사등록,https://db.history.go.kr/common/compareViewer.do?levelId=bb_181r_001_05_0510&type=joseon,NIKH_KOREAN_HISTORY_DB,DERIVED,"rule D18; check_names=['가객', '한재욱']",P4c_KIM_CASE_1793-05
