policy_event_id,policy_episode_id,broad_domain,policy_group,policy_title,milestone,year,month,day,date_lunar,sort_key,date_precision,calendar_basis,event_kind,policy_scale,google_ai_claim_status,project_relevance,summary,source_title,source_url,verification_status,notes,csv_row_number,date_lunar_preserved,derived_plot_x,derived_plot_date,derived_plot_evidence_status,persistence_class,persistence_basis,context_end_date,project_interval,episode_order,episode_size,data_layer,causal_link_to_gusun,evidence_status
JP001,TANGPYEONG,POLITICS_PERSONNEL,탕평정치,의리의 탕평,정조가 '혼잡의 탕평'이 아니라 '의리의 탕평'을 지향한다고 밝힌 시점,1776,5,16,1776-05-16,17760516,EXACT_DAY,JOSEON_LUNAR,POLICY_PRINCIPLE,NATIONAL,SUPPORTED_WITH_NUANCE,MEDIUM,"영조의 탕평을 단순히 당파를 같은 비율로 나누는 방식으로 계승한 것이 아니라, 의리의 분별과 인재 보합을 함께 강조하는 정조식 탕평 원칙을 표방했다.",우리역사넷 「정조의 탕평론」,https://contents.history.go.kr/front/hm/view.do?levelId=hm_097_0080,CONFIRMED,Google AI의 '탕평책 계승·다양한 당파 등용'은 큰 방향은 맞지만 '고루 등용'이라는 표현은 단순화. 준론·의리의 탕평이라는 성격을 함께 표시.,2,1776-05-16,1776.375,1776-05-16,DERIVED_FOR_VISUALIZATION (명목 음력 소수연도; 양력 환산 아님),POINT_EVENT,event_kind=POLICY_PRINCIPLE → 단일 시점 행위,NA,NA,1,2,POLICY_CONTEXT,NONE — contemporary institutional context — 구순 사건의 원인으로 표시하지 않음,"OBSERVED (policy CSV) + DERIVED (persistence_class, plot_x)"
JP002,GYUJANGGAK,POLITICS_PERSONNEL,규장각·인재양성,규장각 설치,창덕궁 금원 북쪽에 규장각을 세우고 제학·직제학·직각·대교 등을 둠,1776,9,25,1776-09-25,17760925,EXACT_DAY,JOSEON_LUNAR,INSTITUTION_FOUNDING,NATIONAL,SUPPORTED,MEDIUM,왕실 문한·도서 기관으로 출발한 규장각을 설치하고 관원 체계를 두었다. 이후 학술·정책·인재양성의 중심기관으로 기능이 확대됐다.,『정조실록』 정조 즉위년 9월 25일,https://sillok.history.go.kr/id/kva_10009025_002,CONFIRMED,Google AI 설명과 부합.,3,1776-09-25,1776.7333333333333,1776-09-25,DERIVED_FOR_VISUALIZATION (명목 음력 소수연도; 양력 환산 아님),PERSISTENT_INSTITUTIONAL_CONTEXT,event_kind=INSTITUTION_FOUNDING → 제도·규범 성립(규칙),OPEN (CSV에 종료일 없음),NA,1,2,POLICY_CONTEXT,NONE — contemporary institutional context — 구순 사건의 원인으로 표시하지 않음,"OBSERVED (policy CSV) + DERIVED (persistence_class, plot_x)"
JP003,SEOEOL_HUTONG,SOCIAL_STATUS_PERSONNEL,서얼 허통,정유절목 마련,양전에 서류 소통 방도를 강구해 절목을 마련하도록 하고 이조가 절목을 올림,1777,3,21,1777-03-21,17770321,EXACT_DAY,JOSEON_LUNAR,REFORM_RULE,NATIONAL,SUPPORTED,LOW,서얼의 관직 진출을 넓히기 위한 정유절목이 마련되었다. 완전한 신분 철폐가 아니라 허통 범위를 확대하는 인사 개혁이다.,『정조실록』 정조 1년 3월 21일,https://sillok.history.go.kr/id/kva_10103021_001,CONFIRMED,Google AI의 '서얼 차별 완화'는 구체적으로는 이 허통정책으로 표현하는 것이 정확.,4,1777-03-21,1777.2222222222222,1777-03-21,DERIVED_FOR_VISUALIZATION (명목 음력 소수연도; 양력 환산 아님),PERSISTENT_INSTITUTIONAL_CONTEXT,event_kind=REFORM_RULE → 제도·규범 성립(규칙),OPEN (CSV에 종료일 없음),NA,1,2,POLICY_CONTEXT,NONE — contemporary institutional context — 구순 사건의 원인으로 표시하지 않음,"OBSERVED (policy CSV) + DERIVED (persistence_class, plot_x)"
JP004,HEUMHYUL,LEGAL_JUSTICE,형정·수금 개혁,『흠휼전칙』 성립,형구·옥수 관리 등 형정 규범을 정리한 『흠휼전칙』이 이루어짐,1778,1,12,1778-01-12,17780112,EXACT_DAY,JOSEON_LUNAR,LEGAL_STANDARDIZATION,NATIONAL,NOT_IN_GOOGLE_AI_BUT_RELEVANT,HIGH,죄수의 구금·형구·옥중 처우를 보다 엄격하게 규율하고 형정의 자의성을 줄이려 한 정조대 형정 규범이다.,『정조실록』 정조 2년 1월 12일,https://sillok.history.go.kr/id/kva_10201012_002,CONFIRMED,구순–김명신 사건의 장기구금·형벌 문제와 직접 관련성이 높아 Google AI 목록 밖이지만 유지.,5,1778-01-12,1778.0305555555556,1778-01-12,DERIVED_FOR_VISUALIZATION (명목 음력 소수연도; 양력 환산 아님),PERSISTENT_INSTITUTIONAL_CONTEXT,event_kind=LEGAL_STANDARDIZATION → 제도·규범 성립(규칙),OPEN (CSV에 종료일 없음),NA,1,1,POLICY_CONTEXT,NONE — contemporary institutional context — 구순 사건의 원인으로 표시하지 않음,"OBSERVED (policy CSV) + DERIVED (persistence_class, plot_x)"
JP005,GYUJANGGAK,POLITICS_PERSONNEL,규장각·인재양성,검서관 설치,내각에 검서관 4원을 처음 두고 서류 가운데 문예가 있는 사람을 차출,1779,3,27,1779-03-27,17790327,EXACT_DAY,JOSEON_LUNAR,PERSONNEL_INSTITUTION,NATIONAL,SUPPORTED,LOW,규장각에 검서관을 두어 서얼 출신 문인의 등용 통로를 구체화했다.,『정조실록』 정조 3년 3월 27일,https://sillok.history.go.kr/id/kva_10303027_003,CONFIRMED,규장각과 서얼 허통이 결합되는 구체적 인사정책.,6,1779-03-27,1779.2388888888888,1779-03-27,DERIVED_FOR_VISUALIZATION (명목 음력 소수연도; 양력 환산 아님),PERSISTENT_INSTITUTIONAL_CONTEXT,event_kind=PERSONNEL_INSTITUTION → 제도·규범 성립(규칙),OPEN (CSV에 종료일 없음),NA,2,2,POLICY_CONTEXT,NONE — contemporary institutional context — 구순 사건의 원인으로 표시하지 않음,"OBSERVED (policy CSV) + DERIVED (persistence_class, plot_x)"
JP006,CHOGYE,POLITICS_PERSONNEL,초계문신제,초계문신 선발 지시,참상·참하 문신 가운데 연소한 자를 초계하도록 명함,1781,2,17,1781-02-17,17810217,EXACT_DAY,JOSEON_LUNAR,PROGRAM_START,NATIONAL,SUPPORTED,LOW,젊은 문신을 선발해 규장각 중심으로 재교육하는 초계문신제의 시행 단계가 시작됐다.,『정조실록』 정조 5년 2월 17일,https://sillok.history.go.kr/id/kva_10502017_003,CONFIRMED,Google AI의 초계문신제 설명과 부합.,7,1781-02-17,1781.1277777777777,1781-02-17,DERIVED_FOR_VISUALIZATION (명목 음력 소수연도; 양력 환산 아님),PERSISTENT_INSTITUTIONAL_CONTEXT,event_kind=PROGRAM_START → 제도·규범 성립(규칙),OPEN (CSV에 종료일 없음),NA,1,3,POLICY_CONTEXT,NONE — contemporary institutional context — 구순 사건의 원인으로 표시하지 않음,"OBSERVED (policy CSV) + DERIVED (persistence_class, plot_x)"
JP007,CHOGYE,POLITICS_PERSONNEL,초계문신제,강제절목 제정,규장각에서 초계문신 강제절목 25개 조항을 마련,1781,2,18,1781-02-18,17810218,EXACT_DAY,JOSEON_LUNAR,PROGRAM_RULES,NATIONAL,SUPPORTED,LOW,강경·제술·시험·상벌 등 초계문신 교육과정을 제도화했다.,우리역사넷 「초계문신제」,https://contents.history.go.kr/front/hm/view.do?levelId=hm_098_0025,CONFIRMED,우리역사넷이 『정조실록』 정조 5년 2월 18일 기사를 근거로 설명.,8,1781-02-18,1781.1305555555555,1781-02-18,DERIVED_FOR_VISUALIZATION (명목 음력 소수연도; 양력 환산 아님),POINT_EVENT,event_kind=PROGRAM_RULES → 단일 시점 행위,NA,NA,2,3,POLICY_CONTEXT,NONE — contemporary institutional context — 구순 사건의 원인으로 표시하지 않음,"OBSERVED (policy CSV) + DERIVED (persistence_class, plot_x)"
JP008,CHOGYE,POLITICS_PERSONNEL,초계문신제,추가 절목 반포,초계문신 강제에 관한 추가 절목을 반포,1781,3,10,1781-03-10,17810310,EXACT_DAY,JOSEON_LUNAR,PROGRAM_REFINEMENT,NATIONAL,SUPPORTED,LOW,강경과 제술의 분속 및 시험 방식 등 초계문신제의 운영 규정을 보완했다.,『정조실록』 정조 5년 3월 10일,https://sillok.history.go.kr/id/kva_10503010_001,CONFIRMED,Google AI의 인재양성 정책을 일회성 제도가 아니라 운영 규정까지 시간순으로 표시.,9,1781-03-10,1781.1916666666666,1781-03-10,DERIVED_FOR_VISUALIZATION (명목 음력 소수연도; 양력 환산 아님),POINT_EVENT,event_kind=PROGRAM_REFINEMENT → 단일 시점 행위,NA,NA,3,3,POLICY_CONTEXT,NONE — contemporary institutional context — 구순 사건의 원인으로 표시하지 않음,"OBSERVED (policy CSV) + DERIVED (persistence_class, plot_x)"
JP009,SEOEOL_HUTONG,SOCIAL_STATUS_PERSONNEL,서얼 허통,정유절목 재준행 명령,정유절목이 제대로 시행되지 않았음을 지적하고 요직을 제외한 관직에 서얼 허통을 다시 강하게 명함,1785,2,17,1785-02-17,17850217,EXACT_DAY,JOSEON_LUNAR,REFORM_REENFORCEMENT,NATIONAL,SUPPORTED,LOW,1777년 정유절목을 실제 인사에 적용하도록 재차 신칙해 서얼 진출 확대를 재확인했다.,『정조실록』 정조 9년 2월 17일,https://sillok.history.go.kr/id/kva_10902017_002,CONFIRMED,'차별 완화'는 지속적인 시행·재신칙 과정으로 표현.,10,1785-02-17,1785.1277777777777,1785-02-17,DERIVED_FOR_VISUALIZATION (명목 음력 소수연도; 양력 환산 아님),POINT_EVENT,event_kind=REFORM_REENFORCEMENT → 단일 시점 행위,NA,NA,2,2,POLICY_CONTEXT,NONE — contemporary institutional context — 구순 사건의 원인으로 표시하지 않음,"OBSERVED (policy CSV) + DERIVED (persistence_class, plot_x)"
JP010,DAEJEON_TONGPYEON,LEGAL_JUSTICE,법전 정비,『대전통편』 편찬 총재 임명,김치인에게 『대전통편』 편찬을 총재하도록 명함,1785,2,24,1785-02-24,17850224,EXACT_DAY,JOSEON_LUNAR,CODIFICATION_PROCESS,NATIONAL,SUPPORTED,HIGH,기존 법전과 수교를 통합·정비하는 『대전통편』 편찬 작업을 본격적으로 총괄하게 했다.,『정조실록』 정조 9년 2월 24일,https://sillok.history.go.kr/id/kva_10902024_001,CONFIRMED,Google AI의 '법전 정비'를 과정과 반포로 분리.,11,1785-02-24,1785.1472222222221,1785-02-24,DERIVED_FOR_VISUALIZATION (명목 음력 소수연도; 양력 환산 아님),POINT_EVENT,event_kind=CODIFICATION_PROCESS → 단일 시점 행위,NA,NA,1,2,POLICY_CONTEXT,NONE — contemporary institutional context — 구순 사건의 원인으로 표시하지 않음,"OBSERVED (policy CSV) + DERIVED (persistence_class, plot_x)"
JP011,NOBI_ADMIN,SOCIAL_STATUS_PERSONNEL,노비 관련 행정개선,추쇄 포상 관행 혁파,노비 추쇄의 '4구 1상' 관행을 끌어다 쓴 전토 고발 포상법을 폐지하며 추쇄 과정의 침탈 폐단을 비판,1785,7,2,1785-07-02,17850702,EXACT_DAY,JOSEON_LUNAR,ABUSE_REDUCTION,NATIONAL,PARTLY_SUPPORTED_NEEDS_SPECIFICITY,LOW,노비제 자체를 폐지한 것이 아니라 추쇄 과정에서 무뢰배의 침탈과 포상 관행이 낳는 폐단을 줄이려는 조치다.,『정조실록』 정조 9년 7월 2일,https://sillok.history.go.kr/id/kva_10907002_001,CONFIRMED,Google AI의 '노비 차별 완화'는 너무 넓다. 구체적 행정개선으로 표현해야 함.,12,1785-07-02,1785.5027777777777,1785-07-02,DERIVED_FOR_VISUALIZATION (명목 음력 소수연도; 양력 환산 아님),POINT_EVENT,event_kind=ABUSE_REDUCTION → 단일 시점 행위,NA,NA,1,2,POLICY_CONTEXT,NONE — contemporary institutional context — 구순 사건의 원인으로 표시하지 않음,"OBSERVED (policy CSV) + DERIVED (persistence_class, plot_x)"
JP012,JANGYONG,MILITARY_DEFENSE,친위군·장용영,장용위 명명,무예 출신 부대의 칭호를 장용위로 정함,1785,7,2,1785-07-02,17850702,EXACT_DAY,JOSEON_LUNAR,MILITARY_ORGANIZATION,NATIONAL,SUPPORTED_WITH_CHRONOLOGY_NUANCE,MEDIUM,정조 친위군 체계가 장용위라는 명칭으로 정비되었고 이후 장용영으로 확대·개편되는 출발점이 됐다.,『정조실록』 정조 9년 7월 2일,https://sillok.history.go.kr/id/kva_10907002_002,CONFIRMED,Google AI의 '장용영 창설'은 한 날짜로 단순화하면 부정확. 1785 장용위→1788 장용영 확대→1793 수원 외영·내외영 정비의 단계로 표시.,13,1785-07-02,1785.5027777777777,1785-07-02,DERIVED_FOR_VISUALIZATION (명목 음력 소수연도; 양력 환산 아님),PERSISTENT_INSTITUTIONAL_CONTEXT,event_kind=MILITARY_ORGANIZATION → 제도·규범 성립(규칙),OPEN (CSV에 종료일 없음),NA,1,3,POLICY_CONTEXT,NONE — contemporary institutional context — 구순 사건의 원인으로 표시하지 않음,"OBSERVED (policy CSV) + DERIVED (persistence_class, plot_x)"
JP013,DAEJEON_TONGPYEON,LEGAL_JUSTICE,법전 정비,『대전통편』 완성·반포,『대전통편』이 완성되어 인정전에서 친히 받고 중앙과 지방에 분반함,1785,9,11,1785-09-11,17850911,EXACT_DAY,JOSEON_LUNAR,CODIFICATION_PROMULGATION,NATIONAL,SUPPORTED,HIGH,『경국대전』·『속대전』과 이후 수교를 통합해 국가의 전장·법제를 정비한 통합 법전을 반포했다.,『정조실록』 정조 9년 9월 11일,https://sillok.history.go.kr/id/kva_10909011_002,CONFIRMED,Google AI의 1785년 법전 정비 설명과 정확히 부합.,14,1785-09-11,1785.6944444444443,1785-09-11,DERIVED_FOR_VISUALIZATION (명목 음력 소수연도; 양력 환산 아님),PERSISTENT_INSTITUTIONAL_CONTEXT,event_kind=CODIFICATION_PROMULGATION → 제도·규범 성립(규칙),OPEN (CSV에 종료일 없음),NA,2,2,POLICY_CONTEXT,NONE — contemporary institutional context — 구순 사건의 원인으로 표시하지 않음,"OBSERVED (policy CSV) + DERIVED (persistence_class, plot_x)"
JP014,NOBI_ADMIN,SOCIAL_STATUS_PERSONNEL,노비 관련 행정개선,노비 추쇄 폐단 재신칙,추쇄를 쇄관이 아니라 영읍에 맡긴 즉위 초 법령을 재확인하고 가렴주구를 엄금,1786,11,3,1786-11-03,17861103,EXACT_DAY,JOSEON_LUNAR,ABUSE_REDUCTION,NATIONAL,PARTLY_SUPPORTED_NEEDS_SPECIFICITY,LOW,노비 추쇄 행정에서 별도 쇄관과 하리의 침탈을 줄이고 지방관 책임 아래 운영하도록 한 조치를 재강조했다.,『정조실록』 정조 10년 11월 3일,https://sillok.history.go.kr/id/kva_11011003_001,CONFIRMED,노비 '해방'이 아니라 추쇄 행정의 폐단 완화.,15,1786-11-03,1786.838888888889,1786-11-03,DERIVED_FOR_VISUALIZATION (명목 음력 소수연도; 양력 환산 아님),POINT_EVENT,event_kind=ABUSE_REDUCTION → 단일 시점 행위,NA,NA,2,2,POLICY_CONTEXT,NONE — contemporary institutional context — 구순 사건의 원인으로 표시하지 않음,"OBSERVED (policy CSV) + DERIVED (persistence_class, plot_x)"
JP015,JANGYONG,MILITARY_DEFENSE,친위군·장용영,장용영 군안 정비·병력 이속,훈련도감·군기시 등의 병력을 감액해 장용영으로 이속하고 군안을 정비,1788,1,22,1788-01-22,17880122,EXACT_DAY,JOSEON_LUNAR,MILITARY_EXPANSION,NATIONAL,SUPPORTED_WITH_CHRONOLOGY_NUANCE,MEDIUM,1788년에는 이미 장용영 명칭이 사용되며 다른 군영 병력의 이속을 통해 친위군이 확대·정비되고 있었다.,『정조실록』 정조 12년 1월 22일,https://sillok.history.go.kr/id/kva_11201022_003,CONFIRMED,우리역사넷은 1788년을 장용위가 장용영으로 확대·개편된 해로 설명.,16,1788-01-22,1788.0583333333334,1788-01-22,DERIVED_FOR_VISUALIZATION (명목 음력 소수연도; 양력 환산 아님),POINT_EVENT,event_kind=MILITARY_EXPANSION → 단일 시점 행위,NA,NA,2,3,POLICY_CONTEXT,NONE — contemporary institutional context — 구순 사건의 원인으로 표시하지 않음,"OBSERVED (policy CSV) + DERIVED (persistence_class, plot_x)"
JP016,TANGPYEONG,POLITICS_PERSONNEL,탕평정치,채제공 우의정 임명,정조가 남인계 채제공을 친필로 우의정에 특별 임명,1788,2,11,1788-02-11,17880211,EXACT_DAY,JOSEON_LUNAR,PERSONNEL_BALANCING,NATIONAL,SUPPORTED_WITH_NUANCE,LOW,정조대 탕평이 비노론·남인 인재의 고위직 등용으로도 전개되었음을 보여주는 대표적 인사 사례다.,『정조실록』 정조 12년 2월 11일,https://sillok.history.go.kr/id/kva_11202011_005,CONFIRMED,"'여러 당파를 고루 등용'이라는 요약을 뒷받침하는 구체 사례지만, 기계적 균등배분을 뜻하지는 않음.",17,1788-02-11,1788.111111111111,1788-02-11,DERIVED_FOR_VISUALIZATION (명목 음력 소수연도; 양력 환산 아님),POINT_EVENT,event_kind=PERSONNEL_BALANCING → 단일 시점 행위,NA,NA,2,2,POLICY_CONTEXT,NONE — contemporary institutional context — 구순 사건의 원인으로 표시하지 않음,"OBSERVED (policy CSV) + DERIVED (persistence_class, plot_x)"
JP017,HWASEONG,LOCAL_ADMIN_URBAN,수원·화성,현륭원 이장,장헌세자의 원을 수원 화산으로 이장하고 현륭원으로 삼음,1789,10,7,1789-10-07,17891007,EXACT_DAY,JOSEON_LUNAR,URBAN_PROJECT_PRELUDE,REGIONAL_STRATEGIC,SUPPORTED,MEDIUM,현륭원 이장은 이후 수원 읍치 재편과 화성 건설의 핵심 전제가 된 정치·도시 프로젝트였다.,『정조실록』 정조 13년 10월 7일,https://sillok.history.go.kr/id/kva_11310007_001,CONFIRMED,Google AI의 '사도세자 묘를 수원으로 옮기면서 화성을 건설'이라는 설명의 선행 단계.,18,1789-10-07,1789.7666666666667,1789-10-07,DERIVED_FOR_VISUALIZATION (명목 음력 소수연도; 양력 환산 아님),POINT_EVENT,event_kind=URBAN_PROJECT_PRELUDE → 단일 시점 행위,NA,NA,1,5,POLICY_CONTEXT,NONE — contemporary institutional context — 구순 사건의 원인으로 표시하지 않음,"OBSERVED (policy CSV) + DERIVED (persistence_class, plot_x)"
JP018,SINHAE_TONGGONG,ECONOMY_COMMERCE,상업개혁,신해통공 시행,육의전을 제외한 시전의 금난전권을 해제하여 통공·화매를 허용,1791,1,25,1791-01-25,17910125,EXACT_DAY,JOSEON_LUNAR,MARKET_REFORM,NATIONAL_CAPITAL,SUPPORTED,MEDIUM,육의전을 제외한 일반 시전의 금난전권을 폐지해 사상인의 자유로운 매매 공간을 넓힌 상업정책이다.,『정조실록』 정조 15년 1월 25일,https://sillok.history.go.kr/id/kva_11501025_001,CONFIRMED,Google AI 설명과 부합. '자유로운 상업 활동'은 주로 서울 시전·난전 질서의 개편이라는 공간적 한계를 함께 표시.,19,1791-01-25,1791.0666666666666,1791-01-25,DERIVED_FOR_VISUALIZATION (명목 음력 소수연도; 양력 환산 아님),PERSISTENT_INSTITUTIONAL_CONTEXT,event_kind=MARKET_REFORM → 제도·규범 성립(규칙),OPEN (CSV에 종료일 없음),NA,1,1,POLICY_CONTEXT,NONE — contemporary institutional context — 구순 사건의 원인으로 표시하지 않음,"OBSERVED (policy CSV) + DERIVED (persistence_class, plot_x)"
JP019,MUWONROK,LEGAL_JUSTICE,검험·법의학,『증수무원록』 간행·반포 명령,교서관에 『증수무원록』 1권과 언해 2권을 간행해 널리 반포하도록 명함,1792,11,20,1792-11-20,17921120,EXACT_DAY,JOSEON_LUNAR,FORENSIC_STANDARDIZATION,NATIONAL,NOT_IN_GOOGLE_AI_BUT_RELEVANT,HIGH,살인사건 검험 지식을 정비·보급하는 정조대 법의학·검험 표준화의 핵심 조치다.,『정조실록』 정조 16년 11월 20일,https://sillok.history.go.kr/id/kva_11611020_002,CONFIRMED,구순–김명신 사건 및 《시》의 형사절차·검험 주제와 직접 관련성이 높아 유지.,20,1792-11-20,1792.8861111111112,1792-11-20,DERIVED_FOR_VISUALIZATION (명목 음력 소수연도; 양력 환산 아님),PERSISTENT_INSTITUTIONAL_CONTEXT,event_kind=FORENSIC_STANDARDIZATION → 제도·규범 성립(규칙),OPEN (CSV에 종료일 없음),NA,1,1,POLICY_CONTEXT,NONE — contemporary institutional context — 구순 사건의 원인으로 표시하지 않음,"OBSERVED (policy CSV) + DERIVED (persistence_class, plot_x)"
JP020,JANGYONG,MILITARY_DEFENSE,친위군·장용영,화성 유수·장용외사 체계 정비,수원부를 화성으로 바꾸고 부사를 유수로 승격해 장용외사를 겸하게 하는 등 장용영·화성 체계를 정비,1793,1,12,1793-01-12,17930112,EXACT_DAY,JOSEON_LUNAR,MILITARY_LOCAL_REORGANIZATION,REGIONAL_STRATEGIC,SUPPORTED_WITH_CHRONOLOGY_NUANCE,MEDIUM,장용영의 수원 외영과 화성의 지방행정·군사 체제가 결합되며 친위군 체계가 크게 확대·정비됐다.,『정조실록』 정조 17년 1월 12일,https://sillok.history.go.kr/id/kva_11701012_002,CONFIRMED,장용영을 단순히 1793년에 '처음 창설'했다고 쓰지 말고 1785→1788→1793의 발전 단계로 표시.,21,1793-01-12,1793.0305555555556,1793-01-12,DERIVED_FOR_VISUALIZATION (명목 음력 소수연도; 양력 환산 아님),POINT_EVENT,event_kind=MILITARY_LOCAL_REORGANIZATION → 단일 시점 행위,NA,NA,3,3,POLICY_CONTEXT,NONE — contemporary institutional context — 구순 사건의 원인으로 표시하지 않음,"OBSERVED (policy CSV) + DERIVED (persistence_class, plot_x)"
JP021,HWASEONG,LOCAL_ADMIN_URBAN,수원·화성,수원성 축조 하명,팔달산 일대 성터를 살펴보고 수원성 축조의 대강을 하명,1794,1,15,1794-01-15,17940115,EXACT_DAY,JOSEON_LUNAR,FORTRESS_CONSTRUCTION,REGIONAL_STRATEGIC,SUPPORTED,MEDIUM,정조가 성터와 수문·성곽 배치를 직접 살피며 화성 축성을 본격적으로 지휘했다.,『정조실록』 정조 18년 1월 15일,https://sillok.history.go.kr/id/kva_11801015_001,CONFIRMED,Google AI의 수원 화성 축조 설명과 부합.,22,1794-01-15,1794.0388888888888,1794-01-15,DERIVED_FOR_VISUALIZATION (명목 음력 소수연도; 양력 환산 아님),POINT_EVENT,event_kind=FORTRESS_CONSTRUCTION → 단일 시점 행위,NA,화성 축성 사업 (1794 하명 → 1796 성역 종료): 1794-01-15 → 1796-09-10 (둘 다 CSV milestone),2,5,POLICY_CONTEXT,NONE — contemporary institutional context — 구순 사건의 원인으로 표시하지 않음,"OBSERVED (policy CSV) + DERIVED (persistence_class, plot_x)"
JP022,HWASEONG,LOCAL_ADMIN_URBAN,수원·화성,수원부 성 완성,실록에 수원부의 성이 완성되었다고 기록,1796,8,19,1796-08-19,17960819,EXACT_DAY,JOSEON_LUNAR,FORTRESS_COMPLETION,REGIONAL_STRATEGIC,SUPPORTED,MEDIUM,화성 성곽 공사의 물리적 완성을 기록한 시점이다.,『정조실록』 정조 20년 8월 19일,https://sillok.history.go.kr/search/inspectionDayList.do?did=kva_12008018&id=kva_120080,CONFIRMED,9월 10일의 '성역 종료'와 구분해 표시.,23,1796-08-19,1796.6333333333334,1796-08-19,DERIVED_FOR_VISUALIZATION (명목 음력 소수연도; 양력 환산 아님),POINT_EVENT,event_kind=FORTRESS_COMPLETION → 단일 시점 행위,NA,NA,3,5,POLICY_CONTEXT,NONE — contemporary institutional context — 구순 사건의 원인으로 표시하지 않음,"OBSERVED (policy CSV) + DERIVED (persistence_class, plot_x)"
JP023,HWASEONG,LOCAL_ADMIN_URBAN,수원·화성,화성 성역 종료,화성 축성의 성역이 종료됨,1796,9,10,1796-09-10,17960910,EXACT_DAY,JOSEON_REGNAL_DATE,PROJECT_CLOSE,REGIONAL_STRATEGIC,SUPPORTED,MEDIUM,1794년부터 이어진 화성 축성 사업의 공식 공역 종료 시점으로 정리된다.,우리역사넷 「수원 화성」,https://contents.history.go.kr/mobile/kc/view.do?code=kc_age_30&levelId=kc_r300890,CONFIRMED_SECONDARY_OFFICIAL,실록의 8월 19일 '성이 완성되다'와 모순이 아니라 물리적 완성과 전체 성역 종료를 구분한 것.,24,1796-09-10,1796.6916666666666,1796-09-10,DERIVED_FOR_VISUALIZATION (명목 음력 소수연도; 양력 환산 아님),POINT_EVENT,event_kind=PROJECT_CLOSE → 단일 시점 행위,NA,NA,4,5,POLICY_CONTEXT,NONE — contemporary institutional context — 구순 사건의 원인으로 표시하지 않음,"OBSERVED (policy CSV) + DERIVED (persistence_class, plot_x)"
JP024,HWASEONG,LOCAL_ADMIN_URBAN,수원·화성,낙성연,화성 축성 완료를 기념하는 낙성연을 베풂,1796,10,9,1796-10-09,17961009,EXACT_DAY,JOSEON_REGNAL_DATE,COMPLETION_CEREMONY,REGIONAL_STRATEGIC,SUPPORTED,LOW,화성 성역의 종료 이후 낙성을 기념하는 연회를 거행했다.,우리역사넷 「수원 화성」,https://contents.history.go.kr/mobile/kc/view.do?code=kc_age_30&levelId=kc_r300890,CONFIRMED_SECONDARY_OFFICIAL,축성 정책의 종결 의례로 표시.,25,1796-10-09,1796.7722222222221,1796-10-09,DERIVED_FOR_VISUALIZATION (명목 음력 소수연도; 양력 환산 아님),POINT_EVENT,event_kind=COMPLETION_CEREMONY → 단일 시점 행위,NA,NA,5,5,POLICY_CONTEXT,NONE — contemporary institutional context — 구순 사건의 원인으로 표시하지 않음,"OBSERVED (policy CSV) + DERIVED (persistence_class, plot_x)"
