link_id,identity_a,identity_b,evidence_code,evidence_kind,event_ids,description,evidence_status
L01,R2_JUNGHWA_BUSA_1778,R4_BAENGNYEONG_CHEOMSA_1781,SAME_HANJA_NAME,SUPPORT,E003;I004,두 기록 모두 具純,OBSERVED
L01,R2_JUNGHWA_BUSA_1778,R4_BAENGNYEONG_CHEOMSA_1781,EXPLICIT_CROSS_REFERENCE,SUPPORT,I004,"국왕이 백령 파견 취지를 '중화의 비정을 씻게 하려는 것'이라 명시 (claim_status=explicit_identity_link, A)",OBSERVED
L02,R1_SEONJEON_BYEOLGUN_1777_1779,R2_JUNGHWA_BUSA_1778,SAME_HANJA_NAME,SUPPORT,E001;E003,具純,OBSERVED
L02,R1_SEONJEON_BYEOLGUN_1777_1779,R2_JUNGHWA_BUSA_1778,CHRONOLOGICAL_COMPATIBILITY,SUPPORT,E001;E003,"1777-09 별군직 → 1778-12 중화부사, 날짜 중첩 없음",OBSERVED
L02,R1_SEONJEON_BYEOLGUN_1777_1779,R2_JUNGHWA_BUSA_1778,TEMPORAL_TENSION,TENSION,E003;E004,중화부사 임명(1778-12-24) 후 1779-08-10 별군직 수행 — 체직 기록 없음 (모순은 아님),OBSERVED
L03,R2_JUNGHWA_BUSA_1778,R3_BYEOKDONG_GUNSU_1779,SAME_HANJA_NAME,SUPPORT,E003;E005,具純,OBSERVED
L03,R2_JUNGHWA_BUSA_1778,R3_BYEOKDONG_GUNSU_1779,CHRONOLOGICAL_COMPATIBILITY,SUPPORT,E003;E005;I004,1778-12 → 1779-12 → 1781-12 순차,OBSERVED
L03,R2_JUNGHWA_BUSA_1778,R3_BYEOKDONG_GUNSU_1779,CAREER_PATTERN_COMPATIBLE,SUPPORT,E003;E005,외임 수령직 연속 (일반적 단서),OBSERVED
L04,R4_BAENGNYEONG_CHEOMSA_1781,R5_YEONGHEUNG_BUSA_1782_1784,SAME_HANJA_NAME,SUPPORT,I004;E006,具純,OBSERVED
L04,R4_BAENGNYEONG_CHEOMSA_1781,R5_YEONGHEUNG_BUSA_1782_1784,CHRONOLOGICAL_COMPATIBILITY,SUPPORT,I004;E006,1781-12 → 1782-12-29,OBSERVED
L04,R4_BAENGNYEONG_CHEOMSA_1781,R5_YEONGHEUNG_BUSA_1782_1784,CAREER_PATTERN_COMPATIBLE,SUPPORT,I004;E007,변장·수령 외임 계열 (일반적 단서),OBSERVED
L05,R5_YEONGHEUNG_BUSA_1782_1784,R6_BYEOLGUN_EXILE_1784,SAME_HANJA_NAME,SUPPORT,E016;E017,具純,OBSERVED
L05,R5_YEONGHEUNG_BUSA_1782_1784,R6_BYEOLGUN_EXILE_1784,CHRONOLOGICAL_COMPATIBILITY,SUPPORT,E016;E017,1784-07-16 영흥부사 → 1784-09-23 별군직,OBSERVED
L05,R5_YEONGHEUNG_BUSA_1782_1784,R6_BYEOLGUN_EXILE_1784,TEMPORAL_TENSION,TENSION,E016;E017,2개월 사이 영흥부사→별군직 전환 기록 없음,OBSERVED
L06,R1_SEONJEON_BYEOLGUN_1777_1779,R6_BYEOLGUN_EXILE_1784,SAME_HANJA_NAME,SUPPORT,E004;E017,具純,OBSERVED
L06,R1_SEONJEON_BYEOLGUN_1777_1779,R6_BYEOLGUN_EXILE_1784,SAME_OFFICE_TITLE_RECURRENCE,SUPPORT,E004;E017,같은 별군직 직함의 재등장 (구체적 단서),OBSERVED
L06,R1_SEONJEON_BYEOLGUN_1777_1779,R6_BYEOLGUN_EXILE_1784,CHRONOLOGICAL_COMPATIBILITY,SUPPORT,E004;E017,중첩 없음,OBSERVED
L07,R6_BYEOLGUN_EXILE_1784,R7_BYEOLGUN_JEJU_EXILE_1787,SAME_HANJA_NAME,SUPPORT,E017;E019,具純,OBSERVED
L07,R6_BYEOLGUN_EXILE_1784,R7_BYEOLGUN_JEJU_EXILE_1787,SAME_OFFICE_TITLE_RECURRENCE,SUPPORT,E017;E019,"1784 정배 당시 별군직, 1787 별군직",OBSERVED
L07,R6_BYEOLGUN_EXILE_1784,R7_BYEOLGUN_JEJU_EXILE_1787,CHRONOLOGICAL_COMPATIBILITY,SUPPORT,E017;E019,"1784-09-23 정배 → 1787-01-03 현직: 중간 해배가 있었다면 양립 가능 (조건부, L08과 같은 기준)",OBSERVED
L07,R6_BYEOLGUN_EXILE_1784,R7_BYEOLGUN_JEJU_EXILE_1787,RETROSPECTIVE_REFERENCE,SUPPORT,E024,정조가 '전후로 여러 차례 곡진히 살려준 은혜' 언급 — 이전 처벌·선처 전력과 정합 (특정 사건 지칭은 아님),OBSERVED
L07,R6_BYEOLGUN_EXILE_1784,R7_BYEOLGUN_JEJU_EXILE_1787,MISSING_RELEASE_RECORD,MISSING,E018,1784 정배 해배·복귀 기록 없음,OBSERVED_ABSENCE_IN_CSV
L08,R7_BYEOLGUN_JEJU_EXILE_1787,R8A_FORMER_BUSA_KIM_CASE_1793,SAME_HANJA_NAME,SUPPORT,E019;E026,具純,OBSERVED
L08,R7_BYEOLGUN_JEJU_EXILE_1787,R8A_FORMER_BUSA_KIM_CASE_1793,FORMER_OFFICE_TITLE_MATCH,SUPPORT,E003;E006;E026,1793 '전 부사' ↔ 1778 중화부사·1782 영흥부사 — 부사 직함 이력 일치 (府名은 1793 기록에 없음),OBSERVED
L08,R7_BYEOLGUN_JEJU_EXILE_1787,R8A_FORMER_BUSA_KIM_CASE_1793,CHRONOLOGICAL_COMPATIBILITY,SUPPORT,E023;E028,1787-01-03 정배 → 1793-02-22 덕평 자유 거주: 중간 해배가 있었다면 양립 가능 (조건부),OBSERVED
L08,R7_BYEOLGUN_JEJU_EXILE_1787,R8A_FORMER_BUSA_KIM_CASE_1793,NO_COMPETING_SAME_NAME_IN_CSV,WEAK_SUPPORT,ALL,CSV 안에 다른 具純 후보 없음 — CSV가 한 인물 중심으로 수집됐으므로 약한 단서,OBSERVED
L08,R7_BYEOLGUN_JEJU_EXILE_1787,R8A_FORMER_BUSA_KIM_CASE_1793,AMNESTY_EXCLUSION_TENSION,TENSION,E023;E025,勿揀赦典(사면 제외) 명시 → 일반 사면 해배로 볼 수 없음; 특별 해배 기록 필요,OBSERVED
L08,R7_BYEOLGUN_JEJU_EXILE_1787,R8A_FORMER_BUSA_KIM_CASE_1793,MISSING_RELEASE_RECORD,MISSING,E025,1787 제주 정배 이후 해배·복귀 직접 기록 없음,OBSERVED_ABSENCE_IN_CSV
L08,R7_BYEOLGUN_JEJU_EXILE_1787,R8A_FORMER_BUSA_KIM_CASE_1793,MISSING_RETROSPECTIVE_REFERENCE,MISSING,R8A,1793 기록 어디에도 제주 정배·별군직 전력이나 1787 사건 언급 없음,OBSERVED_ABSENCE_IN_CSV
L08,R7_BYEOLGUN_JEJU_EXILE_1787,R8A_FORMER_BUSA_KIM_CASE_1793,MISSING_KINSHIP_BRIDGE,MISSING,D01,1793 세그먼트에 구세덕·유효원 등 PRE1793 친족이 등장하지 않음,OBSERVED_ABSENCE_IN_CSV
L09,R8A_FORMER_BUSA_KIM_CASE_1793,R8B_SINJIDO_TO_BAENGNYEONG_1794,SAME_HANJA_NAME,SUPPORT,E066;E076,具純,OBSERVED
L09,R8A_FORMER_BUSA_KIM_CASE_1793,R8B_SINJIDO_TO_BAENGNYEONG_1794,EXPLICIT_CROSS_REFERENCE,SUPPORT,E066;E076,1794 이배 기록이 '신지도에서' 백령도로 옮긴다고 명시 — 1793 배소(신지도)와 직접 연결,OBSERVED
L09,R8A_FORMER_BUSA_KIM_CASE_1793,R8B_SINJIDO_TO_BAENGNYEONG_1794,SEQUENTIAL_PENAL_CHAIN,SUPPORT,E066;E076;E077,공범 한재욱도 같은 도류안에서 함께 이배,OBSERVED
L10,R8B_SINJIDO_TO_BAENGNYEONG_1794,R8C_JANGYEON_RELEASE_1795_1798,SAME_HANJA_NAME,SUPPORT,E076;E080,具純,OBSERVED
L10,R8B_SINJIDO_TO_BAENGNYEONG_1794,R8C_JANGYEON_RELEASE_1795_1798,SEQUENTIAL_PENAL_CHAIN,SUPPORT,E076;E079;E080,"정배 상태 연속, 1798 형기 만료 보고",OBSERVED
L10,R8B_SINJIDO_TO_BAENGNYEONG_1794,R8C_JANGYEON_RELEASE_1795_1798,CHRONOLOGICAL_COMPATIBILITY,SUPPORT,E076;E080,"1794-10-15 백령도 → 1798-02-21 장연현, 중첩 없음",OBSERVED
L10,R8B_SINJIDO_TO_BAENGNYEONG_1794,R8C_JANGYEON_RELEASE_1795_1798,MISSING_TRANSFER_RECORD,MISSING,E079,"백령도→장연현 이배 행이 CSV에 없음 (E078 결락, 메타필드만 '1795 長淵 transfer' 언급)",OBSERVED_ABSENCE_IN_CSV
L10,R8B_SINJIDO_TO_BAENGNYEONG_1794,R8C_JANGYEON_RELEASE_1795_1798,SENTENCE_RECLASSIFICATION_TENSION,TENSION,E066;E079;E080,'감사 절도정배' → '도 3년 정배' 재분류 경위 미상,OBSERVED
