link_id,identity_a,identity_b,link_level,same_person_status,supporting_evidence_count,contradicting_evidence_count,tension_evidence_count,missing_evidence_count,supporting_evidence,contradicting_evidence,tension_evidence,missing_evidence,confidence_class,csv_compiler_assessment,decision_rule,evidence_status
L00,GUSUN_PRE1793,GUSUN_1793PLUS,SEGMENT (핵심 연구질문),HIGH_CONFIDENCE,4,0,1,3,SAME_HANJA_NAME[E019;E026]; FORMER_OFFICE_TITLE_MATCH[E003;E006;E026]; CHRONOLOGICAL_COMPATIBILITY[E023;E028]; NO_COMPETING_SAME_NAME_IN_CSV[ALL],NONE_IN_CSV,AMNESTY_EXCLUSION_TENSION[E023;E025],MISSING_RELEASE_RECORD[E025]; MISSING_RETROSPECTIVE_REFERENCE[R8A]; MISSING_KINSHIP_BRIDGE[D01],HIGH_CONFIDENCE,E019:highly_probable_not_fully_proven / E026:internally_continuous,CONFIRMED=explicit cross-reference; HIGH=same hanja+chronology+specific cue; PLAUSIBLE=same hanja+generic cue; CONTRADICTED=contradicting evidence 1건 이상; tension·missing은 판정을 강등하지 않고 별도 컬럼에 기록; 세그먼트 연결 = L08(1787↔1793) 판정을 승계,DERIVED (rule over CSV evidence items)
L01,R2_JUNGHWA_BUSA_1778,R4_BAENGNYEONG_CHEOMSA_1781,RECORD_CLUSTER,CONFIRMED,2,0,0,0,SAME_HANJA_NAME[E003;I004]; EXPLICIT_CROSS_REFERENCE[I004],NONE_IN_CSV,NONE,NONE,CONFIRMED,E003:highly_probable_not_fully_proven / I004:confirmed_within_pre1793_chain,CONFIRMED=explicit cross-reference; HIGH=same hanja+chronology+specific cue; PLAUSIBLE=same hanja+generic cue; CONTRADICTED=contradicting evidence 1건 이상; tension·missing은 판정을 강등하지 않고 별도 컬럼에 기록,DERIVED (rule over CSV evidence items)
L02,R1_SEONJEON_BYEOLGUN_1777_1779,R2_JUNGHWA_BUSA_1778,RECORD_CLUSTER,PLAUSIBLE,2,0,1,0,SAME_HANJA_NAME[E001;E003]; CHRONOLOGICAL_COMPATIBILITY[E001;E003],NONE_IN_CSV,TEMPORAL_TENSION[E003;E004],NONE,PLAUSIBLE,E001:highly_probable_not_fully_proven / E003:highly_probable_not_fully_proven,CONFIRMED=explicit cross-reference; HIGH=same hanja+chronology+specific cue; PLAUSIBLE=same hanja+generic cue; CONTRADICTED=contradicting evidence 1건 이상; tension·missing은 판정을 강등하지 않고 별도 컬럼에 기록,DERIVED (rule over CSV evidence items)
L03,R2_JUNGHWA_BUSA_1778,R3_BYEOKDONG_GUNSU_1779,RECORD_CLUSTER,PLAUSIBLE,3,0,0,0,SAME_HANJA_NAME[E003;E005]; CHRONOLOGICAL_COMPATIBILITY[E003;E005;I004]; CAREER_PATTERN_COMPATIBLE[E003;E005],NONE_IN_CSV,NONE,NONE,PLAUSIBLE,E003:highly_probable_not_fully_proven / E005:highly_probable_not_fully_proven,CONFIRMED=explicit cross-reference; HIGH=same hanja+chronology+specific cue; PLAUSIBLE=same hanja+generic cue; CONTRADICTED=contradicting evidence 1건 이상; tension·missing은 판정을 강등하지 않고 별도 컬럼에 기록,DERIVED (rule over CSV evidence items)
L04,R4_BAENGNYEONG_CHEOMSA_1781,R5_YEONGHEUNG_BUSA_1782_1784,RECORD_CLUSTER,PLAUSIBLE,3,0,0,0,SAME_HANJA_NAME[I004;E006]; CHRONOLOGICAL_COMPATIBILITY[I004;E006]; CAREER_PATTERN_COMPATIBLE[I004;E007],NONE_IN_CSV,NONE,NONE,PLAUSIBLE,I004:confirmed_within_pre1793_chain / E006:highly_probable_not_fully_proven,CONFIRMED=explicit cross-reference; HIGH=same hanja+chronology+specific cue; PLAUSIBLE=same hanja+generic cue; CONTRADICTED=contradicting evidence 1건 이상; tension·missing은 판정을 강등하지 않고 별도 컬럼에 기록,DERIVED (rule over CSV evidence items)
L05,R5_YEONGHEUNG_BUSA_1782_1784,R6_BYEOLGUN_EXILE_1784,RECORD_CLUSTER,PLAUSIBLE,2,0,1,0,SAME_HANJA_NAME[E016;E017]; CHRONOLOGICAL_COMPATIBILITY[E016;E017],NONE_IN_CSV,TEMPORAL_TENSION[E016;E017],NONE,PLAUSIBLE,E006:highly_probable_not_fully_proven / E017:highly_probable_not_fully_proven,CONFIRMED=explicit cross-reference; HIGH=same hanja+chronology+specific cue; PLAUSIBLE=same hanja+generic cue; CONTRADICTED=contradicting evidence 1건 이상; tension·missing은 판정을 강등하지 않고 별도 컬럼에 기록,DERIVED (rule over CSV evidence items)
L06,R1_SEONJEON_BYEOLGUN_1777_1779,R6_BYEOLGUN_EXILE_1784,RECORD_CLUSTER,HIGH_CONFIDENCE,3,0,0,0,SAME_HANJA_NAME[E004;E017]; SAME_OFFICE_TITLE_RECURRENCE[E004;E017]; CHRONOLOGICAL_COMPATIBILITY[E004;E017],NONE_IN_CSV,NONE,NONE,HIGH_CONFIDENCE,E001:highly_probable_not_fully_proven / E017:highly_probable_not_fully_proven,CONFIRMED=explicit cross-reference; HIGH=same hanja+chronology+specific cue; PLAUSIBLE=same hanja+generic cue; CONTRADICTED=contradicting evidence 1건 이상; tension·missing은 판정을 강등하지 않고 별도 컬럼에 기록,DERIVED (rule over CSV evidence items)
L07,R6_BYEOLGUN_EXILE_1784,R7_BYEOLGUN_JEJU_EXILE_1787,RECORD_CLUSTER,HIGH_CONFIDENCE,4,0,0,1,SAME_HANJA_NAME[E017;E019]; SAME_OFFICE_TITLE_RECURRENCE[E017;E019]; CHRONOLOGICAL_COMPATIBILITY[E017;E019]; RETROSPECTIVE_REFERENCE[E024],NONE_IN_CSV,NONE,MISSING_RELEASE_RECORD[E018],HIGH_CONFIDENCE,E017:highly_probable_not_fully_proven / E019:highly_probable_not_fully_proven,CONFIRMED=explicit cross-reference; HIGH=same hanja+chronology+specific cue; PLAUSIBLE=same hanja+generic cue; CONTRADICTED=contradicting evidence 1건 이상; tension·missing은 판정을 강등하지 않고 별도 컬럼에 기록,DERIVED (rule over CSV evidence items)
L08,R7_BYEOLGUN_JEJU_EXILE_1787,R8A_FORMER_BUSA_KIM_CASE_1793,RECORD_CLUSTER,HIGH_CONFIDENCE,4,0,1,3,SAME_HANJA_NAME[E019;E026]; FORMER_OFFICE_TITLE_MATCH[E003;E006;E026]; CHRONOLOGICAL_COMPATIBILITY[E023;E028]; NO_COMPETING_SAME_NAME_IN_CSV[ALL],NONE_IN_CSV,AMNESTY_EXCLUSION_TENSION[E023;E025],MISSING_RELEASE_RECORD[E025]; MISSING_RETROSPECTIVE_REFERENCE[R8A]; MISSING_KINSHIP_BRIDGE[D01],HIGH_CONFIDENCE,E019:highly_probable_not_fully_proven / E026:internally_continuous,CONFIRMED=explicit cross-reference; HIGH=same hanja+chronology+specific cue; PLAUSIBLE=same hanja+generic cue; CONTRADICTED=contradicting evidence 1건 이상; tension·missing은 판정을 강등하지 않고 별도 컬럼에 기록,DERIVED (rule over CSV evidence items)
L09,R8A_FORMER_BUSA_KIM_CASE_1793,R8B_SINJIDO_TO_BAENGNYEONG_1794,RECORD_CLUSTER,CONFIRMED,3,0,0,0,SAME_HANJA_NAME[E066;E076]; EXPLICIT_CROSS_REFERENCE[E066;E076]; SEQUENTIAL_PENAL_CHAIN[E066;E076;E077],NONE_IN_CSV,NONE,NONE,CONFIRMED,E026:internally_continuous / E076:internally_continuous,CONFIRMED=explicit cross-reference; HIGH=same hanja+chronology+specific cue; PLAUSIBLE=same hanja+generic cue; CONTRADICTED=contradicting evidence 1건 이상; tension·missing은 판정을 강등하지 않고 별도 컬럼에 기록,DERIVED (rule over CSV evidence items)
L10,R8B_SINJIDO_TO_BAENGNYEONG_1794,R8C_JANGYEON_RELEASE_1795_1798,RECORD_CLUSTER,HIGH_CONFIDENCE,3,0,1,1,SAME_HANJA_NAME[E076;E080]; SEQUENTIAL_PENAL_CHAIN[E076;E079;E080]; CHRONOLOGICAL_COMPATIBILITY[E076;E080],NONE_IN_CSV,SENTENCE_RECLASSIFICATION_TENSION[E066;E079;E080],MISSING_TRANSFER_RECORD[E079],HIGH_CONFIDENCE,E076:internally_continuous / E079:internally_continuous,CONFIRMED=explicit cross-reference; HIGH=same hanja+chronology+specific cue; PLAUSIBLE=same hanja+generic cue; CONTRADICTED=contradicting evidence 1건 이상; tension·missing은 판정을 강등하지 않고 별도 컬럼에 기록,DERIVED (rule over CSV evidence items)
A01,P_KIM_MYEONGSIN,alias:풍각 김생원 (E035),ALIAS,HIGH_CONFIDENCE,1,0,0,1,CSV 요약이 '풍각 김생원(김명신)'으로 괄호 동일시[E035],NONE_IN_CSV,NONE,원문 대조 불가(외부 접근 금지),HIGH_CONFIDENCE,CSV parenthetical,CSV 작성자 매핑 — 독립 검증 불가 → CONFIRMED로 올리지 않음,OBSERVED (CSV mapping)
A02,P_KIM_MYEONGSIN,alias:풍각 김상제 (E038),ALIAS,HIGH_CONFIDENCE,1,0,0,1,CSV 요약 '풍각 김상제(김명신)'[E038]; 지명 '풍각' 일치,NONE_IN_CSV,NONE,원문 대조 불가,HIGH_CONFIDENCE,CSV parenthetical,CSV 작성자 매핑,OBSERVED (CSV mapping)
A03,P_LEE_GWANGSEOP,"role:'병사' (E035, E037)",ROLE_REFERENCE,HIGH_CONFIDENCE,1,0,0,0,"E035 subject=이광섭, 요약은 '병사가 … 명한 것'; E053 이광섭=충청도 병마절도사",NONE_IN_CSV,NONE,NONE,HIGH_CONFIDENCE,CSV mapping,동일 사건·동일 시기 직함 일치,OBSERVED (CSV mapping)
