scope,person_id,name_ko,n_edge_records,n_distinct_neighbors,n_relation_groups,relation_groups,degree_centrality,betweenness,pagerank,interpretation_warning,evidence_status
ALL,P_JEONGJO,정조,17,6,4,INVESTIGATION;OFFICIAL;OTHER;PUNISHMENT,0.1579,0.2519,0.0248,관측 편향 지표 — 권력·영향력·중요성 아님,INFERRED (graph computation over observed+derived edges)
ALL,GUSUN_PRE1793,구순,26,10,6,CONFLICT;INVESTIGATION;KINSHIP;OFFICIAL;OTHER;PUNISHMENT,0.2632,0.3841,0.1248,관측 편향 지표 — 권력·영향력·중요성 아님,INFERRED (graph computation over observed+derived edges)
ALL,P_STATE,조정;조정/의금부,4,1,2,INVESTIGATION;OFFICIAL,0.0263,0.0,0.0097,관측 편향 지표 — 권력·영향력·중요성 아님,INFERRED (graph computation over observed+derived edges)
ALL,P_SHIN_U_MUN,신우문,3,2,3,CONFLICT;OFFICIAL;PUNISHMENT,0.0526,0.0526,0.0248,관측 편향 지표 — 권력·영향력·중요성 아님,INFERRED (graph computation over observed+derived edges)
ALL,N_YEONGHEUNG_CLERK,영흥부 아전,1,1,1,PUNISHMENT,0.0263,0.0,0.0203,관측 편향 지표 — 권력·영향력·중요성 아님,INFERRED (graph computation over observed+derived edges)
ALL,N_CENTRAL_CAMP_CLERKS,중영 이속,1,1,1,CONFLICT,0.0263,0.0,0.0248,관측 편향 지표 — 권력·영향력·중요성 아님,INFERRED (graph computation over observed+derived edges)
ALL,P_BIBEONSA,비변사,4,2,3,INVESTIGATION;OTHER;PUNISHMENT,0.0526,0.0245,0.0097,관측 편향 지표 — 권력·영향력·중요성 아님,INFERRED (graph computation over observed+derived edges)
ALL,P_UIGEUMBU,의금부,2,2,1,INVESTIGATION,0.0526,0.0821,0.0097,관측 편향 지표 — 권력·영향력·중요성 아님,INFERRED (graph computation over observed+derived edges)
ALL,P_LEE_YUNBIN,이윤빈,3,1,2,CONFLICT;OFFICIAL,0.0263,0.0,0.0248,관측 편향 지표 — 권력·영향력·중요성 아님,INFERRED (graph computation over observed+derived edges)
ALL,P_RYU_HYOWON,유효원,2,1,2,CONFLICT;KINSHIP,0.0263,0.0,0.0248,관측 편향 지표 — 권력·영향력·중요성 아님,INFERRED (graph computation over observed+derived edges)
ALL,P_JO_HAKSIN,조학신,2,1,2,INVESTIGATION;OTHER,0.0263,0.0,0.0248,관측 편향 지표 — 권력·영향력·중요성 아님,INFERRED (graph computation over observed+derived edges)
ALL,P_NABOK,나복,2,2,2,HOUSEHOLD;INVESTIGATION,0.0526,0.0,0.0194,관측 편향 지표 — 권력·영향력·중요성 아님,INFERRED (graph computation over observed+derived edges)
ALL,P_MYEONGEOP,명업,2,2,2,HOUSEHOLD;INVESTIGATION,0.0526,0.0,0.0276,관측 편향 지표 — 권력·영향력·중요성 아님,INFERRED (graph computation over observed+derived edges)
ALL,P_HAN_JAEUK,한재욱,16,9,5,CONFLICT;HOUSEHOLD;INVESTIGATION;OFFICIAL;PUNISHMENT,0.2368,0.1665,0.0306,관측 편향 지표 — 권력·영향력·중요성 아님,INFERRED (graph computation over observed+derived edges)
ALL,P_LEE_JINUK,이진욱,4,3,2,INVESTIGATION;OFFICIAL,0.0789,0.0139,0.0237,관측 편향 지표 — 권력·영향력·중요성 아님,INFERRED (graph computation over observed+derived edges)
ALL,P_JA_MIDEOK,자미덕,11,7,1,INVESTIGATION,0.1842,0.0858,0.0342,관측 편향 지표 — 권력·영향력·중요성 아님,INFERRED (graph computation over observed+derived edges)
ALL,GUSUN_1793PLUS,구순,30,17,7,CONFLICT;HOUSEHOLD;INVESTIGATION;OFFICIAL;OTHER;PRIVATE_SOCIAL;PUNISHMENT,0.4474,0.4931,0.1255,관측 편향 지표 — 권력·영향력·중요성 아님,INFERRED (graph computation over observed+derived edges)
ALL,P_KIM_MYEONGSIN,김명신,9,4,3,CONFLICT;INVESTIGATION;PRIVATE_SOCIAL,0.1053,0.0207,0.0321,관측 편향 지표 — 권력·영향력·중요성 아님,INFERRED (graph computation over observed+derived edges)
ALL,N_UNNAMED_OFFICER,성명 미상 장교,1,1,1,OTHER,0.0263,0.0,0.0194,관측 편향 지표 — 권력·영향력·중요성 아님,INFERRED (graph computation over observed+derived edges)
ALL,P_YU_JEHUI,유제희,9,9,1,INVESTIGATION,0.2368,0.1992,0.0194,관측 편향 지표 — 권력·영향력·중요성 아님,INFERRED (graph computation over observed+derived edges)
ALL,P_JEONG_WONDOL,정원돌,3,3,1,INVESTIGATION,0.0789,0.0033,0.0219,관측 편향 지표 — 권력·영향력·중요성 아님,INFERRED (graph computation over observed+derived edges)
ALL,P_LEE_JIPGEO,이집거,1,1,1,INVESTIGATION,0.0263,0.0,0.0155,관측 편향 지표 — 권력·영향력·중요성 아님,INFERRED (graph computation over observed+derived edges)
ALL,P_KIM_GAPDEUK,김갑득,2,2,1,INVESTIGATION,0.0526,0.0167,0.0221,관측 편향 지표 — 권력·영향력·중요성 아님,INFERRED (graph computation over observed+derived edges)
ALL,P_KIM_SEONGSON,김성손,2,2,1,INVESTIGATION,0.0526,0.0033,0.0176,관측 편향 지표 — 권력·영향력·중요성 아님,INFERRED (graph computation over observed+derived edges)
ALL,P_KIM_HEUNGDEUK,김흥득,2,2,1,INVESTIGATION,0.0526,0.0033,0.0176,관측 편향 지표 — 권력·영향력·중요성 아님,INFERRED (graph computation over observed+derived edges)
ALL,P_BYEON_JIDEUL,변지돌,2,2,1,INVESTIGATION,0.0526,0.0,0.0161,관측 편향 지표 — 권력·영향력·중요성 아님,INFERRED (graph computation over observed+derived edges)
ALL,P_BYEON_JAEDOL,변재돌,1,1,1,INVESTIGATION,0.0263,0.0,0.0118,관측 편향 지표 — 권력·영향력·중요성 아님,INFERRED (graph computation over observed+derived edges)
ALL,P_KIM_HEUNGGIL,김흥길,1,1,1,INVESTIGATION,0.0263,0.0,0.0118,관측 편향 지표 — 권력·영향력·중요성 아님,INFERRED (graph computation over observed+derived edges)
ALL,P_LEE_GWANGSEOP,이광섭,10,7,6,CONFLICT;INVESTIGATION;OFFICIAL;OTHER;PRIVATE_SOCIAL;PUNISHMENT,0.1842,0.1403,0.0308,관측 편향 지표 — 권력·영향력·중요성 아님,INFERRED (graph computation over observed+derived edges)
ALL,P_JO_GYEWAN,조계완,2,2,2,OFFICIAL;OTHER,0.0526,0.0,0.0237,관측 편향 지표 — 권력·영향력·중요성 아님,INFERRED (graph computation over observed+derived edges)
ALL,P_LEE_HYEONGWON,이형원,5,4,3,CONFLICT;INVESTIGATION;PUNISHMENT,0.1053,0.0345,0.0132,관측 편향 지표 — 권력·영향력·중요성 아님,INFERRED (graph computation over observed+derived edges)
ALL,P_LEE_MUNHYEOP,이문협,3,3,3,CONFLICT;INVESTIGATION;OFFICIAL,0.0789,0.0526,0.02,관측 편향 지표 — 권력·영향력·중요성 아님,INFERRED (graph computation over observed+derived edges)
ALL,N_HOUSE_SERVANTS,행랑 하인들,2,1,2,HOUSEHOLD;OFFICIAL,0.0263,0.0,0.0194,관측 편향 지표 — 권력·영향력·중요성 아님,INFERRED (graph computation over observed+derived edges)
ALL,N_MILITARY_SOLDIERS,교졸 집단,1,1,1,OTHER,0.0263,0.0,0.0194,관측 편향 지표 — 권력·영향력·중요성 아님,INFERRED (graph computation over observed+derived edges)
ALL,P_LEE_JOWON,이조원,3,3,3,CONFLICT;INVESTIGATION;PUNISHMENT,0.0789,0.0,0.0132,관측 편향 지표 — 권력·영향력·중요성 아님,INFERRED (graph computation over observed+derived edges)
ALL,P_HONG_DAEHYEOP,홍대협,2,2,1,INVESTIGATION,0.0526,0.0,0.0097,관측 편향 지표 — 권력·영향력·중요성 아님,INFERRED (graph computation over observed+derived edges)
ALL,N_INNOCENT_COMMONERS,무고한 평민들,1,1,1,INVESTIGATION,0.0263,0.0,0.0267,관측 편향 지표 — 권력·영향력·중요성 아님,INFERRED (graph computation over observed+derived edges)
ALL,P_LEE_UIJUN,이의준,1,1,1,INVESTIGATION,0.0263,0.0,0.0097,관측 편향 지표 — 권력·영향력·중요성 아님,INFERRED (graph computation over observed+derived edges)
ALL,P_GU_SEDEOK,구세덕,1,1,1,KINSHIP,0.0263,0.0,0.0248,관측 편향 지표 — 권력·영향력·중요성 아님,INFERRED (graph computation over observed+derived edges)
P1_CAREER_1777_1783,P_JEONGJO,정조,4,1,1,OFFICIAL,0.3333,0.0,0.2414,관측 편향 지표 — 권력·영향력·중요성 아님,INFERRED (graph computation over observed+derived edges)
P1_CAREER_1777_1783,GUSUN_PRE1793,구순,8,3,2,KINSHIP;OFFICIAL,1.0,1.0,0.4797,관측 편향 지표 — 권력·영향력·중요성 아님,INFERRED (graph computation over observed+derived edges)
P1_CAREER_1777_1783,P_STATE,조정;조정/의금부,3,1,1,OFFICIAL,0.3333,0.0,0.0375,관측 편향 지표 — 권력·영향력·중요성 아님,INFERRED (graph computation over observed+derived edges)
P1_CAREER_1777_1783,P_GU_SEDEOK,구세덕,1,1,1,KINSHIP,0.3333,0.0,0.2414,관측 편향 지표 — 권력·영향력·중요성 아님,INFERRED (graph computation over observed+derived edges)
P2_YEONGHEUNG_EXILE_1784,P_SHIN_U_MUN,신우문,3,2,3,CONFLICT;OFFICIAL;PUNISHMENT,0.2857,0.2857,0.1807,관측 편향 지표 — 권력·영향력·중요성 아님,INFERRED (graph computation over observed+derived edges)
P2_YEONGHEUNG_EXILE_1784,N_YEONGHEUNG_CLERK,영흥부 아전,1,1,1,PUNISHMENT,0.1429,0.0,0.1284,관측 편향 지표 — 권력·영향력·중요성 아님,INFERRED (graph computation over observed+derived edges)
P2_YEONGHEUNG_EXILE_1784,GUSUN_PRE1793,구순,9,6,5,CONFLICT;INVESTIGATION;OFFICIAL;OTHER;PUNISHMENT,0.8571,0.9524,0.3038,관측 편향 지표 — 권력·영향력·중요성 아님,INFERRED (graph computation over observed+derived edges)
P2_YEONGHEUNG_EXILE_1784,N_CENTRAL_CAMP_CLERKS,중영 이속,1,1,1,CONFLICT,0.1429,0.0,0.1807,관측 편향 지표 — 권력·영향력·중요성 아님,INFERRED (graph computation over observed+derived edges)
P2_YEONGHEUNG_EXILE_1784,P_STATE,조정;조정/의금부,1,1,1,INVESTIGATION,0.1429,0.0,0.0516,관측 편향 지표 — 권력·영향력·중요성 아님,INFERRED (graph computation over observed+derived edges)
P2_YEONGHEUNG_EXILE_1784,P_BIBEONSA,비변사,3,1,2,INVESTIGATION;OTHER,0.1429,0.0,0.0516,관측 편향 지표 — 권력·영향력·중요성 아님,INFERRED (graph computation over observed+derived edges)
P2_YEONGHEUNG_EXILE_1784,P_UIGEUMBU,의금부,1,1,1,INVESTIGATION,0.1429,0.0,0.0516,관측 편향 지표 — 권력·영향력·중요성 아님,INFERRED (graph computation over observed+derived edges)
P2_YEONGHEUNG_EXILE_1784,P_JEONGJO,정조,1,1,1,PUNISHMENT,0.1429,0.0,0.0516,관측 편향 지표 — 권력·영향력·중요성 아님,INFERRED (graph computation over observed+derived edges)
P3_FALSE_ACCUSATION_1787,GUSUN_PRE1793,구순,9,4,6,CONFLICT;INVESTIGATION;KINSHIP;OFFICIAL;OTHER;PUNISHMENT,1.0,1.0,0.4757,관측 편향 지표 — 권력·영향력·중요성 아님,INFERRED (graph computation over observed+derived edges)
P3_FALSE_ACCUSATION_1787,P_LEE_YUNBIN,이윤빈,3,1,2,CONFLICT;OFFICIAL,0.25,0.0,0.1648,관측 편향 지표 — 권력·영향력·중요성 아님,INFERRED (graph computation over observed+derived edges)
P3_FALSE_ACCUSATION_1787,P_RYU_HYOWON,유효원,2,1,2,CONFLICT;KINSHIP,0.25,0.0,0.1648,관측 편향 지표 — 권력·영향력·중요성 아님,INFERRED (graph computation over observed+derived edges)
P3_FALSE_ACCUSATION_1787,P_JO_HAKSIN,조학신,2,1,2,INVESTIGATION;OTHER,0.25,0.0,0.1648,관측 편향 지표 — 권력·영향력·중요성 아님,INFERRED (graph computation over observed+derived edges)
P3_FALSE_ACCUSATION_1787,P_JEONGJO,정조,2,1,2,OTHER;PUNISHMENT,0.25,0.0,0.03,관측 편향 지표 — 권력·영향력·중요성 아님,INFERRED (graph computation over observed+derived edges)
P4a_KIM_CASE_1793-02,P_NABOK,나복,2,2,2,HOUSEHOLD;INVESTIGATION,0.2,0.0,0.0818,관측 편향 지표 — 권력·영향력·중요성 아님,INFERRED (graph computation over observed+derived edges)
P4a_KIM_CASE_1793-02,P_MYEONGEOP,명업,2,2,2,HOUSEHOLD;INVESTIGATION,0.2,0.0,0.1165,관측 편향 지표 — 권력·영향력·중요성 아님,INFERRED (graph computation over observed+derived edges)
P4a_KIM_CASE_1793-02,P_HAN_JAEUK,한재욱,5,4,2,INVESTIGATION;OFFICIAL,0.4,0.5333,0.0403,관측 편향 지표 — 권력·영향력·중요성 아님,INFERRED (graph computation over observed+derived edges)
P4a_KIM_CASE_1793-02,P_LEE_JINUK,이진욱,4,3,2,INVESTIGATION;OFFICIAL,0.3,0.6444,0.0903,관측 편향 지표 — 권력·영향력·중요성 아님,INFERRED (graph computation over observed+derived edges)
P4a_KIM_CASE_1793-02,P_JA_MIDEOK,자미덕,1,1,1,INVESTIGATION,0.1,0.0,0.1171,관측 편향 지표 — 권력·영향력·중요성 아님,INFERRED (graph computation over observed+derived edges)
P4a_KIM_CASE_1793-02,GUSUN_1793PLUS,구순,7,5,5,CONFLICT;HOUSEHOLD;INVESTIGATION;OTHER;PRIVATE_SOCIAL,0.5,0.6444,0.2436,관측 편향 지표 — 권력·영향력·중요성 아님,INFERRED (graph computation over observed+derived edges)
P4a_KIM_CASE_1793-02,P_KIM_MYEONGSIN,김명신,3,1,2,CONFLICT;PRIVATE_SOCIAL,0.1,0.0,0.0818,관측 편향 지표 — 권력·영향력·중요성 아님,INFERRED (graph computation over observed+derived edges)
P4a_KIM_CASE_1793-02,N_UNNAMED_OFFICER,성명 미상 장교,1,1,1,OTHER,0.1,0.0,0.0818,관측 편향 지표 — 권력·영향력·중요성 아님,INFERRED (graph computation over observed+derived edges)
P4a_KIM_CASE_1793-02,P_JO_GYEWAN,조계완,1,1,1,OFFICIAL,0.1,0.0,0.0489,관측 편향 지표 — 권력·영향력·중요성 아님,INFERRED (graph computation over observed+derived edges)
P4a_KIM_CASE_1793-02,P_BYEON_JIDEUL,변지돌,1,1,1,INVESTIGATION,0.1,0.0,0.0489,관측 편향 지표 — 권력·영향력·중요성 아님,INFERRED (graph computation over observed+derived edges)
P4a_KIM_CASE_1793-02,P_JEONG_WONDOL,정원돌,1,1,1,INVESTIGATION,0.1,0.0,0.0489,관측 편향 지표 — 권력·영향력·중요성 아님,INFERRED (graph computation over observed+derived edges)
P4b_KIM_CASE_1793-03,GUSUN_1793PLUS,구순,4,4,3,CONFLICT;INVESTIGATION;OTHER,0.2857,0.1868,0.0487,관측 편향 지표 — 권력·영향력·중요성 아님,INFERRED (graph computation over observed+derived edges)
P4b_KIM_CASE_1793-03,P_YU_JEHUI,유제희,9,9,1,INVESTIGATION,0.6429,0.6425,0.059,관측 편향 지표 — 권력·영향력·중요성 아님,INFERRED (graph computation over observed+derived edges)
P4b_KIM_CASE_1793-03,P_HAN_JAEUK,한재욱,6,2,1,INVESTIGATION,0.1429,0.0425,0.055,관측 편향 지표 — 권력·영향력·중요성 아님,INFERRED (graph computation over observed+derived edges)
P4b_KIM_CASE_1793-03,P_JA_MIDEOK,자미덕,10,6,1,INVESTIGATION,0.4286,0.2637,0.0954,관측 편향 지표 — 권력·영향력·중요성 아님,INFERRED (graph computation over observed+derived edges)
P4b_KIM_CASE_1793-03,P_JEONG_WONDOL,정원돌,2,2,1,INVESTIGATION,0.1429,0.0425,0.0712,관측 편향 지표 — 권력·영향력·중요성 아님,INFERRED (graph computation over observed+derived edges)
P4b_KIM_CASE_1793-03,P_LEE_JIPGEO,이집거,1,1,1,INVESTIGATION,0.0714,0.0,0.0649,관측 편향 지표 — 권력·영향력·중요성 아님,INFERRED (graph computation over observed+derived edges)
P4b_KIM_CASE_1793-03,P_KIM_GAPDEUK,김갑득,2,2,1,INVESTIGATION,0.1429,0.0498,0.09,관측 편향 지표 — 권력·영향력·중요성 아님,INFERRED (graph computation over observed+derived edges)
P4b_KIM_CASE_1793-03,P_KIM_SEONGSON,김성손,2,2,1,INVESTIGATION,0.1429,0.0425,0.0712,관측 편향 지표 — 권력·영향력·중요성 아님,INFERRED (graph computation over observed+derived edges)
P4b_KIM_CASE_1793-03,P_KIM_HEUNGDEUK,김흥득,2,2,1,INVESTIGATION,0.1429,0.0425,0.0712,관측 편향 지표 — 권력·영향력·중요성 아님,INFERRED (graph computation over observed+derived edges)
P4b_KIM_CASE_1793-03,P_BYEON_JIDEUL,변지돌,1,1,1,INVESTIGATION,0.0714,0.0,0.055,관측 편향 지표 — 권력·영향력·중요성 아님,INFERRED (graph computation over observed+derived edges)
P4b_KIM_CASE_1793-03,P_BYEON_JAEDOL,변재돌,1,1,1,INVESTIGATION,0.0714,0.0,0.055,관측 편향 지표 — 권력·영향력·중요성 아님,INFERRED (graph computation over observed+derived edges)
P4b_KIM_CASE_1793-03,P_KIM_HEUNGGIL,김흥길,1,1,1,INVESTIGATION,0.0714,0.0,0.055,관측 편향 지표 — 권력·영향력·중요성 아님,INFERRED (graph computation over observed+derived edges)
P4b_KIM_CASE_1793-03,P_LEE_GWANGSEOP,이광섭,3,3,2,INVESTIGATION;OTHER,0.2143,0.0608,0.059,관측 편향 지표 — 권력·영향력·중요성 아님,INFERRED (graph computation over observed+derived edges)
P4b_KIM_CASE_1793-03,P_KIM_MYEONGSIN,김명신,3,3,2,CONFLICT;INVESTIGATION,0.2143,0.044,0.0904,관측 편향 지표 — 권력·영향력·중요성 아님,INFERRED (graph computation over observed+derived edges)
P4b_KIM_CASE_1793-03,P_JO_GYEWAN,조계완,1,1,1,OTHER,0.0714,0.0,0.059,관측 편향 지표 — 권력·영향력·중요성 아님,INFERRED (graph computation over observed+derived edges)
P4c_KIM_CASE_1793-05,P_LEE_HYEONGWON,이형원,4,3,2,CONFLICT;INVESTIGATION,0.3,0.4667,0.0365,관측 편향 지표 — 권력·영향력·중요성 아님,INFERRED (graph computation over observed+derived edges)
P4c_KIM_CASE_1793-05,GUSUN_1793PLUS,구순,10,7,5,CONFLICT;HOUSEHOLD;INVESTIGATION;OFFICIAL;OTHER,0.7,0.8111,0.259,관측 편향 지표 — 권력·영향력·중요성 아님,INFERRED (graph computation over observed+derived edges)
P4c_KIM_CASE_1793-05,P_LEE_MUNHYEOP,이문협,2,2,2,CONFLICT;OFFICIAL,0.2,0.0,0.1131,관측 편향 지표 — 권력·영향력·중요성 아님,INFERRED (graph computation over observed+derived edges)
P4c_KIM_CASE_1793-05,P_LEE_GWANGSEOP,이광섭,3,3,3,CONFLICT;OFFICIAL;PUNISHMENT,0.3,0.2,0.0779,관측 편향 지표 — 권력·영향력·중요성 아님,INFERRED (graph computation over observed+derived edges)
P4c_KIM_CASE_1793-05,P_BIBEONSA,비변사,1,1,1,PUNISHMENT,0.1,0.0,0.0365,관측 편향 지표 — 권력·영향력·중요성 아님,INFERRED (graph computation over observed+derived edges)
P4c_KIM_CASE_1793-05,P_JEONGJO,정조,3,2,2,INVESTIGATION;PUNISHMENT,0.2,0.0,0.0365,관측 편향 지표 — 권력·영향력·중요성 아님,INFERRED (graph computation over observed+derived edges)
P4c_KIM_CASE_1793-05,P_KIM_MYEONGSIN,김명신,1,1,1,CONFLICT,0.1,0.0,0.0916,관측 편향 지표 — 권력·영향력·중요성 아님,INFERRED (graph computation over observed+derived edges)
P4c_KIM_CASE_1793-05,N_HOUSE_SERVANTS,행랑 하인들,2,1,2,HOUSEHOLD;OFFICIAL,0.1,0.0,0.0916,관측 편향 지표 — 권력·영향력·중요성 아님,INFERRED (graph computation over observed+derived edges)
P4c_KIM_CASE_1793-05,N_MILITARY_SOLDIERS,교졸 집단,1,1,1,OTHER,0.1,0.0,0.0916,관측 편향 지표 — 권력·영향력·중요성 아님,INFERRED (graph computation over observed+derived edges)
P4c_KIM_CASE_1793-05,P_LEE_JOWON,이조원,3,3,3,CONFLICT;INVESTIGATION;PUNISHMENT,0.3,0.0111,0.0521,관측 편향 지표 — 권력·영향력·중요성 아님,INFERRED (graph computation over observed+derived edges)
P4c_KIM_CASE_1793-05,P_HAN_JAEUK,한재욱,2,2,2,CONFLICT;HOUSEHOLD,0.2,0.0,0.1137,관측 편향 지표 — 권력·영향력·중요성 아님,INFERRED (graph computation over observed+derived edges)
P4d_KIM_CASE_1793-06,P_HONG_DAEHYEOP,홍대협,2,2,1,INVESTIGATION,0.25,0.0298,0.0466,관측 편향 지표 — 권력·영향력·중요성 아님,INFERRED (graph computation over observed+derived edges)
P4d_KIM_CASE_1793-06,GUSUN_1793PLUS,구순,5,4,4,CONFLICT;INVESTIGATION;PRIVATE_SOCIAL;PUNISHMENT,0.5,0.1667,0.2324,관측 편향 지표 — 권력·영향력·중요성 아님,INFERRED (graph computation over observed+derived edges)
P4d_KIM_CASE_1793-06,P_HAN_JAEUK,한재욱,2,2,2,INVESTIGATION;PUNISHMENT,0.25,0.0,0.0565,관측 편향 지표 — 권력·영향력·중요성 아님,INFERRED (graph computation over observed+derived edges)
P4d_KIM_CASE_1793-06,P_KIM_MYEONGSIN,김명신,2,2,1,INVESTIGATION,0.25,0.0179,0.1744,관측 편향 지표 — 권력·영향력·중요성 아님,INFERRED (graph computation over observed+derived edges)
P4d_KIM_CASE_1793-06,P_LEE_GWANGSEOP,이광섭,4,3,4,CONFLICT;INVESTIGATION;PRIVATE_SOCIAL;PUNISHMENT,0.375,0.1131,0.254,관측 편향 지표 — 권력·영향력·중요성 아님,INFERRED (graph computation over observed+derived edges)
P4d_KIM_CASE_1793-06,P_LEE_MUNHYEOP,이문협,1,1,1,INVESTIGATION,0.125,0.0,0.0466,관측 편향 지표 — 권력·영향력·중요성 아님,INFERRED (graph computation over observed+derived edges)
P4d_KIM_CASE_1793-06,N_INNOCENT_COMMONERS,무고한 평민들,1,1,1,INVESTIGATION,0.125,0.0,0.0863,관측 편향 지표 — 권력·영향력·중요성 아님,INFERRED (graph computation over observed+derived edges)
P4d_KIM_CASE_1793-06,P_JEONGJO,정조,4,4,1,PUNISHMENT,0.5,0.2083,0.0466,관측 편향 지표 — 권력·영향력·중요성 아님,INFERRED (graph computation over observed+derived edges)
P4d_KIM_CASE_1793-06,P_LEE_HYEONGWON,이형원,1,1,1,PUNISHMENT,0.125,0.0,0.0565,관측 편향 지표 — 권력·영향력·중요성 아님,INFERRED (graph computation over observed+derived edges)
P5_POST_SENTENCE_1794_1798,P_JEONGJO,정조,3,2,1,PUNISHMENT,0.5,0.5,0.1325,관측 편향 지표 — 권력·영향력·중요성 아님,INFERRED (graph computation over observed+derived edges)
P5_POST_SENTENCE_1794_1798,GUSUN_1793PLUS,구순,4,3,2,INVESTIGATION;PUNISHMENT,0.75,0.8333,0.4139,관측 편향 지표 — 권력·영향력·중요성 아님,INFERRED (graph computation over observed+derived edges)
P5_POST_SENTENCE_1794_1798,P_HAN_JAEUK,한재욱,1,1,1,PUNISHMENT,0.25,0.0,0.1887,관측 편향 지표 — 권력·영향력·중요성 아님,INFERRED (graph computation over observed+derived edges)
P5_POST_SENTENCE_1794_1798,P_LEE_UIJUN,이의준,1,1,1,INVESTIGATION,0.25,0.0,0.1325,관측 편향 지표 — 권력·영향력·중요성 아님,INFERRED (graph computation over observed+derived edges)
P5_POST_SENTENCE_1794_1798,P_UIGEUMBU,의금부,1,1,1,INVESTIGATION,0.25,0.0,0.1325,관측 편향 지표 — 권력·영향력·중요성 아님,INFERRED (graph computation over observed+derived edges)
