from_stage,to_stage,n_edges_forward,n_edges_reverse,edges_forward,edges_reverse,link_status
S0_HOUSEHOLD,S1_COMPLAINANT,3,1,P_NABOK→GUSUN_1793PLUS:HOUSEHOLD[E028]; P_MYEONGEOP→GUSUN_1793PLUS:HOUSEHOLD[E028]; N_HOUSE_SERVANTS→GUSUN_1793PLUS:HOUSEHOLD[E085],GUSUN_1793PLUS→N_HOUSE_SERVANTS:COMMAND[E085],EXPLICIT_IN_CSV
S1_COMPLAINANT,S2_CAMP_STAFF(병영 비장·영리),4,1,GUSUN_1793PLUS→N_UNNAMED_OFFICER:OTHER[E030]; GUSUN_1793PLUS→P_YU_JEHUI:REPORT[E038]; GUSUN_1793PLUS→N_MILITARY_SOLDIERS:OTHER[E086]; GUSUN_1793PLUS→P_HAN_JAEUK:HOUSEHOLD[E057],P_HAN_JAEUK→GUSUN_1793PLUS:TESTIMONY[E061],EXPLICIT_IN_CSV
S2_CAMP_STAFF(병영 비장·영리),S3_ARREST_TEAM(장교),3,0,P_HAN_JAEUK→P_LEE_JINUK:COMMAND[E031]; P_HAN_JAEUK→P_LEE_JINUK:COMMAND[E032]; P_HAN_JAEUK→P_JO_GYEWAN:COMMAND[E031],NA,EXPLICIT_IN_CSV
S3_ARREST_TEAM(장교),S4_COMMANDERS(병사·영장),0,0,NA,NA,NO_CSV_EDGE (자동 연결하지 않음)
S4_COMMANDERS(병사·영장),S5_SUSPECTS_WITNESSES,4,0,P_LEE_GWANGSEOP→P_KIM_MYEONGSIN:DETENTION[E035]; P_LEE_GWANGSEOP→P_KIM_GAPDEUK:DETENTION[E036]; P_LEE_GWANGSEOP→P_KIM_MYEONGSIN:INVESTIGATION[E064]; P_LEE_MUNHYEOP→N_INNOCENT_COMMONERS:DETENTION[E065],NA,EXPLICIT_IN_CSV
S5_SUSPECTS_WITNESSES,S6_GOVERNOR(관찰사),0,0,NA,NA,NO_CSV_EDGE (자동 연결하지 않음)
S6_GOVERNOR(관찰사),S7_SECRET_INSPECTOR(암행어사),0,0,NA,NA,NO_CSV_EDGE (자동 연결하지 않음)
S7_SECRET_INSPECTOR(암행어사),S8_SPECIAL_INVESTIGATOR(안핵어사),0,0,NA,NA,NO_CSV_EDGE (자동 연결하지 않음)
S8_SPECIAL_INVESTIGATOR(안핵어사),S9_CENTRAL(국왕·비변사·의금부),0,0,NA,NA,NO_CSV_EDGE (자동 연결하지 않음)
S1_COMPLAINANT,S4_COMMANDERS(병사·영장),1,2,GUSUN_1793PLUS→P_LEE_GWANGSEOP:OTHER[E037],P_LEE_GWANGSEOP→GUSUN_1793PLUS:FRIENDLY_ASSOCIATION[E063]; P_LEE_GWANGSEOP→GUSUN_1793PLUS:CONFLICT[E063],EXPLICIT_IN_CSV
S1_COMPLAINANT,S5_SUSPECTS_WITNESSES,2,3,GUSUN_1793PLUS→P_KIM_MYEONGSIN:ACCUSATION[E084]; GUSUN_1793PLUS→P_KIM_MYEONGSIN:ACCUSATION[E038],P_KIM_MYEONGSIN→GUSUN_1793PLUS:FRIENDLY_ASSOCIATION[E026]; P_KIM_MYEONGSIN→GUSUN_1793PLUS:CONFLICT[E027]; P_KIM_MYEONGSIN→GUSUN_1793PLUS:NEIGHBOR[E026],EXPLICIT_IN_CSV
S2_CAMP_STAFF(병영 비장·영리),S5_SUSPECTS_WITNESSES,14,0,P_HAN_JAEUK→P_JA_MIDEOK:INVESTIGATION[E040]; P_HAN_JAEUK→P_JA_MIDEOK:INVESTIGATION[E041]; P_HAN_JAEUK→P_JA_MIDEOK:INVESTIGATION[E042]; P_HAN_JAEUK→P_JA_MIDEOK:INVESTIGATION[E043]; P_HAN_JAEUK→P_JA_MIDEOK:INVESTIGATION[E044]; P_YU_JEHUI→P_BYEON_JIDEUL:INVESTIGATION[E070]; P_YU_JEHUI→P_BYEON_JAEDOL:INVESTIGATION[E071]; P_YU_JEHUI→P_JEONG_WONDOL:INVESTIGATION[E072]; P_YU_JEHUI→P_KIM_SEONGSON:INVESTIGATION[E073]; P_YU_JEHUI→P_KIM_HEUNGDEUK:INVESTIGATION[E074]; P_YU_JEHUI→P_KIM_HEUNGGIL:INVESTIGATION[E075]; P_HAN_JAEUK→P_BYEON_JIDEUL:DETENTION[E031]; P_HAN_JAEUK→P_JEONG_WONDOL:DETENTION[E031]; P_YU_JEHUI→P_KIM_MYEONGSIN:INVESTIGATION[E039],NA,EXPLICIT_IN_CSV
S4_COMMANDERS(병사·영장),S5_SUSPECTS_WITNESSES,4,0,P_LEE_GWANGSEOP→P_KIM_MYEONGSIN:DETENTION[E035]; P_LEE_GWANGSEOP→P_KIM_GAPDEUK:DETENTION[E036]; P_LEE_GWANGSEOP→P_KIM_MYEONGSIN:INVESTIGATION[E064]; P_LEE_MUNHYEOP→N_INNOCENT_COMMONERS:DETENTION[E065],NA,EXPLICIT_IN_CSV
S2_CAMP_STAFF(병영 비장·영리),S4_COMMANDERS(병사·영장),0,0,NA,NA,NO_CSV_EDGE (자동 연결하지 않음)
S6_GOVERNOR(관찰사),S9_CENTRAL(국왕·비변사·의금부),0,1,NA,P_JEONGJO→P_LEE_HYEONGWON:PUNISHMENT[E069],ONLY_REVERSE_DIRECTION
S7_SECRET_INSPECTOR(암행어사),S9_CENTRAL(국왕·비변사·의금부),0,1,NA,P_JEONGJO→P_LEE_JOWON:PUNISHMENT[E058],ONLY_REVERSE_DIRECTION
S8_SPECIAL_INVESTIGATOR(안핵어사),S9_CENTRAL(국왕·비변사·의금부),0,0,NA,NA,NO_CSV_EDGE (자동 연결하지 않음)
S9_CENTRAL(국왕·비변사·의금부),S1_COMPLAINANT,3,0,P_JEONGJO→GUSUN_1793PLUS:DETENTION[E055]; P_JEONGJO→GUSUN_1793PLUS:INVESTIGATION[E059]; P_JEONGJO→GUSUN_1793PLUS:PUNISHMENT[E066],NA,EXPLICIT_IN_CSV
