event_id,csv_row_number,event_order_csv,person_id,gusun_record_cluster,subject_id,object_id,event_type,relation_type_raw,relation_type_norm,phase,record_class,calendar,record_date_raw,event_start,event_end,earliest_possible,latest_possible,time_precision,date_qualifier,csv_time_precision,precision_flag,plot_x_start,plot_x_end,plot_x_status,office_name,office_tenure,official_rank,rank_level,rank_level_note,administrative_scope,court_proximity,command_scope,office_dimension_basis,office_evidence_status,career_state,career_state_after,csv_legacy_level_subject,csv_legacy_level_object,location,event_description,outcome_or_state,claim_status,evidence_grade,source_stage,source_title,source_url,secondary_source_url,source_support_note,superseded_by_event_id,missingness_flag,modeling_note,gu_identity_segment,identity_bridge_status_csv,evidence_status
I002,2,2,GUSUN_PRE1793,NA,P_GU_SEDEOK,GUSUN_PRE1793,KIN_CAREER_CONTEXT,FATHER_CAREER_CONTEXT,,identity_background,identity_evidence,LUNAR,1763-01-13,1763-01-13,1763-01-13,1763-01-13,1763-01-13,EXACT_DAY,NA,day,OK,1763.0333333333333,1763.0333333333333,DERIVED_FOR_VISUALIZATION (명목 음력 소수연도; 실제 날짜 아님),NA,UNKNOWN,NA,NA,CSV에 품계 없음 → 계산하지 않음,UNKNOWN,UNKNOWN,UNKNOWN,구세덕 경력 행 — 구순 상태 정보 아님,NA,UNKNOWN,UNKNOWN,3,NA,개천군,구세덕이 개천군수로 하직하는 기록.,부친의 지방관 경력 확인,identity_supporting_context,B,contemporaneous_record,승정원일기,https://sjw.history.go.kr/search/inspectionDayList.do?wday=17630113L0,NA,NA,NA,observed,NA,GU_PRE1793,supports_pre1793_identity_only,OBSERVED
I003,3,3,GUSUN_PRE1793,NA,P_GU_SEDEOK,GUSUN_PRE1793,KIN_CAREER_CONTEXT,FATHER_CAREER_CONTEXT,,identity_background,identity_evidence,LUNAR,1777-09-02,1777-09-02,1777-09-02,1777-09-02,1777-09-02,EXACT_DAY,NA,day,OK,1777.6694444444445,1777.6694444444445,DERIVED_FOR_VISUALIZATION (명목 음력 소수연도; 실제 날짜 아님),NA,UNKNOWN,NA,NA,CSV에 품계 없음 → 계산하지 않음,UNKNOWN,UNKNOWN,UNKNOWN,구세덕 경력 행 — 구순 상태 정보 아님,NA,UNKNOWN,UNKNOWN,3,3,무산/한성,구세덕이 무산부사로 입시한 기록. 같은 해 구순은 선전관·별군직 계열에서 활동한다.,부자 모두 무관·지방관 경력권에 존재,identity_supporting_context,B,contemporaneous_record,승정원일기,https://sjw.history.go.kr/id/SJW-G01090020-05100,NA,NA,NA,observed,NA,GU_PRE1793,supports_pre1793_identity_only,OBSERVED
E001,4,4,GUSUN_PRE1793,R1_SEONJEON_BYEOLGUN_1777_1779,P_JEONGJO,GUSUN_PRE1793,CAREER_APPOINTMENT,APPOINTED_AS,OFFICIAL_SUPERIOR,career,gu_network_event,LUNAR,1777-09-11,1777-09-11,1777-09-11,1777-09-11,1777-09-11,EXACT_DAY,NA,day,OK,1777.6944444444443,1777.6944444444443,DERIVED_FOR_VISUALIZATION (명목 음력 소수연도; 실제 날짜 아님),별군직,IN_OFFICE,NA,NA,CSV에 품계 없음 → 계산하지 않음,COURT,HIGH,NONE_RECORDED,E004 결과 '왕실 근거리 무관으로 활동 확인',DERIVED (CSV 신분 라벨 분해),ACTIVE,ACTIVE,5,3,한성,선전관 구순을 별군직에 차하함.,별군직 임명,confirmed_primary,A,contemporaneous_record,승정원일기,https://sjw.history.go.kr/search/inspectionDayList.do?wday=17770911L0,NA,선전관 具純·申應周를 別軍職에 차하.,NA,observed,NA,GU_PRE1793,highly_probable_not_fully_proven,OBSERVED
C001,5,5,P_JEONGJO,NA,P_JEONGJO,POL_HEUMHYUL,CONTEXT_POLICY,PROMULGATES_POLICY,,macro_context,context_policy,LUNAR,1778-01-12,1778-01-12,1778-01-12,1778-01-12,1778-01-12,EXACT_DAY,NA,day,OK,1778.0305555555556,1778.0305555555556,DERIVED_FOR_VISUALIZATION (명목 음력 소수연도; 실제 날짜 아님),국왕,UNKNOWN,NA,NA,CSV에 품계 없음 → 계산하지 않음,COURT,UNKNOWN,UNKNOWN,관직명 키워드 규칙(비-구순 인물),OBSERVED label / DERIVED scope,UNKNOWN,UNKNOWN,5,4,조선 전국,죄수의 구금·형구·옥중 처우를 정비한 《흠휼전칙》이 이루어짐.,형사절차·옥정의 제도적 배경 강화,confirmed_primary,A,contemporaneous_record,정조실록,https://sillok.history.go.kr/id/kva_10201012_002,NA,NA,NA,observed,Context only. Do not infer direct causal effect on Gu Sun without an explicit source edge.,NA,NA,OBSERVED
E002,6,6,GUSUN_PRE1793,R1_SEONJEON_BYEOLGUN_1777_1779,GUSUN_PRE1793,N_MILITARY_EXAM,CAREER_ACTIVITY,PERFORMANCE_RECOGNIZED,,career,gu_network_event,LUNAR,1778-07-04,1778-07-04,1778-07-04,1778-07-04,1778-07-04,EXACT_DAY,NA,day,OK,1778.5083333333334,1778.5083333333334,DERIVED_FOR_VISUALIZATION (명목 음력 소수연도; 실제 날짜 아님),선전관,IN_OFFICE,당상관 (노상추일기 전언; 공식 임명문 아님),NA,CSV에 품계 없음 → 계산하지 않음,COURT,HIGH,NONE_RECORDED,I003 '선전관·별군직 계열'로 별군직과 같은 계열로 묶임,DERIVED (CSV 신분 라벨 분해),ACTIVE,ACTIVE,3,NA,궁궐,철전 120보 사격 성과로 당상관이 되었다는 노상추의 일기 기록.,당상관 승진/가자 기록,reported_diary,B,contemporary_private_diary,노상추일기,https://db.history.go.kr/diachronic/level.do?levelId=sa_089r_0010_0280_0080,NA,공식 임명문이 아니라 동시대 일기에서 전하는 성과.,NA,observed,NA,GU_PRE1793,highly_probable_not_fully_proven,OBSERVED
C002,7,7,P_JEONGJO,NA,P_JEONGJO,POL_MILITARY_TAX,CONTEXT_POLICY,REINFORCES_POLICY,,macro_context,context_policy,LUNAR,1778-10-23,1778-10-23,1778-10-23,1778-10-23,1778-10-23,EXACT_DAY,NA,day,OK,1778.8111111111111,1778.8111111111111,DERIVED_FOR_VISUALIZATION (명목 음력 소수연도; 실제 날짜 아님),국왕,UNKNOWN,NA,NA,CSV에 품계 없음 → 계산하지 않음,COURT,UNKNOWN,UNKNOWN,관직명 키워드 규칙(비-구순 인물),OBSERVED label / DERIVED scope,UNKNOWN,UNKNOWN,5,4,조선 전국,죽은 사람과 어린아이에게 군포를 부과하는 백골·황구 징포를 엄금하고 도신·수령 책임을 강화.,군역 장부 및 지방행정의 책임성 강조,confirmed_primary,A,contemporaneous_record,정조실록,https://sillok.history.go.kr/id/kva_10210023_002,NA,NA,NA,observed,NA,NA,NA,OBSERVED
E003,8,8,GUSUN_PRE1793,R2_JUNGHWA_BUSA_1778,P_STATE,GUSUN_PRE1793,CAREER_APPOINTMENT,APPOINTED_AS,OFFICIAL_SUPERIOR,career,gu_network_event,LUNAR,1778-12-24,1778-12-24,1778-12-24,1778-12-24,1778-12-24,EXACT_DAY,NA,day,OK,1778.9805555555556,1778.9805555555556,DERIVED_FOR_VISUALIZATION (명목 음력 소수연도; 실제 날짜 아님),중화부사,IN_OFFICE,NA,NA,CSV에 품계 없음 → 계산하지 않음,LOCAL,LOW,중화부,외임 수령직(관직명 규칙); 관할=CSV location,DERIVED (CSV 신분 라벨 분해),ACTIVE,ACTIVE,4,3,중화부,구순을 중화부사로 임명.,중화부사 취임,confirmed_primary,A,contemporaneous_record,승정원일기,https://sjw.history.go.kr/id/SJW-G02120240-00800,NA,NA,NA,observed,NA,GU_PRE1793,highly_probable_not_fully_proven,OBSERVED
E004,9,9,GUSUN_PRE1793,R1_SEONJEON_BYEOLGUN_1777_1779,GUSUN_PRE1793,N_ROYAL_ENTOURAGE,CAREER_ACTIVITY,SERVES_IN_ROYAL_ENTOURAGE,,career,gu_network_event,LUNAR,1779-08-10,1779-08-10,1779-08-10,1779-08-10,1779-08-10,EXACT_DAY,NA,day,OK,1779.6083333333333,1779.6083333333333,DERIVED_FOR_VISUALIZATION (명목 음력 소수연도; 실제 날짜 아님),별군직,IN_OFFICE,NA,NA,CSV에 품계 없음 → 계산하지 않음,COURT,HIGH,NONE_RECORDED,E004 결과 '왕실 근거리 무관으로 활동 확인',DERIVED (CSV 신분 라벨 분해),ACTIVE,ACTIVE,3,NA,왕 행행 수행,왕의 이동 수행 명단에 별군직 구순이 포함됨.,왕실 근거리 무관으로 활동 확인,confirmed_primary,A,contemporaneous_record,승정원일기,https://sjw.history.go.kr/search/inspectionDayList.do?wday=1779-08-10L0,NA,NA,NA,observed,NA,GU_PRE1793,highly_probable_not_fully_proven,OBSERVED
E005,10,10,GUSUN_PRE1793,R3_BYEOKDONG_GUNSU_1779,P_STATE,GUSUN_PRE1793,CAREER_APPOINTMENT,APPOINTED_AS,OFFICIAL_SUPERIOR,career,gu_network_event,LUNAR,1779-12-25,1779-12-25,1779-12-25,1779-12-25,1779-12-25,EXACT_DAY,NA,day,OK,1779.9833333333333,1779.9833333333333,DERIVED_FOR_VISUALIZATION (명목 음력 소수연도; 실제 날짜 아님),벽동군수,IN_OFFICE,NA,NA,CSV에 품계 없음 → 계산하지 않음,LOCAL,LOW,벽동군,외임 수령직(관직명 규칙); 관할=CSV location,DERIVED (CSV 신분 라벨 분해),ACTIVE,ACTIVE,4,3,벽동군,구순을 벽동군수로 임명.,벽동군수 취임,confirmed_primary,A,contemporaneous_record,승정원일기,https://sjw.history.go.kr/id/SJW-G03120250-04300,NA,NA,NA,observed,NA,GU_PRE1793,highly_probable_not_fully_proven,OBSERVED
C003,11,11,P_JOSEON,NA,P_JOSEON,P_QING,CONTEXT_POLICY,DISPATCHES_CONGRATULATORY_MISSION,,macro_context,context_policy,LUNAR,1780-03-20,1780-03-20,1780-03-20,1780-03-20,1780-03-20,EXACT_DAY,NA,day,OK,1780.2194444444444,1780.2194444444444,DERIVED_FOR_VISUALIZATION (명목 음력 소수연도; 실제 날짜 아님),정부,UNKNOWN,NA,NA,CSV에 품계 없음 → 계산하지 않음,UNKNOWN,UNKNOWN,UNKNOWN,관직명 키워드 규칙(비-구순 인물),OBSERVED label / DERIVED scope,UNKNOWN,UNKNOWN,5,5,조선→청,건륭제 칠순을 계기로 박명원을 진하 겸 사은 정사로 임명해 대청 사행을 보냄.,청과의 조공·책봉 외교 및 사은·진하 수행,confirmed_primary,A,contemporaneous_record,정조실록,https://sillok.history.go.kr/id/wva_10403020_004,https://sillok.history.go.kr/id/kva_10409017_002,NA,NA,observed,NA,NA,NA,OBSERVED
I004,12,12,GUSUN_PRE1793,R4_BAENGNYEONG_CHEOMSA_1781,P_JEONGJO,GUSUN_PRE1793,IDENTITY_BRIDGE_STATEMENT,EXPLICITLY_LINKS_PRIOR_OFFICE,OFFICIAL_SUPERIOR,career_identity_bridge,identity_evidence,LUNAR,1781-12,1781-12,1781-12,1781-12-01,1781-12-30,YEAR_MONTH,NA,month,OK,1781.9166666666667,1781.9972222222223,DERIVED_FOR_VISUALIZATION (명목 음력 소수연도; 실제 날짜 아님),백령첨사,IN_OFFICE,NA,NA,CSV에 품계 없음 → 계산하지 않음,MILITARY,LOW,백령,첨사=변장 계열(관직명 규칙); CSV I004,DERIVED (CSV 신분 라벨 분해),ACTIVE,ACTIVE,5,3,중화→백령,정조가 구순을 백령에 보낸 취지가 '중화의 비정(秕政)을 씻게 하려는 것'이었다고 명시한다.,중화부사 具純과 백령첨사 具純이 동일 인물임을 왕명이 직접 연결,explicit_identity_link,A,contemporaneous_record,비변사등록/한국사데이터베이스,https://db.history.go.kr/common/compareViewer.do?levelId=bb_163_001_06_0430&type=joseon,NA,NA,NA,observed,NA,GU_PRE1793,confirmed_within_pre1793_chain,OBSERVED
C004,13,13,P_JEONGJO,NA,P_JEONGJO,POL_CHOGYE,CONTEXT_POLICY,OPERATES_POLICY,,macro_context,context_policy,LUNAR,1781-12-08,1781-12-08,1781-12-08,1781-12-08,1781-12-08,EXACT_DAY,NA,day,OK,1781.9361111111111,1781.9361111111111,DERIVED_FOR_VISUALIZATION (명목 음력 소수연도; 실제 날짜 아님),국왕,UNKNOWN,NA,NA,CSV에 품계 없음 → 계산하지 않음,COURT,UNKNOWN,UNKNOWN,관직명 키워드 규칙(비-구순 인물),OBSERVED label / DERIVED scope,UNKNOWN,UNKNOWN,5,4,한성,초계문신 친시를 실시. 정조대 관료 재교육·선발 체계의 한 축.,문신 교육·인재관리 강화,confirmed_primary,A,contemporaneous_record,정조실록,https://sillok.history.go.kr/id/kva_10512008_001,NA,NA,NA,observed,NA,NA,NA,OBSERVED
E006,14,14,GUSUN_PRE1793,R5_YEONGHEUNG_BUSA_1782_1784,P_STATE,GUSUN_PRE1793,CAREER_APPOINTMENT,APPOINTED_AS,OFFICIAL_SUPERIOR,career,gu_network_event,LUNAR,1782-12-29,1782-12-29,1782-12-29,1782-12-29,1782-12-29,EXACT_DAY,NA,day,OK,1782.9944444444445,1782.9944444444445,DERIVED_FOR_VISUALIZATION (명목 음력 소수연도; 실제 날짜 아님),영흥부사,IN_OFFICE,NA,NA,CSV에 품계 없음 → 계산하지 않음,LOCAL,LOW,영흥부,E007 '외임으로 떠나는 수령·변장 입시 명단',DERIVED (CSV 신분 라벨 분해),ACTIVE,ACTIVE,4,3,영흥부,구순을 영흥부사로 임명.,영흥부사 취임,confirmed_primary,A,contemporaneous_record,승정원일기,https://sjw.history.go.kr/id/SJW-G06120290-01300,NA,NA,NA,observed,NA,GU_PRE1793,highly_probable_not_fully_proven,OBSERVED
E007,15,15,GUSUN_PRE1793,R5_YEONGHEUNG_BUSA_1782_1784,GUSUN_PRE1793,P_JEONGJO,CAREER_ACTIVITY,DEPARTURE_AUDIENCE,OFFICIAL_SUBORDINATE,career,gu_network_event,LUNAR,1783-01-06,1783-01-06,1783-01-06,1783-01-06,1783-01-06,EXACT_DAY,NA,day,OK,1783.013888888889,1783.013888888889,DERIVED_FOR_VISUALIZATION (명목 음력 소수연도; 실제 날짜 아님),영흥부사,IN_OFFICE,NA,NA,CSV에 품계 없음 → 계산하지 않음,LOCAL,LOW,영흥부,E007 '외임으로 떠나는 수령·변장 입시 명단',DERIVED (CSV 신분 라벨 분해),ACTIVE,ACTIVE,3,5,한성,외임으로 떠나는 수령·변장 입시 명단에 영흥부사 구순이 확인됨.,영흥부사 부임 전후 활동 확인,confirmed_primary,A,contemporaneous_record,승정원일기,https://sjw.history.go.kr/id/SJW-G07010060-04100,NA,NA,NA,observed,NA,GU_PRE1793,highly_probable_not_fully_proven,OBSERVED
E008,16,16,P_SHIN_U_MUN,NA,P_SHIN_U_MUN,N_YEONGHEUNG_CLERK,ADMINISTRATIVE_CONFLICT,DISCIPLINES_SUBORDINATE,PUNISHMENT,administrative_conflict,gu_network_event,LUNAR,1784-03-17,1784-03-17,1784-03-17,1784-03-17,1784-03-17,EXACT_DAY,NA,day,OK,1784.2111111111112,1784.2111111111112,DERIVED_FOR_VISUALIZATION (명목 음력 소수연도; 실제 날짜 아님),함경중군,UNKNOWN,NA,NA,CSV에 품계 없음 → 계산하지 않음,MILITARY,UNKNOWN,UNKNOWN,관직명 키워드 규칙(비-구순 인물),OBSERVED label / DERIVED scope,UNKNOWN,UNKNOWN,4,1,함경도 영흥,함경중군 신우문이 체례 관련 일로 영흥부 아전을 가볍게 처벌.,구순과 상급자 갈등의 발단,confirmed_primary,A,contemporaneous_record,승정원일기,https://sjw.history.go.kr/id/SJW-G08030170-02000,NA,NA,NA,observed,NA,NA,NA,OBSERVED
E009,17,17,GUSUN_PRE1793,R5_YEONGHEUNG_BUSA_1782_1784,GUSUN_PRE1793,P_SHIN_U_MUN,ADMINISTRATIVE_CONFLICT,CONFLICT_WITH_SUPERIOR,CONFLICT,administrative_conflict,gu_network_event,LUNAR,1784-03-17,1784-03-17,1784-03-17,1784-03-17,1784-03-17,EXACT_DAY,NA,day,OK,1784.2111111111112,1784.2111111111112,DERIVED_FOR_VISUALIZATION (명목 음력 소수연도; 실제 날짜 아님),영흥부사,IN_OFFICE,NA,NA,CSV에 품계 없음 → 계산하지 않음,LOCAL,LOW,영흥부,E007 '외임으로 떠나는 수령·변장 입시 명단',DERIVED (CSV 신분 라벨 분해),ACTIVE,ACTIVE,3,4,함경도 영흥,자기 고을 아전이 처벌된 데 화가 난 구순의 대응이 상관을 능멸한 행위로 문제화됨.,의금부 나문 건의,contemporary_memorial_assessment,A,contemporaneous_record,승정원일기,https://sjw.history.go.kr/id/SJW-G08030170-02000,NA,사료 표현은 具純之爲下官而凌侮上官者.,NA,observed,NA,GU_PRE1793,highly_probable_not_fully_proven,OBSERVED
E010,18,18,GUSUN_PRE1793,R5_YEONGHEUNG_BUSA_1782_1784,GUSUN_PRE1793,N_CENTRAL_CAMP_CLERKS,ADMINISTRATIVE_CONFLICT,PUNITIVE_RETALIATION,CONFLICT,administrative_conflict,gu_network_event,LUNAR,1784-03-17,1784-03-17,1784-03-17,1784-03-17,1784-03-17,EXACT_DAY,NA,day,OK,1784.2111111111112,1784.2111111111112,DERIVED_FOR_VISUALIZATION (명목 음력 소수연도; 실제 날짜 아님),영흥부사,IN_OFFICE,NA,NA,CSV에 품계 없음 → 계산하지 않음,LOCAL,LOW,영흥부,E007 '외임으로 떠나는 수령·변장 입시 명단',DERIVED (CSV 신분 라벨 분해),ACTIVE,ACTIVE,3,1,함경도,구순이 중영 이속에게 장형을 가한 것으로 보고됨.,상하관계·체통 문제 확대,confirmed_primary,A,contemporaneous_record,승정원일기,https://sjw.history.go.kr/id/SJW-G08030170-02000,NA,NA,NA,observed,NA,GU_PRE1793,highly_probable_not_fully_proven,OBSERVED
E011,19,19,GUSUN_PRE1793,R5_YEONGHEUNG_BUSA_1782_1784,P_STATE,GUSUN_PRE1793,JUDICIAL_PROCEDURE,ORDERED_NAB_INTERROGATION,INVESTIGATION,administrative_scrutiny,gu_network_event,LUNAR,1784-03-18,1784-03-18,1784-03-18,1784-03-18,1784-03-18,EXACT_DAY,NA,day,OK,1784.213888888889,1784.213888888889,DERIVED_FOR_VISUALIZATION (명목 음력 소수연도; 실제 날짜 아님),영흥부사,IN_OFFICE,NA,NA,CSV에 품계 없음 → 계산하지 않음,LOCAL,LOW,영흥부,E007 '외임으로 떠나는 수령·변장 입시 명단',DERIVED (CSV 신분 라벨 분해),UNDER_INVESTIGATION,UNDER_INVESTIGATION,4,3,영흥부,교제곡 분급 문제로 구순을 의금부에서 나문하도록 명함.,행정 집행에 대한 중앙 조사,confirmed_primary,A,contemporaneous_record,승정원일기,https://sjw.history.go.kr/id/SJW-G08030180-02700,NA,NA,NA,observed,NA,GU_PRE1793,highly_probable_not_fully_proven,OBSERVED
E012,20,20,GUSUN_PRE1793,R5_YEONGHEUNG_BUSA_1782_1784,P_BIBEONSA,GUSUN_PRE1793,ADMINISTRATIVE_SCRUTINY,FLAGS_LOW_COLLECTION,REPORT,administrative_scrutiny,gu_network_event,LUNAR,1784-03-25,1784-03-25,1784-03-25,1784-03-25,1784-03-25,EXACT_DAY,NA,day,OK,1784.2333333333333,1784.2333333333333,DERIVED_FOR_VISUALIZATION (명목 음력 소수연도; 실제 날짜 아님),영흥부사,IN_OFFICE,NA,NA,CSV에 품계 없음 → 계산하지 않음,LOCAL,LOW,영흥부,E007 '외임으로 떠나는 수령·변장 입시 명단',DERIVED (CSV 신분 라벨 분해),ACTIVE,ACTIVE,4,3,함경도 영흥,함경도 원환상 수납에서 영흥부사 구순이 거말로 보고됨.,환곡 수납 실적 최하위,confirmed_primary,A,contemporaneous_record,승정원일기,https://sjw.history.go.kr/id/SJW-G08030250-00900,NA,NA,NA,observed,NA,GU_PRE1793,highly_probable_not_fully_proven,OBSERVED
E013,21,21,GUSUN_PRE1793,R5_YEONGHEUNG_BUSA_1782_1784,P_BIBEONSA,GUSUN_PRE1793,ADMINISTRATIVE_SCRUTINY,FLAGS_LOW_COLLECTION,REPORT,administrative_scrutiny,gu_network_event,LUNAR,1784-03-25,1784-03-25,1784-03-25,1784-03-25,1784-03-25,EXACT_DAY,NA,day,OK,1784.2333333333333,1784.2333333333333,DERIVED_FOR_VISUALIZATION (명목 음력 소수연도; 실제 날짜 아님),영흥부사,IN_OFFICE,NA,NA,CSV에 품계 없음 → 계산하지 않음,LOCAL,LOW,영흥부,E007 '외임으로 떠나는 수령·변장 입시 명단',DERIVED (CSV 신분 라벨 분해),ACTIVE,ACTIVE,4,3,함경도 영흥,함경도 군향 수납에서도 영흥부사 구순이 거말로 보고됨.,군향 수납 실적 최하위,confirmed_primary,A,contemporaneous_record,승정원일기,https://sjw.history.go.kr/id/SJW-G08030250-00900,NA,NA,NA,observed,NA,GU_PRE1793,highly_probable_not_fully_proven,OBSERVED
E014,22,22,GUSUN_PRE1793,R5_YEONGHEUNG_BUSA_1782_1784,P_BIBEONSA,GUSUN_PRE1793,ADMINISTRATIVE_SCRUTINY,SPARES_DUE_TO_FAMINE_RELIEF,OTHER,administrative_scrutiny,gu_network_event,LUNAR,1784-03-25,1784-03-25,1784-03-25,1784-03-25,1784-03-25,EXACT_DAY,NA,day,OK,1784.2333333333333,1784.2333333333333,DERIVED_FOR_VISUALIZATION (명목 음력 소수연도; 실제 날짜 아님),영흥부사,IN_OFFICE,NA,NA,CSV에 품계 없음 → 계산하지 않음,LOCAL,LOW,영흥부,E007 '외임으로 떠나는 수령·변장 입시 명단',DERIVED (CSV 신분 라벨 분해),ACTIVE,ACTIVE,4,3,함경도 영흥,진휼을 시행한 고을에는 분간 전례가 있다는 이유로 구순도 처벌 대상에서 분간됨.,수납 부진 처분 면제,confirmed_primary,A,contemporaneous_record,승정원일기,https://sjw.history.go.kr/id/SJW-G08030250-00900,NA,수납 부진은 확인되지만 부패를 뜻하지는 않음.,NA,observed,NA,GU_PRE1793,highly_probable_not_fully_proven,OBSERVED
E015,23,23,GUSUN_PRE1793,R5_YEONGHEUNG_BUSA_1782_1784,P_UIGEUMBU,GUSUN_PRE1793,JUDICIAL_PROCEDURE,DEFERRED_ARREST,INVESTIGATION,administrative_conflict,gu_network_event,LUNAR,1784-04-30,1784-04-30,1784-04-30,1784-04-30,1784-04-30,EXACT_DAY,NA,day,OK,1784.3305555555555,1784.3305555555555,DERIVED_FOR_VISUALIZATION (명목 음력 소수연도; 실제 날짜 아님),영흥부사(겸영장),IN_OFFICE,NA,NA,CSV에 품계 없음 → 계산하지 않음,LOCAL,LOW,영흥부 + 영장 겸임,E015 support note '겸영장 수령 차겸관',DERIVED (CSV 신분 라벨 분해),UNDER_INVESTIGATION,UNDER_INVESTIGATION,4,3,영흥부,구순의 '상관과 서로 겨룬 죄'에 대한 나처를 진휼 종료 뒤로 미룸.,재임 중 조사 유예,confirmed_primary,A,contemporaneous_record,승정원일기,https://sjw.history.go.kr/search/inspectionDayList.do?wday=17840430L0,NA,사료는 구순을 겸영장 수령 차겸관으로 설명.,NA,observed,NA,GU_PRE1793,highly_probable_not_fully_proven,OBSERVED
E016,24,24,GUSUN_PRE1793,R5_YEONGHEUNG_BUSA_1782_1784,P_JEONGJO,GUSUN_PRE1793,CAREER_REWARD,REWARDS_RELIEF_PERFORMANCE,OFFICIAL_SUPERIOR,career,gu_network_event,LUNAR,1784-07-16,1784-07-16,1784-07-16,1784-07-16,1784-07-16,EXACT_DAY,NA,day,OK,1784.5416666666667,1784.5416666666667,DERIVED_FOR_VISUALIZATION (명목 음력 소수연도; 실제 날짜 아님),영흥부사,IN_OFFICE,NA,NA,CSV에 품계 없음 → 계산하지 않음,LOCAL,LOW,영흥부,E007 '외임으로 떠나는 수령·변장 입시 명단',DERIVED (CSV 신분 라벨 분해),UNDER_INVESTIGATION,ACTIVE,5,3,함경도 영흥,진휼 실적이 전최에서 '최'로 평가되었다며 기존 나처를 분간하고 새서표리를 내림.,징계 유예/면제 + 포상,confirmed_primary,A,contemporaneous_record,정조실록,https://sillok.history.go.kr/id/kva_10807016_004,NA,정조는 동시에 자비 마련 곡물의 조달 방식 전반에 대한 남징 가능성을 경계했으나 구순의 불법 수탈을 개별 확정한 것은 아님.,NA,observed,NA,GU_PRE1793,highly_probable_not_fully_proven,OBSERVED
E017,25,25,GUSUN_PRE1793,R6_BYEOLGUN_EXILE_1784,P_JEONGJO,GUSUN_PRE1793,PUNISHMENT_SENTENCE,EXILES_FOR_EVADING_TEST,PUNISHMENT,discipline,gu_network_event,LUNAR,1784-09-23,1784-09-23,1784-09-23,1784-09-23,1784-09-23,EXACT_DAY,NA,day,OK,1784.7277777777779,1784.7277777777779,DERIVED_FOR_VISUALIZATION (명목 음력 소수연도; 실제 날짜 아님),별군직,IN_OFFICE,NA,NA,CSV에 품계 없음 → 계산하지 않음,COURT,HIGH,NONE_RECORDED,E004 결과 '왕실 근거리 무관으로 활동 확인',DERIVED (CSV 신분 라벨 분해),ACTIVE,EXILED,5,3,춘당대,별군직 마상재 시험에서 구순이 무예가 있으면서 핑계를 댔다고 하여 정배 명령.,1784년 정배,confirmed_primary,A,contemporaneous_record,정조실록,https://sillok.history.go.kr/id/kva_10809023_002,NA,NA,NA,observed,NA,GU_PRE1793,highly_probable_not_fully_proven,OBSERVED
E018,26,26,GUSUN_PRE1793,R6_BYEOLGUN_EXILE_1784,GUSUN_PRE1793,N_UNKNOWN_STATE,STATE_GAP,STATE_GAP,,gap,gu_network_event,LUNAR,1784-09-24,1784-09-24,1787-01-02,1784-09-24,1787-01-02,RANGE,NA,interval,OK,1784.7305555555556,1787.0027777777777,DERIVED_FOR_VISUALIZATION (명목 음력 소수연도; 실제 날짜 아님),NA,NONE,NA,NA,CSV에 품계 없음 → 계산하지 않음,NONE,NONE,NONE,현직 없음(정배·수감 등은 관직 level이 아닌 career_state),DERIVED (CSV 신분 라벨 분해),EXILED,EXILED,1,NA,미상,1784년 정배 이후 1787년 별군직으로 재등장하기까지 해배·복귀 과정이 현재 자료에서 확인되지 않음.,미관측 상태 구간,unknown_gap,U,research_gap,NA,NA,NA,NA,NA,unknown_not_zero,DBN/HMM에서 release/reappointment를 잠재상태로 처리. 기록 없음=사건 없음으로 코딩하지 말 것.,GU_PRE1793,highly_probable_not_fully_proven,OBSERVED_GAP
C005,27,27,P_JEONGJO,NA,P_JEONGJO,POL_DAEJEON,CONTEXT_POLICY,PROMULGATES_CODE,,macro_context,context_policy,LUNAR,1785-09-11,1785-09-11,1785-09-11,1785-09-11,1785-09-11,EXACT_DAY,NA,day,OK,1785.6944444444443,1785.6944444444443,DERIVED_FOR_VISUALIZATION (명목 음력 소수연도; 실제 날짜 아님),국왕,UNKNOWN,NA,NA,CSV에 품계 없음 → 계산하지 않음,COURT,UNKNOWN,UNKNOWN,관직명 키워드 규칙(비-구순 인물),OBSERVED label / DERIVED scope,UNKNOWN,UNKNOWN,5,4,조선 전국,기존 법전과 수교를 통합한 《대전통편》을 반포. 형전을 포함해 현행 제도와 조문을 대조·정비.,정조대 국가 법체계 표준화,confirmed_primary,A,contemporaneous_record,정조실록,https://sillok.history.go.kr/id/kva_10909011_002,NA,NA,NA,observed,NA,NA,NA,OBSERVED
C006,28,28,P_JEONGJO,NA,P_JEONGJO,POL_BYEONGHAK,CONTEXT_POLICY,PROMULGATES_MILITARY_MANUAL,,macro_context,context_policy,LUNAR,1785-09-11,1785-09-11,1785-09-11,1785-09-11,1785-09-11,EXACT_DAY,NA,day,OK,1785.6944444444443,1785.6944444444443,DERIVED_FOR_VISUALIZATION (명목 음력 소수연도; 실제 날짜 아님),국왕,UNKNOWN,NA,NA,CSV에 품계 없음 → 계산하지 않음,COURT,UNKNOWN,UNKNOWN,관직명 키워드 규칙(비-구순 인물),OBSERVED label / DERIVED scope,UNKNOWN,UNKNOWN,5,4,조선 전국,각 군영·지방의 조련 방식 차이를 정리한 《병학통》을 완성·인쇄 반포.,군제·훈련 절차 표준화,confirmed_primary,A,contemporaneous_record,정조실록,https://sillok.history.go.kr/id/kva_10909011_003,NA,NA,NA,observed,NA,NA,NA,OBSERVED
E019,29,29,GUSUN_PRE1793,R7_BYEOLGUN_JEJU_EXILE_1787,GUSUN_PRE1793,P_LEE_YUNBIN,INTERPERSONAL_CONFLICT,PRIVATE_CONFLICT,CONFLICT,false_accusation_1787,gu_network_event,LUNAR,1787-01-03,1787-01-03,1787-01-03,1787-01-03,1787-01-03,EXACT_DAY,NA,day,OK,1787.0055555555555,1787.0055555555555,DERIVED_FOR_VISUALIZATION (명목 음력 소수연도; 실제 날짜 아님),별군직,IN_OFFICE,NA,NA,CSV에 품계 없음 → 계산하지 않음,COURT,HIGH,NONE_RECORDED,E004 결과 '왕실 근거리 무관으로 활동 확인',DERIVED (CSV 신분 라벨 분해),ACTIVE,ACTIVE,3,3,한성/왕실 무관 조직,구순과 이윤빈 사이에 기존의 틈(有隙)이 있었다고 실록이 명시.,사적 갈등 존재,confirmed_primary,A,contemporaneous_record,정조실록,https://sillok.history.go.kr/id/kva_11101003_003,https://sjw.history.go.kr/search/inspectionDayList.do?wday=17870103L0,NA,NA,observed,NA,GU_PRE1793,highly_probable_not_fully_proven,OBSERVED
E020,30,30,GUSUN_PRE1793,R7_BYEOLGUN_JEJU_EXILE_1787,GUSUN_PRE1793,P_LEE_YUNBIN,ACCUSATION_ACT,FALSE_ACCUSATION,ACCUSATION,false_accusation_1787,gu_network_event,LUNAR,1787-01-03,1787-01-03,1787-01-03,1787-01-03,1787-01-03,EXACT_DAY,NA,day,OK,1787.0055555555555,1787.0055555555555,DERIVED_FOR_VISUALIZATION (명목 음력 소수연도; 실제 날짜 아님),별군직,IN_OFFICE,NA,NA,CSV에 품계 없음 → 계산하지 않음,COURT,HIGH,NONE_RECORDED,E004 결과 '왕실 근거리 무관으로 활동 확인',DERIVED (CSV 신분 라벨 분해),ACTIVE,ACTIVE,3,3,한성/왕실 무관 조직,정조가 구순이 이윤빈을 얽어 모함(構誣)했다고 판단.,무고 판정,royal_final_assessment,A,contemporaneous_record,정조실록,https://sillok.history.go.kr/id/kva_11101003_003,https://sjw.history.go.kr/search/inspectionDayList.do?wday=17870103L0,NA,NA,observed,NA,GU_PRE1793,highly_probable_not_fully_proven,OBSERVED
E021,31,31,GUSUN_PRE1793,R7_BYEOLGUN_JEJU_EXILE_1787,GUSUN_PRE1793,P_RYU_HYOWON,ACCUSATION_ACT,IMPLICATES_AS_ASSOCIATE,ACCUSATION,false_accusation_1787,gu_network_event,LUNAR,1787-01-03,1787-01-03,1787-01-03,1787-01-03,1787-01-03,EXACT_DAY,NA,day,OK,1787.0055555555555,1787.0055555555555,DERIVED_FOR_VISUALIZATION (명목 음력 소수연도; 실제 날짜 아님),별군직,IN_OFFICE,NA,NA,CSV에 품계 없음 → 계산하지 않음,COURT,HIGH,NONE_RECORDED,E004 결과 '왕실 근거리 무관으로 활동 확인',DERIVED (CSV 신분 라벨 분해),ACTIVE,ACTIVE,3,1,한성,구순이 종형 유효원을 이윤빈의 동정자로 엮고 자신이 증인이 된 행위가 지적됨.,증거 구성/연루,royal_final_assessment,A,contemporaneous_record,승정원일기,https://sjw.history.go.kr/search/inspectionDayList.do?wday=17870103L0,https://sillok.history.go.kr/id/kva_11101003_003,NA,NA,observed,NA,GU_PRE1793,highly_probable_not_fully_proven,OBSERVED
E022,32,32,GUSUN_PRE1793,R7_BYEOLGUN_JEJU_EXILE_1787,GUSUN_PRE1793,P_JO_HAKSIN,ACCUSATION_ACT,INSTIGATES,OTHER,false_accusation_1787,gu_network_event,LUNAR,1787-01-03,1787-01-03,1787-01-03,1787-01-03,1787-01-03,EXACT_DAY,NA,day,OK,1787.0055555555555,1787.0055555555555,DERIVED_FOR_VISUALIZATION (명목 음력 소수연도; 실제 날짜 아님),별군직,IN_OFFICE,NA,NA,CSV에 품계 없음 → 계산하지 않음,COURT,HIGH,NONE_RECORDED,E004 결과 '왕실 근거리 무관으로 활동 확인',DERIVED (CSV 신분 라벨 분해),ACTIVE,ACTIVE,3,3,한성,조학신이 장전 친문에서 구순의 종용을 받았다고 진술한 것으로 기록됨.,조학신도 별도 처벌,confession_reported_by_court,A,contemporaneous_record,승정원일기,https://sjw.history.go.kr/search/inspectionDayList.do?wday=17870103L0,NA,조학신이 허위성을 처음부터 공유했는지까지는 확정하지 않음.,NA,observed,NA,GU_PRE1793,highly_probable_not_fully_proven,OBSERVED
E023,33,33,GUSUN_PRE1793,R7_BYEOLGUN_JEJU_EXILE_1787,P_JEONGJO,GUSUN_PRE1793,PUNISHMENT_SENTENCE,PUNISHES_FALSE_ACCUSATION,PUNISHMENT,false_accusation_1787,gu_network_event,LUNAR,1787-01-03,1787-01-03,1787-01-03,1787-01-03,1787-01-03,EXACT_DAY,NA,day,OK,1787.0055555555555,1787.0055555555555,DERIVED_FOR_VISUALIZATION (명목 음력 소수연도; 실제 날짜 아님),NA,NONE,NA,NA,CSV에 품계 없음 → 계산하지 않음,NONE,NONE,NONE,현직 없음(정배·수감 등은 관직 level이 아닌 career_state),DERIVED (CSV 신분 라벨 분해),UNDER_INVESTIGATION,EXILED,5,1,제주목,"구순에게 죽지 않을 만큼 곤장 30대를 치고, 사형을 감하여 제주목 정배, 사면에서 제외하라고 명함.",限死決棍三十度 + 濟州牧減死定配 + 勿揀赦典,final_sentence,A,contemporaneous_record,승정원일기,https://sjw.history.go.kr/search/inspectionDayList.do?wday=17870103L0,https://sillok.history.go.kr/id/kva_11101003_003,NA,NA,observed,NA,GU_PRE1793,highly_probable_not_fully_proven,OBSERVED
E024,34,34,GUSUN_PRE1793,R7_BYEOLGUN_JEJU_EXILE_1787,P_JEONGJO,GUSUN_PRE1793,ROYAL_STATEMENT,NOTES_PRIOR_LENIENCY,OTHER,false_accusation_1787,gu_network_event,LUNAR,1787-01-03,1787-01-03,1787-01-03,1787-01-03,1787-01-03,EXACT_DAY,NA,day,OK,1787.0055555555555,1787.0055555555555,DERIVED_FOR_VISUALIZATION (명목 음력 소수연도; 실제 날짜 아님),NA,NONE,NA,NA,CSV에 품계 없음 → 계산하지 않음,NONE,NONE,NONE,현직 없음(정배·수감 등은 관직 level이 아닌 career_state),DERIVED (CSV 신분 라벨 분해),UNDER_INVESTIGATION,UNDER_INVESTIGATION,5,1,한성,정조가 조정이 구순을 전후로 여러 차례 곡진히 살려준 은혜를 언급.,이전 선처 전력 존재 가능성 시사,royal_statement,A,contemporaneous_record,승정원일기,https://sjw.history.go.kr/search/inspectionDayList.do?wday=17870103L0,NA,NA,NA,observed,추가 미확인 사건의 존재 가능성을 나타내는 단서. 개별 사건으로 추정 생성하지 말 것.,GU_PRE1793,highly_probable_not_fully_proven,OBSERVED
E025,35,35,GUSUN_PRE1793,R7_BYEOLGUN_JEJU_EXILE_1787,GUSUN_PRE1793,N_UNKNOWN_RELEASE,STATE_GAP,STATE_GAP,,gap,gu_network_event,LUNAR,1787-01-04,1787-01-04,1793-02-21,1787-01-04,1793-02-21,RANGE,NA,interval,OK,1787.0083333333334,1793.138888888889,DERIVED_FOR_VISUALIZATION (명목 음력 소수연도; 실제 날짜 아님),NA,NONE,NA,NA,CSV에 품계 없음 → 계산하지 않음,NONE,NONE,NONE,현직 없음(정배·수감 등은 관직 level이 아닌 career_state),DERIVED (CSV 신분 라벨 분해),EXILED,EXILED,1,NA,제주→청주 덕평 사이,1787 제주목 감사정배·물간사전 이후 1793 청주 덕평 거주까지 해배·감형·이동 경위가 미확인.,핵심 미관측 구간,unknown_gap,U,research_gap,NA,NA,NA,NA,NA,unknown_not_zero,일반 사면으로 자동 해석 금지. 1787 처분에 勿揀赦典이 명시됨.,GU_PRE1793,highly_probable_not_fully_proven,OBSERVED_GAP
C007,36,36,P_BIBEONSA,NA,P_BIBEONSA,POL_OFFICIAL_INTERROGATION,CONTEXT_POLICY,CLARIFIES_CRIMINAL_PROCEDURE,,macro_context,context_policy,LUNAR,1787-02-22,1787-02-22,1787-02-22,1787-02-22,1787-02-22,EXACT_DAY,NA,day,OK,1787.1416666666667,1787.1416666666667,DERIVED_FOR_VISUALIZATION (명목 음력 소수연도; 실제 날짜 아님),중앙 관서,UNKNOWN,NA,NA,CSV에 품계 없음 → 계산하지 않음,CENTRAL,UNKNOWN,UNKNOWN,관직명 키워드 규칙(비-구순 인물),OBSERVED label / DERIVED scope,UNKNOWN,UNKNOWN,4,4,조선 전국,향촌에 있는 당상 조관의 살인사건에서 관찰사의 계문·고신 절차를 어떻게 적용할지 논의·확정.,관료 피의자에 대한 형사절차의 위계적 통제 확인,confirmed_primary,A,contemporaneous_record,비변사등록,https://db.history.go.kr/id/bb_170_001_02_0460,NA,NA,NA,observed,NA,NA,NA,OBSERVED
C010,37,37,P_JOSEON,NA,P_JOSEON,P_QING,CONTEXT_POLICY,CONGRATULATORY_MISSION_TO_REHE,,macro_context,context_policy,LUNAR,1790-06-27,1790-06-27,1790-06-27,1790-06-27,1790-06-27,EXACT_DAY,NA,day,OK,1790.4888888888888,1790.4888888888888,DERIVED_FOR_VISUALIZATION (명목 음력 소수연도; 실제 날짜 아님),정부,UNKNOWN,NA,NA,CSV에 품계 없음 → 계산하지 않음,UNKNOWN,UNKNOWN,UNKNOWN,관직명 키워드 규칙(비-구순 인물),OBSERVED label / DERIVED scope,UNKNOWN,UNKNOWN,5,5,조선→열하,황인점 등의 진하 겸 사은사가 건륭제 팔순 만수절 연회에 맞추어 열하로 가도록 청 측의 독촉 공문을 받음.,건륭 80세 진하 외교 수행,confirmed_primary,A,contemporaneous_record,정조실록,https://sillok.history.go.kr/id/kva_11406027_001,NA,NA,NA,observed,NA,NA,NA,OBSERVED
C012,38,38,P_JEONGJO,NA,P_JEONGJO,POL_HWASEONG_ADMIN,CONTEXT_POLICY,REORGANIZES_SUWON_HWASEONG,,macro_context,context_policy,LUNAR,1793-01-12,1793-01-12,1793-01-12,1793-01-12,1793-01-12,EXACT_DAY,NA,day,OK,1793.0305555555556,1793.0305555555556,DERIVED_FOR_VISUALIZATION (명목 음력 소수연도; 실제 날짜 아님),국왕,UNKNOWN,NA,NA,CSV에 품계 없음 → 계산하지 않음,COURT,UNKNOWN,UNKNOWN,관직명 키워드 규칙(비-구순 인물),OBSERVED label / DERIVED scope,UNKNOWN,UNKNOWN,5,4,수원/화성,"수원부를 화성으로 개칭하고 부사를 유수로 승격, 장용외사·행궁정리사를 겸하게 하며 장용외영 체제를 정비.",왕권·군사·지방행정의 결합 강화,confirmed_primary,A,contemporaneous_record,정조실록,https://sillok.history.go.kr/id/kva_11701012_002,NA,NA,NA,observed,NA,NA,NA,OBSERVED
E028,39,39,P_NABOK,NA,P_NABOK,P_MYEONGEOP,REPORT,REPORTS_ROBBERY,REPORT,kim_case_1793,gu_network_event,LUNAR,1793-02-22,1793-02-22,1793-02-22,1793-02-22,1793-02-22,EXACT_DAY,NA,day,OK,1793.1416666666667,1793.1416666666667,DERIVED_FOR_VISUALIZATION (명목 음력 소수연도; 실제 날짜 아님),구순 집 종,UNKNOWN,NA,NA,CSV에 품계 없음 → 계산하지 않음,UNKNOWN,UNKNOWN,UNKNOWN,관직명 키워드 규칙(비-구순 인물),OBSERVED label / DERIVED scope,UNKNOWN,UNKNOWN,0,0,청주 덕평,나복이 명업을 불러 도적 30여 명이 들어 돈과 물품을 훔쳤다고 알림.,도난 사건 서사의 최초 확인 증언,witness_testimony_final_inquiry,A,contemporaneous_record,정조실록,https://sillok.history.go.kr/id/kva_11706013_003,NA,NA,NA,observed,NA,NA,NA,OBSERVED
E029,40,40,GUSUN_1793PLUS,R8A_FORMER_BUSA_KIM_CASE_1793,GUSUN_1793PLUS,N_ROBBERY_EVENT,CASE_ORIGIN,REPORTS_OR_EXPANDS_ROBBERY,,kim_case_1793,gu_network_event,LUNAR,1793-02-22,1793-02-22,1793-02-22,1793-02-22,1793-02-22,EXACT_DAY,NA,day,OK,1793.1416666666667,1793.1416666666667,DERIVED_FOR_VISUALIZATION (명목 음력 소수연도; 실제 날짜 아님),전 부사(府名 미상),FORMER,NA,NA,CSV에 품계 없음 → 계산하지 않음,NONE,NONE,NONE,비현직: 과거 관직 이력일 뿐 현재 관할 없음,DERIVED (CSV 신분 라벨 분해),FORMER_OFFICIAL,FORMER_OFFICIAL,1,NA,청주 덕평,최종 안핵 결과는 약간의 도난 자체는 실제였으나 구순이 이를 과장·의혹화했다고 판단.,도난 실재 + 과장/의혹 조성,final_investigation_finding,A,contemporaneous_record,정조실록,https://sillok.history.go.kr/id/kva_11706013_003,NA,NA,NA,observed,NA,GU_1793PLUS,internally_continuous,OBSERVED
E031,41,41,P_HAN_JAEUK,NA,P_HAN_JAEUK,P_LEE_JINUK,ARREST_DETENTION,ORDERS_ARREST,COMMAND,kim_case_1793,gu_network_event,LUNAR,1793-02-28,1793-02-28,1793-02-28,1793-02-28,1793-02-28,EXACT_DAY,NA,day,OK,1793.1583333333333,1793.1583333333333,DERIVED_FOR_VISUALIZATION (명목 음력 소수연도; 실제 날짜 아님),병영 비장,UNKNOWN,NA,NA,CSV에 품계 없음 → 계산하지 않음,MILITARY,UNKNOWN,UNKNOWN,관직명 키워드 규칙(비-구순 인물),OBSERVED label / DERIVED scope,UNKNOWN,UNKNOWN,2,2,충청 병영/덕평,한재욱이 이진욱·조계완 등에게 변지돌·정원돌을 잡으라고 지시.,강제수사 확대,witness_testimony_final_inquiry,A,contemporaneous_record,정조실록,https://sillok.history.go.kr/id/kva_11706013_003,NA,NA,NA,observed,NA,NA,NA,OBSERVED
E032,42,42,P_HAN_JAEUK,NA,P_HAN_JAEUK,P_LEE_JINUK,INVESTIGATION_ACT,PROVIDES_IRON_WHIPS,COMMAND,kim_case_1793,gu_network_event,LUNAR,1793-02-28,1793-02-28,1793-02-28,1793-02-28,1793-02-28,EXACT_DAY,NA,day,OK,1793.1583333333333,1793.1583333333333,DERIVED_FOR_VISUALIZATION (명목 음력 소수연도; 실제 날짜 아님),병영 비장,UNKNOWN,NA,NA,CSV에 품계 없음 → 계산하지 않음,MILITARY,UNKNOWN,UNKNOWN,관직명 키워드 규칙(비-구순 인물),OBSERVED label / DERIVED scope,UNKNOWN,UNKNOWN,2,2,충청 병영,한재욱이 체포 과정에 철편 네 개를 만들어 주었다는 이진욱의 진술.,강압적 체포 수단 제공,witness_testimony_final_inquiry,A,contemporaneous_record,정조실록,https://sillok.history.go.kr/id/kva_11706013_003,NA,NA,NA,observed,NA,NA,NA,OBSERVED
E033,43,43,P_LEE_JINUK,NA,P_LEE_JINUK,P_JA_MIDEOK,ARREST_DETENTION,ARRESTS_SUBSTITUTE_TARGET,DETENTION,kim_case_1793,gu_network_event,LUNAR,1793-02-28,1793-02-28,1793-02-28,1793-02-28,1793-02-28,EXACT_DAY,NA,day,OK,1793.1583333333333,1793.1583333333333,DERIVED_FOR_VISUALIZATION (명목 음력 소수연도; 실제 날짜 아님),청주진 장교,UNKNOWN,NA,NA,CSV에 품계 없음 → 계산하지 않음,MILITARY,UNKNOWN,UNKNOWN,관직명 키워드 규칙(비-구순 인물),OBSERVED label / DERIVED scope,UNKNOWN,UNKNOWN,2,1,청주/덕평,"변지돌이 이미 공주진에 잡혀가자, 이진욱 일행이 그 동생 변재돌의 처 자미덕을 체포.",가족까지 수사망에 편입,witness_testimony_final_inquiry,A,contemporaneous_record,정조실록,https://sillok.history.go.kr/id/kva_11706013_003,NA,NA,NA,observed,NA,NA,NA,OBSERVED
E034,44,44,GUSUN_1793PLUS,R8A_FORMER_BUSA_KIM_CASE_1793,GUSUN_1793PLUS,P_LEE_JINUK,REPORT,PROVIDES_ROBBERY_DETAILS,REPORT,kim_case_1793,gu_network_event,LUNAR,1793-02-28,1793-02-28,1793-02-28,1793-02-28,1793-02-28,EXACT_DAY,NA,day,OK,1793.1583333333333,1793.1583333333333,DERIVED_FOR_VISUALIZATION (명목 음력 소수연도; 실제 날짜 아님),전 부사(府名 미상),FORMER,NA,NA,CSV에 품계 없음 → 계산하지 않음,NONE,NONE,NONE,비현직: 과거 관직 이력일 뿐 현재 관할 없음,DERIVED (CSV 신분 라벨 분해),FORMER_OFFICIAL,FORMER_OFFICIAL,1,2,구순 집,이진욱 일행이 구순 집에 들르자 구순이 잃은 물건과 도적의 호칭을 설명.,수사정보 제공,witness_testimony_final_inquiry,A,contemporaneous_record,정조실록,https://sillok.history.go.kr/id/kva_11706013_003,NA,NA,NA,observed,NA,GU_1793PLUS,internally_continuous,OBSERVED
E026,45,45,GUSUN_1793PLUS,R8A_FORMER_BUSA_KIM_CASE_1793,P_KIM_MYEONGSIN,GUSUN_1793PLUS,INTERPERSONAL_RELATION_STATE,PRIOR_FRIENDSHIP,FRIENDLY_ASSOCIATION,kim_case_1793,gu_network_event,LUNAR,1793-02-early,1793-02,1793-02,1793-02-01,1793-02-30,YEAR_MONTH,early,day,CSV_SAYS_DAY_BUT_VALUE_IS_MONTH_LEVEL,1793.0833333333333,1793.1638888888888,DERIVED_FOR_VISUALIZATION (명목 음력 소수연도; 실제 날짜 아님),전 부사(府名 미상),FORMER,NA,NA,CSV에 품계 없음 → 계산하지 않음,NONE,NONE,NONE,비현직: 과거 관직 이력일 뿐 현재 관할 없음,DERIVED (CSV 신분 라벨 분해),FORMER_OFFICIAL,FORMER_OFFICIAL,1,1,청주 덕평,김명신과 구순은 본래 친숙하여 날마다 상종했다고 명업이 진술.,친밀 관계의 선행 상태,witness_testimony_final_inquiry,A,contemporaneous_record,정조실록,https://sillok.history.go.kr/id/kva_11706013_003,NA,NA,NA,observed,NA,GU_1793PLUS,internally_continuous,OBSERVED
E027,46,46,GUSUN_1793PLUS,R8A_FORMER_BUSA_KIM_CASE_1793,P_KIM_MYEONGSIN,GUSUN_1793PLUS,INTERPERSONAL_CONFLICT,REBUKES_AND_BREAKS_CONTACT,CONFLICT,kim_case_1793,gu_network_event,LUNAR,1793-02-early,1793-02,1793-02,1793-02-01,1793-02-30,YEAR_MONTH,early,day,CSV_SAYS_DAY_BUT_VALUE_IS_MONTH_LEVEL,1793.0833333333333,1793.1638888888888,DERIVED_FOR_VISUALIZATION (명목 음력 소수연도; 실제 날짜 아님),전 부사(府名 미상),FORMER,NA,NA,CSV에 품계 없음 → 계산하지 않음,NONE,NONE,NONE,비현직: 과거 관직 이력일 뿐 현재 관할 없음,DERIVED (CSV 신분 라벨 분해),FORMER_OFFICIAL,FORMER_OFFICIAL,1,1,청주 덕평,김명신이 박거사 문제로 구순을 편지로 꾸짖은 뒤 서로 왕래가 끊겼다고 명업이 진술.,친밀→갈등 관계 전환,witness_testimony_final_inquiry,A,contemporaneous_record,정조실록,https://sillok.history.go.kr/id/kva_11706013_003,NA,NA,NA,observed,NA,GU_1793PLUS,internally_continuous,OBSERVED
E030,47,47,GUSUN_1793PLUS,R8A_FORMER_BUSA_KIM_CASE_1793,GUSUN_1793PLUS,N_UNNAMED_OFFICER,PRIVATE_CONTACT,PRIVATE_CONTACT_WITH_OFFICER,OTHER,kim_case_1793,gu_network_event,LUNAR,1793-02-late,1793-02,1793-02,1793-02-01,1793-02-30,YEAR_MONTH,late,day,CSV_SAYS_DAY_BUT_VALUE_IS_MONTH_LEVEL,1793.0833333333333,1793.1638888888888,DERIVED_FOR_VISUALIZATION (명목 음력 소수연도; 실제 날짜 아님),전 부사(府名 미상),FORMER,NA,NA,CSV에 품계 없음 → 계산하지 않음,NONE,NONE,NONE,비현직: 과거 관직 이력일 뿐 현재 관할 없음,DERIVED (CSV 신분 라벨 분해),FORMER_OFFICIAL,FORMER_OFFICIAL,1,2,구순 집 안행랑,체포령 뒤 교졸들이 왔을 때 구순이 한 장교를 안행랑으로 불러 조용히 대화했다고 명업이 진술; 내용은 듣지 못함.,"접촉 사실만 확인, 내용 미상",witness_testimony_final_inquiry,B,contemporaneous_record,정조실록,https://sillok.history.go.kr/id/kva_11706013_003,NA,대화 내용이나 공모 여부는 확인되지 않으므로 collaborator로 확정 금지.,NA,observed,NA,GU_1793PLUS,internally_continuous,OBSERVED
E038,48,48,GUSUN_1793PLUS,R8A_FORMER_BUSA_KIM_CASE_1793,GUSUN_1793PLUS,P_YU_JEHUI,REPORT,PROVIDES_SUSPECT_NAME,REPORT,kim_case_1793,gu_network_event,LUNAR,1793-03,1793-03,1793-03,1793-03-01,1793-03-30,YEAR_MONTH,NA,day,CSV_SAYS_DAY_BUT_VALUE_IS_MONTH_LEVEL,1793.1666666666667,1793.2472222222223,DERIVED_FOR_VISUALIZATION (명목 음력 소수연도; 실제 날짜 아님),전 부사(府名 미상),FORMER,NA,NA,CSV에 품계 없음 → 계산하지 않음,NONE,NONE,NONE,비현직: 과거 관직 이력일 뿐 현재 관할 없음,DERIVED (CSV 신분 라벨 분해),FORMER_OFFICIAL,FORMER_OFFICIAL,1,2,청주 덕평,유제희가 탐문할 때 구순이 풍각 김상제(김명신)도 매우 수상하다고 말했다고 유제희가 진술.,김명신이 공식 혐의자 명단에 들어가는 정보 입력,admission_in_final_inquiry,A,contemporaneous_record,정조실록,https://sillok.history.go.kr/id/kva_11706013_003,NA,NA,NA,observed,NA,GU_1793PLUS,internally_continuous,OBSERVED
E039,49,49,P_YU_JEHUI,NA,P_YU_JEHUI,P_HAN_JAEUK,REPORT,SUBMITS_SUSPECT_LIST,REPORT,kim_case_1793,gu_network_event,LUNAR,1793-03,1793-03,1793-03,1793-03-01,1793-03-30,YEAR_MONTH,NA,day,CSV_SAYS_DAY_BUT_VALUE_IS_MONTH_LEVEL,1793.1666666666667,1793.2472222222223,DERIVED_FOR_VISUALIZATION (명목 음력 소수연도; 실제 날짜 아님),병영 영리,UNKNOWN,NA,NA,CSV에 품계 없음 → 계산하지 않음,MILITARY,UNKNOWN,UNKNOWN,관직명 키워드 규칙(비-구순 인물),OBSERVED label / DERIVED scope,UNKNOWN,UNKNOWN,2,2,충청 병영,유제희가 변지돌·변재돌·정원돌·김명신·김성손·김흥득·김흥길의 이름을 적어 병영에 보고했다고 한재욱이 진술.,다수 민간인이 공식 수사 대상화,testimony_in_final_inquiry,A,contemporaneous_record,정조실록,https://sillok.history.go.kr/id/kva_11706013_003,NA,NA,NA,observed,NA,NA,NA,OBSERVED
E040,50,50,P_HAN_JAEUK,NA,P_HAN_JAEUK,P_JA_MIDEOK,INVESTIGATION_ACT,COERCES_FALSE_IDENTIFICATION,INVESTIGATION,kim_case_1793,gu_network_event,LUNAR,1793-03,1793-03,1793-03,1793-03-01,1793-03-30,YEAR_MONTH,NA,day,CSV_SAYS_DAY_BUT_VALUE_IS_MONTH_LEVEL,1793.1666666666667,1793.2472222222223,DERIVED_FOR_VISUALIZATION (명목 음력 소수연도; 실제 날짜 아님),병영 비장,UNKNOWN,NA,NA,CSV에 품계 없음 → 계산하지 않음,MILITARY,UNKNOWN,UNKNOWN,관직명 키워드 규칙(비-구순 인물),OBSERVED label / DERIVED scope,UNKNOWN,UNKNOWN,2,1,충청 병영,한재욱이 자미덕에게 정원돌(鄭原乭) 등을 큰 도적이라고 말하면 부부를 풀어주겠다는 취지로 반복 회유·압박했다고 자미덕이 진술.,정원돌에 대한 허위 지목 유도,witness_testimony_final_inquiry,A,contemporaneous_record,정조실록,https://sillok.history.go.kr/id/kva_11706013_003,NA,NA,NA,observed,downstream_target=P_JEONG_WONDOL,NA,NA,OBSERVED
E041,51,51,P_HAN_JAEUK,NA,P_HAN_JAEUK,P_JA_MIDEOK,INVESTIGATION_ACT,COERCES_FALSE_IDENTIFICATION,INVESTIGATION,kim_case_1793,gu_network_event,LUNAR,1793-03,1793-03,1793-03,1793-03-01,1793-03-30,YEAR_MONTH,NA,day,CSV_SAYS_DAY_BUT_VALUE_IS_MONTH_LEVEL,1793.1666666666667,1793.2472222222223,DERIVED_FOR_VISUALIZATION (명목 음력 소수연도; 실제 날짜 아님),병영 비장,UNKNOWN,NA,NA,CSV에 품계 없음 → 계산하지 않음,MILITARY,UNKNOWN,UNKNOWN,관직명 키워드 규칙(비-구순 인물),OBSERVED label / DERIVED scope,UNKNOWN,UNKNOWN,2,1,충청 병영,한재욱이 자미덕에게 이집거(李執莒) 등을 큰 도적이라고 말하면 부부를 풀어주겠다는 취지로 반복 회유·압박했다고 자미덕이 진술.,이집거에 대한 허위 지목 유도,witness_testimony_final_inquiry,A,contemporaneous_record,정조실록,https://sillok.history.go.kr/id/kva_11706013_003,NA,NA,NA,observed,downstream_target=P_LEE_JIPGEO,NA,NA,OBSERVED
E042,52,52,P_HAN_JAEUK,NA,P_HAN_JAEUK,P_JA_MIDEOK,INVESTIGATION_ACT,COERCES_FALSE_IDENTIFICATION,INVESTIGATION,kim_case_1793,gu_network_event,LUNAR,1793-03,1793-03,1793-03,1793-03-01,1793-03-30,YEAR_MONTH,NA,day,CSV_SAYS_DAY_BUT_VALUE_IS_MONTH_LEVEL,1793.1666666666667,1793.2472222222223,DERIVED_FOR_VISUALIZATION (명목 음력 소수연도; 실제 날짜 아님),병영 비장,UNKNOWN,NA,NA,CSV에 품계 없음 → 계산하지 않음,MILITARY,UNKNOWN,UNKNOWN,관직명 키워드 규칙(비-구순 인물),OBSERVED label / DERIVED scope,UNKNOWN,UNKNOWN,2,1,충청 병영,한재욱이 자미덕에게 김갑득(金甲得) 등을 큰 도적이라고 말하면 부부를 풀어주겠다는 취지로 반복 회유·압박했다고 자미덕이 진술.,김갑득에 대한 허위 지목 유도,witness_testimony_final_inquiry,A,contemporaneous_record,정조실록,https://sillok.history.go.kr/id/kva_11706013_003,NA,NA,NA,observed,downstream_target=P_KIM_GAPDEUK,NA,NA,OBSERVED
E043,53,53,P_HAN_JAEUK,NA,P_HAN_JAEUK,P_JA_MIDEOK,INVESTIGATION_ACT,COERCES_FALSE_IDENTIFICATION,INVESTIGATION,kim_case_1793,gu_network_event,LUNAR,1793-03,1793-03,1793-03,1793-03-01,1793-03-30,YEAR_MONTH,NA,day,CSV_SAYS_DAY_BUT_VALUE_IS_MONTH_LEVEL,1793.1666666666667,1793.2472222222223,DERIVED_FOR_VISUALIZATION (명목 음력 소수연도; 실제 날짜 아님),병영 비장,UNKNOWN,NA,NA,CSV에 품계 없음 → 계산하지 않음,MILITARY,UNKNOWN,UNKNOWN,관직명 키워드 규칙(비-구순 인물),OBSERVED label / DERIVED scope,UNKNOWN,UNKNOWN,2,1,충청 병영,한재욱이 자미덕에게 김성손(金成孫) 등을 큰 도적이라고 말하면 부부를 풀어주겠다는 취지로 반복 회유·압박했다고 자미덕이 진술.,김성손에 대한 허위 지목 유도,witness_testimony_final_inquiry,A,contemporaneous_record,정조실록,https://sillok.history.go.kr/id/kva_11706013_003,NA,NA,NA,observed,downstream_target=P_KIM_SEONGSON,NA,NA,OBSERVED
E044,54,54,P_HAN_JAEUK,NA,P_HAN_JAEUK,P_JA_MIDEOK,INVESTIGATION_ACT,COERCES_FALSE_IDENTIFICATION,INVESTIGATION,kim_case_1793,gu_network_event,LUNAR,1793-03,1793-03,1793-03,1793-03-01,1793-03-30,YEAR_MONTH,NA,day,CSV_SAYS_DAY_BUT_VALUE_IS_MONTH_LEVEL,1793.1666666666667,1793.2472222222223,DERIVED_FOR_VISUALIZATION (명목 음력 소수연도; 실제 날짜 아님),병영 비장,UNKNOWN,NA,NA,CSV에 품계 없음 → 계산하지 않음,MILITARY,UNKNOWN,UNKNOWN,관직명 키워드 규칙(비-구순 인물),OBSERVED label / DERIVED scope,UNKNOWN,UNKNOWN,2,1,충청 병영,한재욱이 자미덕에게 김흥득(金興得) 등을 큰 도적이라고 말하면 부부를 풀어주겠다는 취지로 반복 회유·압박했다고 자미덕이 진술.,김흥득에 대한 허위 지목 유도,witness_testimony_final_inquiry,A,contemporaneous_record,정조실록,https://sillok.history.go.kr/id/kva_11706013_003,NA,NA,NA,observed,downstream_target=P_KIM_HEUNGDEUK,NA,NA,OBSERVED
E045,55,55,P_JA_MIDEOK,NA,P_JA_MIDEOK,P_JEONG_WONDOL,TESTIMONY,FALSE_IDENTIFICATION_UNDER_COERCION,TESTIMONY,kim_case_1793,gu_network_event,LUNAR,1793-03,1793-03,1793-03,1793-03-01,1793-03-30,YEAR_MONTH,NA,day,CSV_SAYS_DAY_BUT_VALUE_IS_MONTH_LEVEL,1793.1666666666667,1793.2472222222223,DERIVED_FOR_VISUALIZATION (명목 음력 소수연도; 실제 날짜 아님),피체포 민간인,UNKNOWN,NA,NA,CSV에 품계 없음 → 계산하지 않음,UNKNOWN,UNKNOWN,UNKNOWN,관직명 키워드 규칙(비-구순 인물),OBSERVED label / DERIVED scope,UNKNOWN,UNKNOWN,1,1,충청 병영,자미덕은 한재욱의 지휘에 따라 정원돌 관련 내용을 거짓으로 꾸며 진술했다고 최종 조사에서 밝힘.,강압에 의한 허위 진술,witness_admission_final_inquiry,A,contemporaneous_record,정조실록,https://sillok.history.go.kr/id/kva_11706013_003,NA,NA,NA,observed,NA,NA,NA,OBSERVED
E046,56,56,P_JA_MIDEOK,NA,P_JA_MIDEOK,P_LEE_JIPGEO,TESTIMONY,FALSE_IDENTIFICATION_UNDER_COERCION,TESTIMONY,kim_case_1793,gu_network_event,LUNAR,1793-03,1793-03,1793-03,1793-03-01,1793-03-30,YEAR_MONTH,NA,day,CSV_SAYS_DAY_BUT_VALUE_IS_MONTH_LEVEL,1793.1666666666667,1793.2472222222223,DERIVED_FOR_VISUALIZATION (명목 음력 소수연도; 실제 날짜 아님),피체포 민간인,UNKNOWN,NA,NA,CSV에 품계 없음 → 계산하지 않음,UNKNOWN,UNKNOWN,UNKNOWN,관직명 키워드 규칙(비-구순 인물),OBSERVED label / DERIVED scope,UNKNOWN,UNKNOWN,1,1,충청 병영,자미덕은 한재욱의 지휘에 따라 이집거 관련 내용을 거짓으로 꾸며 진술했다고 최종 조사에서 밝힘.,강압에 의한 허위 진술,witness_admission_final_inquiry,A,contemporaneous_record,정조실록,https://sillok.history.go.kr/id/kva_11706013_003,NA,NA,NA,observed,NA,NA,NA,OBSERVED
E047,57,57,P_JA_MIDEOK,NA,P_JA_MIDEOK,P_KIM_GAPDEUK,TESTIMONY,FALSE_IDENTIFICATION_UNDER_COERCION,TESTIMONY,kim_case_1793,gu_network_event,LUNAR,1793-03,1793-03,1793-03,1793-03-01,1793-03-30,YEAR_MONTH,NA,day,CSV_SAYS_DAY_BUT_VALUE_IS_MONTH_LEVEL,1793.1666666666667,1793.2472222222223,DERIVED_FOR_VISUALIZATION (명목 음력 소수연도; 실제 날짜 아님),피체포 민간인,UNKNOWN,NA,NA,CSV에 품계 없음 → 계산하지 않음,UNKNOWN,UNKNOWN,UNKNOWN,관직명 키워드 규칙(비-구순 인물),OBSERVED label / DERIVED scope,UNKNOWN,UNKNOWN,1,1,충청 병영,자미덕은 한재욱의 지휘에 따라 김갑득 관련 내용을 거짓으로 꾸며 진술했다고 최종 조사에서 밝힘.,강압에 의한 허위 진술,witness_admission_final_inquiry,A,contemporaneous_record,정조실록,https://sillok.history.go.kr/id/kva_11706013_003,NA,NA,NA,observed,NA,NA,NA,OBSERVED
E048,58,58,P_JA_MIDEOK,NA,P_JA_MIDEOK,P_KIM_SEONGSON,TESTIMONY,FALSE_IDENTIFICATION_UNDER_COERCION,TESTIMONY,kim_case_1793,gu_network_event,LUNAR,1793-03,1793-03,1793-03,1793-03-01,1793-03-30,YEAR_MONTH,NA,day,CSV_SAYS_DAY_BUT_VALUE_IS_MONTH_LEVEL,1793.1666666666667,1793.2472222222223,DERIVED_FOR_VISUALIZATION (명목 음력 소수연도; 실제 날짜 아님),피체포 민간인,UNKNOWN,NA,NA,CSV에 품계 없음 → 계산하지 않음,UNKNOWN,UNKNOWN,UNKNOWN,관직명 키워드 규칙(비-구순 인물),OBSERVED label / DERIVED scope,UNKNOWN,UNKNOWN,1,1,충청 병영,자미덕은 한재욱의 지휘에 따라 김성손 관련 내용을 거짓으로 꾸며 진술했다고 최종 조사에서 밝힘.,강압에 의한 허위 진술,witness_admission_final_inquiry,A,contemporaneous_record,정조실록,https://sillok.history.go.kr/id/kva_11706013_003,NA,NA,NA,observed,NA,NA,NA,OBSERVED
E049,59,59,P_JA_MIDEOK,NA,P_JA_MIDEOK,P_KIM_HEUNGDEUK,TESTIMONY,FALSE_IDENTIFICATION_UNDER_COERCION,TESTIMONY,kim_case_1793,gu_network_event,LUNAR,1793-03,1793-03,1793-03,1793-03-01,1793-03-30,YEAR_MONTH,NA,day,CSV_SAYS_DAY_BUT_VALUE_IS_MONTH_LEVEL,1793.1666666666667,1793.2472222222223,DERIVED_FOR_VISUALIZATION (명목 음력 소수연도; 실제 날짜 아님),피체포 민간인,UNKNOWN,NA,NA,CSV에 품계 없음 → 계산하지 않음,UNKNOWN,UNKNOWN,UNKNOWN,관직명 키워드 규칙(비-구순 인물),OBSERVED label / DERIVED scope,UNKNOWN,UNKNOWN,1,1,충청 병영,자미덕은 한재욱의 지휘에 따라 김흥득 관련 내용을 거짓으로 꾸며 진술했다고 최종 조사에서 밝힘.,강압에 의한 허위 진술,witness_admission_final_inquiry,A,contemporaneous_record,정조실록,https://sillok.history.go.kr/id/kva_11706013_003,NA,NA,NA,observed,NA,NA,NA,OBSERVED
E070,60,60,P_YU_JEHUI,NA,P_YU_JEHUI,P_BYEON_JIDEUL,INVESTIGATION_ACT,ENTERS_SUSPECT_LIST,INVESTIGATION,kim_case_1793,gu_network_event,LUNAR,1793-03,1793-03,1793-03,1793-03-01,1793-03-30,YEAR_MONTH,NA,day,CSV_SAYS_DAY_BUT_VALUE_IS_MONTH_LEVEL,1793.1666666666667,1793.2472222222223,DERIVED_FOR_VISUALIZATION (명목 음력 소수연도; 실제 날짜 아님),병영 영리,UNKNOWN,NA,NA,CSV에 품계 없음 → 계산하지 않음,MILITARY,UNKNOWN,UNKNOWN,관직명 키워드 규칙(비-구순 인물),OBSERVED label / DERIVED scope,UNKNOWN,UNKNOWN,2,1,충청 병영,변지돌(卞之乭)가 유제희가 작성·보고한 혐의자 명단에 포함됨.,공식 수사망 편입,testimony_in_final_inquiry,A,contemporaneous_record,정조실록,https://sillok.history.go.kr/id/kva_11706013_003,NA,NA,NA,observed,NA,NA,NA,OBSERVED
E071,61,61,P_YU_JEHUI,NA,P_YU_JEHUI,P_BYEON_JAEDOL,INVESTIGATION_ACT,ENTERS_SUSPECT_LIST,INVESTIGATION,kim_case_1793,gu_network_event,LUNAR,1793-03,1793-03,1793-03,1793-03-01,1793-03-30,YEAR_MONTH,NA,day,CSV_SAYS_DAY_BUT_VALUE_IS_MONTH_LEVEL,1793.1666666666667,1793.2472222222223,DERIVED_FOR_VISUALIZATION (명목 음력 소수연도; 실제 날짜 아님),병영 영리,UNKNOWN,NA,NA,CSV에 품계 없음 → 계산하지 않음,MILITARY,UNKNOWN,UNKNOWN,관직명 키워드 규칙(비-구순 인물),OBSERVED label / DERIVED scope,UNKNOWN,UNKNOWN,2,1,충청 병영,변재돌(卞才乭)가 유제희가 작성·보고한 혐의자 명단에 포함됨.,공식 수사망 편입,testimony_in_final_inquiry,A,contemporaneous_record,정조실록,https://sillok.history.go.kr/id/kva_11706013_003,NA,NA,NA,observed,NA,NA,NA,OBSERVED
E072,62,62,P_YU_JEHUI,NA,P_YU_JEHUI,P_JEONG_WONDOL,INVESTIGATION_ACT,ENTERS_SUSPECT_LIST,INVESTIGATION,kim_case_1793,gu_network_event,LUNAR,1793-03,1793-03,1793-03,1793-03-01,1793-03-30,YEAR_MONTH,NA,day,CSV_SAYS_DAY_BUT_VALUE_IS_MONTH_LEVEL,1793.1666666666667,1793.2472222222223,DERIVED_FOR_VISUALIZATION (명목 음력 소수연도; 실제 날짜 아님),병영 영리,UNKNOWN,NA,NA,CSV에 품계 없음 → 계산하지 않음,MILITARY,UNKNOWN,UNKNOWN,관직명 키워드 규칙(비-구순 인물),OBSERVED label / DERIVED scope,UNKNOWN,UNKNOWN,2,1,충청 병영,정원돌(鄭原乭)가 유제희가 작성·보고한 혐의자 명단에 포함됨.,공식 수사망 편입,testimony_in_final_inquiry,A,contemporaneous_record,정조실록,https://sillok.history.go.kr/id/kva_11706013_003,NA,NA,NA,observed,NA,NA,NA,OBSERVED
E073,63,63,P_YU_JEHUI,NA,P_YU_JEHUI,P_KIM_SEONGSON,INVESTIGATION_ACT,ENTERS_SUSPECT_LIST,INVESTIGATION,kim_case_1793,gu_network_event,LUNAR,1793-03,1793-03,1793-03,1793-03-01,1793-03-30,YEAR_MONTH,NA,day,CSV_SAYS_DAY_BUT_VALUE_IS_MONTH_LEVEL,1793.1666666666667,1793.2472222222223,DERIVED_FOR_VISUALIZATION (명목 음력 소수연도; 실제 날짜 아님),병영 영리,UNKNOWN,NA,NA,CSV에 품계 없음 → 계산하지 않음,MILITARY,UNKNOWN,UNKNOWN,관직명 키워드 규칙(비-구순 인물),OBSERVED label / DERIVED scope,UNKNOWN,UNKNOWN,2,1,충청 병영,김성손(金成孫)가 유제희가 작성·보고한 혐의자 명단에 포함됨.,공식 수사망 편입,testimony_in_final_inquiry,A,contemporaneous_record,정조실록,https://sillok.history.go.kr/id/kva_11706013_003,NA,NA,NA,observed,NA,NA,NA,OBSERVED
E074,64,64,P_YU_JEHUI,NA,P_YU_JEHUI,P_KIM_HEUNGDEUK,INVESTIGATION_ACT,ENTERS_SUSPECT_LIST,INVESTIGATION,kim_case_1793,gu_network_event,LUNAR,1793-03,1793-03,1793-03,1793-03-01,1793-03-30,YEAR_MONTH,NA,day,CSV_SAYS_DAY_BUT_VALUE_IS_MONTH_LEVEL,1793.1666666666667,1793.2472222222223,DERIVED_FOR_VISUALIZATION (명목 음력 소수연도; 실제 날짜 아님),병영 영리,UNKNOWN,NA,NA,CSV에 품계 없음 → 계산하지 않음,MILITARY,UNKNOWN,UNKNOWN,관직명 키워드 규칙(비-구순 인물),OBSERVED label / DERIVED scope,UNKNOWN,UNKNOWN,2,1,충청 병영,김흥득(金興得)가 유제희가 작성·보고한 혐의자 명단에 포함됨.,공식 수사망 편입,testimony_in_final_inquiry,A,contemporaneous_record,정조실록,https://sillok.history.go.kr/id/kva_11706013_003,NA,NA,NA,observed,NA,NA,NA,OBSERVED
E075,65,65,P_YU_JEHUI,NA,P_YU_JEHUI,P_KIM_HEUNGGIL,INVESTIGATION_ACT,ENTERS_SUSPECT_LIST,INVESTIGATION,kim_case_1793,gu_network_event,LUNAR,1793-03,1793-03,1793-03,1793-03-01,1793-03-30,YEAR_MONTH,NA,day,CSV_SAYS_DAY_BUT_VALUE_IS_MONTH_LEVEL,1793.1666666666667,1793.2472222222223,DERIVED_FOR_VISUALIZATION (명목 음력 소수연도; 실제 날짜 아님),병영 영리,UNKNOWN,NA,NA,CSV에 품계 없음 → 계산하지 않음,MILITARY,UNKNOWN,UNKNOWN,관직명 키워드 규칙(비-구순 인물),OBSERVED label / DERIVED scope,UNKNOWN,UNKNOWN,2,1,충청 병영,김흥길(金興吉)가 유제희가 작성·보고한 혐의자 명단에 포함됨.,공식 수사망 편입,testimony_in_final_inquiry,A,contemporaneous_record,정조실록,https://sillok.history.go.kr/id/kva_11706013_003,NA,NA,NA,observed,NA,NA,NA,OBSERVED
E035,66,66,P_LEE_GWANGSEOP,NA,P_LEE_GWANGSEOP,P_KIM_MYEONGSIN,ARREST_DETENTION,ORDERS_ARREST,DETENTION,kim_case_1793,gu_network_event,LUNAR,1793-03-04,1793-03-04,1793-03-04,1793-03-04,1793-03-04,EXACT_DAY,NA,day,OK,1793.175,1793.175,DERIVED_FOR_VISUALIZATION (명목 음력 소수연도; 실제 날짜 아님),충청도 병마절도사,UNKNOWN,NA,NA,CSV에 품계 없음 → 계산하지 않음,MILITARY,UNKNOWN,UNKNOWN,관직명 키워드 규칙(비-구순 인물),OBSERVED label / DERIVED scope,UNKNOWN,UNKNOWN,4,1,충청도,병사가 풍각 김생원(김명신)을 잡도록 명한 것으로 이진욱이 진술.,김명신 체포,witness_testimony_final_inquiry,A,contemporaneous_record,정조실록,https://sillok.history.go.kr/id/kva_11706013_003,NA,NA,NA,observed,NA,NA,NA,OBSERVED
E036,67,67,P_LEE_GWANGSEOP,NA,P_LEE_GWANGSEOP,P_KIM_GAPDEUK,ARREST_DETENTION,ORDERS_ARREST,DETENTION,kim_case_1793,gu_network_event,LUNAR,1793-03-04,1793-03-04,1793-03-04,1793-03-04,1793-03-04,EXACT_DAY,NA,day,OK,1793.175,1793.175,DERIVED_FOR_VISUALIZATION (명목 음력 소수연도; 실제 날짜 아님),충청도 병마절도사,UNKNOWN,NA,NA,CSV에 품계 없음 → 계산하지 않음,MILITARY,UNKNOWN,UNKNOWN,관직명 키워드 규칙(비-구순 인물),OBSERVED label / DERIVED scope,UNKNOWN,UNKNOWN,4,1,충청도,병사가 흥덕 김생원(김갑득)을 함께 잡도록 명한 것으로 이진욱이 진술.,김갑득 체포,witness_testimony_final_inquiry,A,contemporaneous_record,정조실록,https://sillok.history.go.kr/id/kva_11706013_003,NA,NA,NA,observed,NA,NA,NA,OBSERVED
E037,68,68,GUSUN_1793PLUS,R8A_FORMER_BUSA_KIM_CASE_1793,GUSUN_1793PLUS,P_JO_GYEWAN,PRIVATE_CONTACT,SENDS_LETTER_VIA_OFFICER,OTHER,kim_case_1793,gu_network_event,LUNAR,1793-03-04,1793-03-04,1793-03-04,1793-03-04,1793-03-04,EXACT_DAY,NA,day,OK,1793.175,1793.175,DERIVED_FOR_VISUALIZATION (명목 음력 소수연도; 실제 날짜 아님),전 부사(府名 미상),FORMER,NA,NA,CSV에 품계 없음 → 계산하지 않음,NONE,NONE,NONE,비현직: 과거 관직 이력일 뿐 현재 관할 없음,DERIVED (CSV 신분 라벨 분해),FORMER_OFFICIAL,FORMER_OFFICIAL,1,2,구순 집,김명신 체포 길에 들른 조계완에게 구순이 병사에게 전할 편지를 건넸다고 조계완이 진술.,구순→병사 비공식 메시지 경로,witness_testimony_final_inquiry,A,contemporaneous_record,정조실록,https://sillok.history.go.kr/id/kva_11706013_003,NA,NA,NA,observed,NA,GU_1793PLUS,internally_continuous,OBSERVED
E050,69,69,GUSUN_1793PLUS,R8A_FORMER_BUSA_KIM_CASE_1793,P_LEE_HYEONGWON,GUSUN_1793PLUS,OFFICIAL_REPORT,REPORTS_WRONGFUL_CASE,INVESTIGATION,kim_case_1793,gu_network_event,LUNAR,1793-05-12,1793-05-12,1793-05-12,1793-05-12,1793-05-12,EXACT_DAY,NA,day,OK,1793.3638888888888,1793.3638888888888,DERIVED_FOR_VISUALIZATION (명목 음력 소수연도; 실제 날짜 아님),전 부사(府名 미상),FORMER,NA,NA,CSV에 품계 없음 → 계산하지 않음,NONE,NONE,NONE,비현직: 과거 관직 이력일 뿐 현재 관할 없음,DERIVED (CSV 신분 라벨 분해),UNDER_INVESTIGATION,UNDER_INVESTIGATION,4,1,충청도→중앙,관찰사 이형원이 공동조사 결과를 장계하여 구순의 사적 원한·조작 의혹과 무고한 평민 피해를 중앙에 보고.,중앙 재검토 촉발,initial_official_report,A,initial_provincial_report,정조실록,https://sillok.history.go.kr/id/kva_11705012_003,NA,일부 사실판단은 6월 안핵 결과에서 수정됨.,NA,observed,NA,GU_1793PLUS,internally_continuous,OBSERVED
E051,70,70,GUSUN_1793PLUS,R8A_FORMER_BUSA_KIM_CASE_1793,P_LEE_HYEONGWON,GUSUN_1793PLUS,OFFICIAL_REPORT,CLAIMS_ROBBERY_FABRICATED,INVESTIGATION,kim_case_1793,gu_network_event,LUNAR,1793-05-12,1793-05-12,1793-05-12,1793-05-12,1793-05-12,EXACT_DAY,NA,day,OK,1793.3638888888888,1793.3638888888888,DERIVED_FOR_VISUALIZATION (명목 음력 소수연도; 실제 날짜 아님),전 부사(府名 미상),FORMER,NA,NA,CSV에 품계 없음 → 계산하지 않음,NONE,NONE,NONE,비현직: 과거 관직 이력일 뿐 현재 관할 없음,DERIVED (CSV 신분 라벨 분해),UNDER_INVESTIGATION,UNDER_INVESTIGATION,4,1,충청도,초기 도계는 구순이 도난 자체를 꾸민 것으로 판단.,초기 사실판단,initial_report_later_revised,A,initial_provincial_report,정조실록,https://sillok.history.go.kr/id/kva_11705012_003,NA,6월 최종 안핵에서 약간의 실제 절도가 있었던 것으로 수정.,E060,observed,NA,GU_1793PLUS,internally_continuous,OBSERVED
E052,71,71,P_LEE_HYEONGWON,NA,P_LEE_HYEONGWON,P_LEE_MUNHYEOP,OFFICIAL_REPORT,CRITICIZES_PASSIVE_INVESTIGATION,ACCUSATION,kim_case_1793,gu_network_event,LUNAR,1793-05-12,1793-05-12,1793-05-12,1793-05-12,1793-05-12,EXACT_DAY,NA,day,OK,1793.3638888888888,1793.3638888888888,DERIVED_FOR_VISUALIZATION (명목 음력 소수연도; 실제 날짜 아님),충청도 관찰사,UNKNOWN,NA,NA,CSV에 품계 없음 → 계산하지 않음,PROVINCIAL,UNKNOWN,UNKNOWN,관직명 키워드 규칙(비-구순 인물),OBSERVED label / DERIVED scope,UNKNOWN,UNKNOWN,4,3,충청도,이문협이 수사를 병영 비장에게 맡기고 병사의 명령만 따르며 방관했다고 관찰사가 비판.,파출 요청,initial_official_report,A,contemporaneous_record,정조실록,https://sillok.history.go.kr/id/kva_11705012_003,NA,NA,NA,observed,NA,NA,NA,OBSERVED
E053,72,72,P_LEE_HYEONGWON,NA,P_LEE_HYEONGWON,P_LEE_GWANGSEOP,OFFICIAL_REPORT,ACCUSES_OF_BIASED_WRONGFUL_ARREST,ACCUSATION,kim_case_1793,gu_network_event,LUNAR,1793-05-12,1793-05-12,1793-05-12,1793-05-12,1793-05-12,EXACT_DAY,NA,day,OK,1793.3638888888888,1793.3638888888888,DERIVED_FOR_VISUALIZATION (명목 음력 소수연도; 실제 날짜 아님),충청도 관찰사,UNKNOWN,NA,NA,CSV에 품계 없음 → 계산하지 않음,PROVINCIAL,UNKNOWN,UNKNOWN,관직명 키워드 규칙(비-구순 인물),OBSERVED label / DERIVED scope,UNKNOWN,UNKNOWN,4,4,충청도,이광섭이 터무니없는 말을 편신하고 무고한 사람을 잘못 잡았다고 관찰사가 보고.,이광섭 파직·나문 논의,initial_official_report,A,contemporaneous_record,정조실록,https://sillok.history.go.kr/id/kva_11705012_003,NA,NA,NA,observed,NA,NA,NA,OBSERVED
E054,73,73,P_BIBEONSA,NA,P_BIBEONSA,P_LEE_GWANGSEOP,PUNISHMENT_REQUEST,REQUESTS_DISMISSAL_AND_ARREST,PUNISHMENT,kim_case_1793,gu_network_event,LUNAR,1793-05-12,1793-05-12,1793-05-12,1793-05-12,1793-05-12,EXACT_DAY,NA,day,OK,1793.3638888888888,1793.3638888888888,DERIVED_FOR_VISUALIZATION (명목 음력 소수연도; 실제 날짜 아님),중앙 관서,UNKNOWN,NA,NA,CSV에 품계 없음 → 계산하지 않음,CENTRAL,UNKNOWN,UNKNOWN,관직명 키워드 규칙(비-구순 인물),OBSERVED label / DERIVED scope,UNKNOWN,UNKNOWN,4,4,한성,비변사가 이광섭을 파직하고 잡아다 엄히 감죄할 것을 청함.,윤허,confirmed_primary,A,contemporaneous_record,정조실록,https://sillok.history.go.kr/id/kva_11705012_003,NA,NA,NA,observed,NA,NA,NA,OBSERVED
E055,74,74,GUSUN_1793PLUS,R8A_FORMER_BUSA_KIM_CASE_1793,P_JEONGJO,GUSUN_1793PLUS,ARREST_DETENTION,ORDERS_ARREST_AND_STRICT_INVESTIGATION,DETENTION,kim_case_1793,gu_network_event,LUNAR,1793-05-12,1793-05-12,1793-05-12,1793-05-12,1793-05-12,EXACT_DAY,NA,day,OK,1793.3638888888888,1793.3638888888888,DERIVED_FOR_VISUALIZATION (명목 음력 소수연도; 실제 날짜 아님),전 부사(府名 미상),FORMER,NA,NA,CSV에 품계 없음 → 계산하지 않음,NONE,NONE,NONE,비현직: 과거 관직 이력일 뿐 현재 관할 없음,DERIVED (CSV 신분 라벨 분해),UNDER_INVESTIGATION,IMPRISONED,5,1,한성,정조가 구순을 의금부로 즉시 잡아다가 수금하고 엄히 조사하라고 명함.,중앙 사법절차 개시,confirmed_primary,A,contemporaneous_record,정조실록,https://sillok.history.go.kr/id/kva_11705012_003,NA,NA,NA,observed,NA,GU_1793PLUS,internally_continuous,OBSERVED
E084,75,75,GUSUN_1793PLUS,R8A_FORMER_BUSA_KIM_CASE_1793,GUSUN_1793PLUS,P_KIM_MYEONGSIN,ACCUSATION_ACT,ACCUSATION_AS_BANDIT_CHIEF,ACCUSATION,kim_case_1793,gu_network_event,LUNAR,1793-05-12,1793-05-12,1793-05-12,1793-05-12,1793-05-12,EXACT_DAY,NA,day,OK,1793.3638888888888,1793.3638888888888,DERIVED_FOR_VISUALIZATION (명목 음력 소수연도; 실제 날짜 아님),전 부사(府名 미상),FORMER,NA,NA,CSV에 품계 없음 → 계산하지 않음,NONE,NONE,NONE,비현직: 과거 관직 이력일 뿐 현재 관할 없음,DERIVED (CSV 신분 라벨 분해),FORMER_OFFICIAL,FORMER_OFFICIAL,1,1,청주 덕평/병영,초기 공식 장계는 구순이 김명신을 도적의 괴수라고 지목했다고 기록.,김명신 장기 구금·수사로 연결,confirmed_core_fact,A,contemporaneous_record,정조실록,https://sillok.history.go.kr/id/kva_11705012_003,NA,NA,NA,observed,NA,GU_1793PLUS,internally_continuous,OBSERVED
E085,76,76,GUSUN_1793PLUS,R8A_FORMER_BUSA_KIM_CASE_1793,GUSUN_1793PLUS,N_HOUSE_SERVANTS,ALLEGED_ACT,ALLEGED_INSTRUCTION_TO_SPREAD_RUMOR,COMMAND,kim_case_1793,gu_network_event,LUNAR,1793-05-12,1793-05-12,1793-05-12,1793-05-12,1793-05-12,EXACT_DAY,NA,day,OK,1793.3638888888888,1793.3638888888888,DERIVED_FOR_VISUALIZATION (명목 음력 소수연도; 실제 날짜 아님),전 부사(府名 미상),FORMER,NA,NA,CSV에 품계 없음 → 계산하지 않음,NONE,NONE,NONE,비현직: 과거 관직 이력일 뿐 현재 관할 없음,DERIVED (CSV 신분 라벨 분해),FORMER_OFFICIAL,FORMER_OFFICIAL,1,0,청주 덕평,초기 공동조사 공초는 구순이 행랑 하인들에게 소문을 퍼뜨리도록 시켰다고 보고.,초기 공모 구조 주장,initial_collective_testimony_not_individually_confirmed,B,contemporaneous_record,정조실록,https://sillok.history.go.kr/id/kva_11705012_003,NA,6월 최종 조사에서 이 전체 문구를 동일한 강도로 재확정한 것은 아니므로 별도 상태 유지.,NA,observed,NA,GU_1793PLUS,internally_continuous,OBSERVED
E086,77,77,GUSUN_1793PLUS,R8A_FORMER_BUSA_KIM_CASE_1793,GUSUN_1793PLUS,N_MILITARY_SOLDIERS,ALLEGED_ACT,ALLEGED_COLLUSION_WITH_OFFICERS,OTHER,kim_case_1793,gu_network_event,LUNAR,1793-05-12,1793-05-12,1793-05-12,1793-05-12,1793-05-12,EXACT_DAY,NA,day,OK,1793.3638888888888,1793.3638888888888,DERIVED_FOR_VISUALIZATION (명목 음력 소수연도; 실제 날짜 아님),전 부사(府名 미상),FORMER,NA,NA,CSV에 품계 없음 → 계산하지 않음,NONE,NONE,NONE,비현직: 과거 관직 이력일 뿐 현재 관할 없음,DERIVED (CSV 신분 라벨 분해),FORMER_OFFICIAL,FORMER_OFFICIAL,1,2,청주/병영,초기 공동조사 공초는 구순이 교졸과 결탁하고 미워하던 사람들의 이름을 넘겼다고 보고.,초기 협력망 주장,initial_collective_testimony_partly_refined_later,B,contemporaneous_record,정조실록,https://sillok.history.go.kr/id/kva_11705012_003,NA,후속 조사에서 유제희에게 김명신 이름을 언급한 사실 등 일부 경로는 구체화되었으나 전체 집단 공모는 분해해서 봐야 함.,NA,observed,NA,GU_1793PLUS,internally_continuous,OBSERVED
E056,78,78,GUSUN_1793PLUS,R8A_FORMER_BUSA_KIM_CASE_1793,P_LEE_JOWON,GUSUN_1793PLUS,OFFICIAL_REPORT,REPORTS_INVESTIGATION,INVESTIGATION,kim_case_1793,gu_network_event,LUNAR,1793-05-27,1793-05-27,1793-05-27,1793-05-27,1793-05-27,EXACT_DAY,NA,day,OK,1793.4055555555556,1793.4055555555556,DERIVED_FOR_VISUALIZATION (명목 음력 소수연도; 실제 날짜 아님),전 부사(府名 미상),FORMER,NA,NA,CSV에 품계 없음 → 계산하지 않음,NONE,NONE,NONE,비현직: 과거 관직 이력일 뿐 현재 관할 없음,DERIVED (CSV 신분 라벨 분해),IMPRISONED,IMPRISONED,4,1,충청도→한성,암행어사 이조원이 구순이 김명신을 모함해 옥사시켰다는 취지의 별단과 보고를 제출.,엄중 처벌 논의 확대,undercover_inspector_report,A,contemporaneous_record,비변사등록,https://db.history.go.kr/common/compareViewer.do?levelId=bb_181r_001_05_0510&type=joseon,NA,NA,NA,observed,NA,GU_1793PLUS,internally_continuous,OBSERVED
E057,79,79,P_LEE_JOWON,NA,P_LEE_JOWON,P_HAN_JAEUK,OFFICIAL_REPORT,CLAIMS_HOUSEHOLD_CLIENT_LINK,ACCUSATION,kim_case_1793,gu_network_event,LUNAR,1793-05-27,1793-05-27,1793-05-27,1793-05-27,1793-05-27,EXACT_DAY,NA,day,OK,1793.4055555555556,1793.4055555555556,DERIVED_FOR_VISUALIZATION (명목 음력 소수연도; 실제 날짜 아님),충청도 암행어사,UNKNOWN,NA,NA,CSV에 품계 없음 → 계산하지 않음,CENTRAL,UNKNOWN,UNKNOWN,관직명 키워드 규칙(비-구순 인물),OBSERVED label / DERIVED scope,UNKNOWN,UNKNOWN,4,2,충청도,이조원은 병영의 천비가 구순의 가객이라서 구순의 부탁대로 죄안을 단련했다고 보고.,구순-병영 비장 사적 연결 주장,contested_initial_report,B,undercover_inspector_report,비변사등록,https://db.history.go.kr/common/compareViewer.do?levelId=bb_181r_001_05_0510&type=joseon,NA,6월 최종 조사에서 한재욱은 구순을 평생 몰랐다고 진술. 최종 판정이 가객 관계를 확정하지 않음.,E061,observed,NA,NA,NA,OBSERVED
E058,80,80,P_JEONGJO,NA,P_JEONGJO,P_LEE_JOWON,PUNISHMENT_SENTENCE,DISMISSES_FOR_PROCEDURAL_FAILURE,PUNISHMENT,kim_case_1793,gu_network_event,LUNAR,1793-05-27,1793-05-27,1793-05-27,1793-05-27,1793-05-27,EXACT_DAY,NA,day,OK,1793.4055555555556,1793.4055555555556,DERIVED_FOR_VISUALIZATION (명목 음력 소수연도; 실제 날짜 아님),국왕,UNKNOWN,NA,NA,CSV에 품계 없음 → 계산하지 않음,COURT,UNKNOWN,UNKNOWN,관직명 키워드 규칙(비-구순 인물),OBSERVED label / DERIVED scope,UNKNOWN,UNKNOWN,5,4,한성,정조는 중대한 말을 듣고도 현장에서 즉시 안핵하지 않고 전언을 별단에 넣은 이조원을 파직.,암행어사 보고의 절차적 결함 제재,confirmed_primary,A,contemporaneous_record,비변사등록,https://db.history.go.kr/common/compareViewer.do?levelId=bb_181r_001_05_0510&type=joseon,NA,NA,NA,observed,NA,NA,NA,OBSERVED
E059,81,81,GUSUN_1793PLUS,R8A_FORMER_BUSA_KIM_CASE_1793,P_JEONGJO,GUSUN_1793PLUS,JUDICIAL_PROCEDURE,ORDERS_REPEATED_INTERROGATION,INVESTIGATION,kim_case_1793,gu_network_event,LUNAR,1793-05-27,1793-05-27,1793-05-27,1793-05-27,1793-05-27,EXACT_DAY,NA,day,OK,1793.4055555555556,1793.4055555555556,DERIVED_FOR_VISUALIZATION (명목 음력 소수연도; 실제 날짜 아님),전 부사(府名 미상),FORMER,NA,NA,CSV에 품계 없음 → 계산하지 않음,NONE,NONE,NONE,비현직: 과거 관직 이력일 뿐 현재 관할 없음,DERIVED (CSV 신분 라벨 분해),IMPRISONED,IMPRISONED,5,1,의금부,정조는 국청 설치까지는 과하다고 보고 의금부에서 엄히 가두고 반복 조사하여 실정을 밝히도록 명함.,재검증 명령,confirmed_primary,A,contemporaneous_record,비변사등록,https://db.history.go.kr/common/compareViewer.do?levelId=bb_181r_001_05_0510&type=joseon,NA,NA,NA,observed,NA,GU_1793PLUS,internally_continuous,OBSERVED
E060,82,82,GUSUN_1793PLUS,R8A_FORMER_BUSA_KIM_CASE_1793,P_HONG_DAEHYEOP,GUSUN_1793PLUS,REEXAMINATION,REINVESTIGATES_AND_REVISES_FACTS,REEXAMINATION,kim_case_1793,gu_network_event,LUNAR,1793-06-13,1793-06-13,1793-06-13,1793-06-13,1793-06-13,EXACT_DAY,NA,day,OK,1793.45,1793.45,DERIVED_FOR_VISUALIZATION (명목 음력 소수연도; 실제 날짜 아님),전 부사(府名 미상),FORMER,NA,NA,CSV에 품계 없음 → 계산하지 않음,NONE,NONE,NONE,비현직: 과거 관직 이력일 뿐 현재 관할 없음,DERIVED (CSV 신분 라벨 분해),IMPRISONED,IMPRISONED,4,1,공주목/충청도,"홍대협의 안핵 결과, 도난은 전부 허구가 아니라 약간의 실제 절도가 있었고 구순이 과장·의혹화하여 원한 관계자들이 옥사에 엮이게 한 것으로 정리.",초기 '도난 전면 조작' 판단 수정,final_investigation_finding,A,contemporaneous_record,정조실록,https://sillok.history.go.kr/id/kva_11706013_003,NA,NA,NA,observed,NA,GU_1793PLUS,internally_continuous,OBSERVED
E061,83,83,GUSUN_1793PLUS,R8A_FORMER_BUSA_KIM_CASE_1793,P_HAN_JAEUK,GUSUN_1793PLUS,TESTIMONY,DENIES_PRIOR_ACQUAINTANCE,TESTIMONY,kim_case_1793,gu_network_event,LUNAR,1793-06-13,1793-06-13,1793-06-13,1793-06-13,1793-06-13,EXACT_DAY,NA,day,OK,1793.45,1793.45,DERIVED_FOR_VISUALIZATION (명목 음력 소수연도; 실제 날짜 아님),전 부사(府名 미상),FORMER,NA,NA,CSV에 품계 없음 → 계산하지 않음,NONE,NONE,NONE,비현직: 과거 관직 이력일 뿐 현재 관할 없음,DERIVED (CSV 신분 라벨 분해),FORMER_OFFICIAL,FORMER_OFFICIAL,2,1,공주목 조사,한재욱은 구순과 평생 서로 알지 못했다고 진술.,가객 관계 주장과 충돌,suspect_testimony_not_independently_verified,B,contemporaneous_record,정조실록,https://sillok.history.go.kr/id/kva_11706013_003,NA,증언 자체는 확인되지만 진술 내용의 진실성은 별도.,NA,observed,NA,GU_1793PLUS,internally_continuous,OBSERVED
E062,84,84,P_HONG_DAEHYEOP,NA,P_HONG_DAEHYEOP,P_KIM_MYEONGSIN,REEXAMINATION,FINDS_DEATH_BY_DISEASE,REEXAMINATION,kim_case_1793,gu_network_event,LUNAR,1793-06-13,1793-06-13,1793-06-13,1793-06-13,1793-06-13,EXACT_DAY,NA,day,OK,1793.45,1793.45,DERIVED_FOR_VISUALIZATION (명목 음력 소수연도; 실제 날짜 아님),호서 안핵어사,UNKNOWN,NA,NA,CSV에 품계 없음 → 계산하지 않음,CENTRAL,UNKNOWN,UNKNOWN,관직명 키워드 규칙(비-구순 인물),OBSERVED label / DERIVED scope,UNKNOWN,UNKNOWN,4,1,충청 병영,"최종 안핵은 김명신의 죽음이 질병에 따른 것으로 보았고, 정조는 김명신이 장형도 평문도 받지 않았다고 정리.",직접 고문사 판단 배제,final_investigation_finding,A,contemporaneous_record,정조실록,https://sillok.history.go.kr/id/kva_11706013_003,NA,NA,NA,observed,NA,NA,NA,OBSERVED
E063,85,85,GUSUN_1793PLUS,R8A_FORMER_BUSA_KIM_CASE_1793,P_LEE_GWANGSEOP,GUSUN_1793PLUS,INTERPERSONAL_RELATION_STATE,SIDES_WITH_AFTER_FAMILY_FEUD,FRIENDLY_ASSOCIATION,kim_case_1793,gu_network_event,LUNAR,1793-06-13,1793-06-13,1793-06-13,1793-06-13,1793-06-13,EXACT_DAY,NA,day,OK,1793.45,1793.45,DERIVED_FOR_VISUALIZATION (명목 음력 소수연도; 실제 날짜 아님),전 부사(府名 미상),FORMER,NA,NA,CSV에 품계 없음 → 계산하지 않음,NONE,NONE,NONE,비현직: 과거 관직 이력일 뿐 현재 관할 없음,DERIVED (CSV 신분 라벨 분해),FORMER_OFFICIAL,FORMER_OFFICIAL,4,1,충청도,정조는 이광섭이 구순과의 세혐을 막 씻은 뒤 구순 편을 들었다고 지적.,수사 독립성 훼손의 관계적 단서,royal_final_assessment,A,contemporaneous_record,정조실록,https://sillok.history.go.kr/id/kva_11706013_003,NA,NA,NA,observed,NA,GU_1793PLUS,internally_continuous,OBSERVED
E064,86,86,P_LEE_GWANGSEOP,NA,P_LEE_GWANGSEOP,P_KIM_MYEONGSIN,INVESTIGATION_ACT,BIASED_INVESTIGATION,INVESTIGATION,kim_case_1793,gu_network_event,LUNAR,1793-06-13,1793-06-13,1793-06-13,1793-06-13,1793-06-13,EXACT_DAY,NA,day,OK,1793.45,1793.45,DERIVED_FOR_VISUALIZATION (명목 음력 소수연도; 실제 날짜 아님),전 충청도 병마절도사,UNKNOWN,NA,NA,CSV에 품계 없음 → 계산하지 않음,MILITARY,UNKNOWN,UNKNOWN,관직명 키워드 규칙(비-구순 인물),OBSERVED label / DERIVED scope,UNKNOWN,UNKNOWN,4,1,충청 병영,최종 판단은 이광섭이 구순의 과장과 간리의 무고를 편신하여 옥안을 억지로 성립시킨 책임을 인정.,중대 수사책임,final_investigation_finding,A,contemporaneous_record,정조실록,https://sillok.history.go.kr/id/kva_11706013_003,NA,NA,NA,observed,NA,NA,NA,OBSERVED
E065,87,87,P_LEE_MUNHYEOP,NA,P_LEE_MUNHYEOP,N_INNOCENT_COMMONERS,ARREST_DETENTION,WRONGFUL_ARRESTS_AND_CASE_FORGING,DETENTION,kim_case_1793,gu_network_event,LUNAR,1793-06-13,1793-06-13,1793-06-13,1793-06-13,1793-06-13,EXACT_DAY,NA,day,OK,1793.45,1793.45,DERIVED_FOR_VISUALIZATION (명목 음력 소수연도; 실제 날짜 아님),전 청주 영장,UNKNOWN,NA,NA,CSV에 품계 없음 → 계산하지 않음,MILITARY,UNKNOWN,UNKNOWN,관직명 키워드 규칙(비-구순 인물),OBSERVED label / DERIVED scope,UNKNOWN,UNKNOWN,3,1,청주,최종 조사에서 이문협은 장물을 먼저 확보하지 않고 교졸을 풀어 평민을 잘못 잡고 병영 비장 지휘에 따라 단련한 책임이 지적됨.,지방 수사단계 실패,final_investigation_finding,A,contemporaneous_record,정조실록,https://sillok.history.go.kr/id/kva_11706013_003,NA,NA,NA,observed,NA,NA,NA,OBSERVED
E066,88,88,GUSUN_1793PLUS,R8A_FORMER_BUSA_KIM_CASE_1793,P_JEONGJO,GUSUN_1793PLUS,PUNISHMENT_SENTENCE,DEATH_REDUCED_REMOTE_ISLAND_EXILE,PUNISHMENT,kim_case_1793,gu_network_event,LUNAR,1793-06-13,1793-06-13,1793-06-13,1793-06-13,1793-06-13,EXACT_DAY,NA,day,OK,1793.45,1793.45,DERIVED_FOR_VISUALIZATION (명목 음력 소수연도; 실제 날짜 아님),NA,NONE,NA,NA,CSV에 품계 없음 → 계산하지 않음,NONE,NONE,NONE,현직 없음(정배·수감 등은 관직 level이 아닌 career_state),DERIVED (CSV 신분 라벨 분해),IMPRISONED,EXILED,5,1,신지도,구순을 의금부에 엄히 가둔 죄인으로서 사형을 감하여 절도정배하고 신지도에 배소.,1793 최종 형벌: 감사 + 절도정배,final_sentence,A,contemporaneous_record,정조실록,https://sillok.history.go.kr/id/kva_11706013_003,NA,NA,NA,observed,NA,GU_1793PLUS,internally_continuous,OBSERVED
E067,89,89,P_JEONGJO,NA,P_JEONGJO,P_LEE_GWANGSEOP,PUNISHMENT_SENTENCE,REMOTE_EXILE,PUNISHMENT,kim_case_1793,gu_network_event,LUNAR,1793-06-13,1793-06-13,1793-06-13,1793-06-13,1793-06-13,EXACT_DAY,NA,day,OK,1793.45,1793.45,DERIVED_FOR_VISUALIZATION (명목 음력 소수연도; 실제 날짜 아님),국왕,UNKNOWN,NA,NA,CSV에 품계 없음 → 계산하지 않음,COURT,UNKNOWN,UNKNOWN,관직명 키워드 규칙(비-구순 인물),OBSERVED label / DERIVED scope,UNKNOWN,UNKNOWN,5,4,영동현,이광섭을 먼 곳에 정배하고 영동현을 배소로 정함.,이광섭 처벌,final_sentence,A,contemporaneous_record,정조실록,https://sillok.history.go.kr/id/kva_11706013_003,NA,NA,NA,observed,NA,NA,NA,OBSERVED
E068,90,90,P_JEONGJO,NA,P_JEONGJO,P_HAN_JAEUK,PUNISHMENT_SENTENCE,HEAVY_FLOGGING_AND_ENSLAVEMENT,PUNISHMENT,kim_case_1793,gu_network_event,LUNAR,1793-06-13,1793-06-13,1793-06-13,1793-06-13,1793-06-13,EXACT_DAY,NA,day,OK,1793.45,1793.45,DERIVED_FOR_VISUALIZATION (명목 음력 소수연도; 실제 날짜 아님),국왕,UNKNOWN,NA,NA,CSV에 품계 없음 → 계산하지 않음,COURT,UNKNOWN,UNKNOWN,관직명 키워드 규칙(비-구순 인물),OBSERVED label / DERIVED scope,UNKNOWN,UNKNOWN,5,2,원도/섬,한재욱에게 엄한 형장을 세 차례 집행하고 원도에 노비로 삼는 처분.,실무자 중형,final_sentence,A,contemporaneous_record,정조실록,https://sillok.history.go.kr/id/kva_11706013_003,NA,NA,NA,observed,NA,NA,NA,OBSERVED
E069,91,91,P_JEONGJO,NA,P_JEONGJO,P_LEE_HYEONGWON,PUNISHMENT_SENTENCE,DISMISSES_FOR_REPORT_DISCREPANCY,PUNISHMENT,kim_case_1793,gu_network_event,LUNAR,1793-06-13,1793-06-13,1793-06-13,1793-06-13,1793-06-13,EXACT_DAY,NA,day,OK,1793.45,1793.45,DERIVED_FOR_VISUALIZATION (명목 음력 소수연도; 실제 날짜 아님),국왕,UNKNOWN,NA,NA,CSV에 품계 없음 → 계산하지 않음,COURT,UNKNOWN,UNKNOWN,관직명 키워드 규칙(비-구순 인물),OBSERVED label / DERIVED scope,UNKNOWN,UNKNOWN,5,4,충청도,초기 장계와 후속 조사 결과의 차이가 커 충청감사 이형원을 파직.,초기 교정자도 보고 오류 책임 부담,final_sentence,A,contemporaneous_record,정조실록,https://sillok.history.go.kr/id/kva_11706013_003,NA,NA,NA,observed,NA,NA,NA,OBSERVED
C013,92,92,P_JOSEON,NA,P_JOSEON,POL_HWASEONG_BUILD,CONTEXT_POLICY,EXECUTES_PUBLIC_WORKS,,macro_context,context_policy,LUNAR,1794-05-22,1794-05-22,1794-05-22,1794-05-22,1794-05-22,EXACT_DAY,NA,day,OK,1794.3916666666667,1794.3916666666667,DERIVED_FOR_VISUALIZATION (명목 음력 소수연도; 실제 날짜 아님),정부,UNKNOWN,NA,NA,CSV에 품계 없음 → 계산하지 않음,UNKNOWN,UNKNOWN,UNKNOWN,관직명 키워드 규칙(비-구순 인물),OBSERVED label / DERIVED scope,UNKNOWN,UNKNOWN,5,4,화성,화성 성역이 진행 중이며 백성을 강제 부역시키지 않고 고용 인력을 쓰는 문제 등이 논의됨.,대규모 국가 사업의 재정·노동 동원 방식,confirmed_primary,A,contemporaneous_record,정조실록,https://sillok.history.go.kr/id/kva_11805022_002,NA,NA,NA,observed,NA,NA,NA,OBSERVED
C014,93,93,P_JEONGJO,NA,P_JEONGJO,POL_MUWONROK,CONTEXT_POLICY,ORDERS_PRINT_AND_DISTRIBUTION,,macro_context,context_policy,LUNAR,1794-06-28,1794-06-28,1794-06-28,1794-06-28,1794-06-28,EXACT_DAY,NA,day,OK,1794.4916666666666,1794.4916666666666,DERIVED_FOR_VISUALIZATION (명목 음력 소수연도; 실제 날짜 아님),국왕,UNKNOWN,NA,NA,CSV에 품계 없음 → 계산하지 않음,COURT,UNKNOWN,UNKNOWN,관직명 키워드 규칙(비-구순 인물),OBSERVED label / DERIVED scope,UNKNOWN,UNKNOWN,5,4,조선 전국,형조판서 이득신의 건의에 따라 《무원록언해》를 인쇄·반포하도록 명령.,검험·사망원인 판단 지침의 보급,confirmed_primary,A,contemporaneous_record,정조실록,https://sillok.history.go.kr/id/kva_11806028_006,NA,NA,NA,observed,NA,NA,NA,OBSERVED
E076,94,94,GUSUN_1793PLUS,R8B_SINJIDO_TO_BAENGNYEONG_1794,P_JEONGJO,GUSUN_1793PLUS,EXILE_TRANSFER,TRANSFER_EXILE,PUNISHMENT,post_sentence,gu_network_event,LUNAR,1794-10-15,1794-10-15,1794-10-15,1794-10-15,1794-10-15,EXACT_DAY,NA,day,OK,1794.7888888888888,1794.7888888888888,DERIVED_FOR_VISUALIZATION (명목 음력 소수연도; 실제 날짜 아님),NA,NONE,NA,NA,CSV에 품계 없음 → 계산하지 않음,NONE,NONE,NONE,현직 없음(정배·수감 등은 관직 level이 아닌 career_state),DERIVED (CSV 신분 라벨 분해),EXILED,EXILED,5,1,신지도→백령도,의금부·형조 도류안을 들여 검토한 뒤 구순을 신지도에서 백령도로 이배.,배소 변경,confirmed_primary,A,contemporaneous_record,승정원일기,https://sjw.history.go.kr/search/inspectionDayList.do?wday=17941015L0,NA,NA,NA,observed,중앙에서 유배자 현황을 조회 가능한 도류안이 실제 운용되었음을 보여주는 행.,GU_1793PLUS,internally_continuous,OBSERVED
E077,95,95,P_JEONGJO,NA,P_JEONGJO,P_HAN_JAEUK,EXILE_TRANSFER,TRANSFER_EXILE,PUNISHMENT,post_sentence,gu_network_event,LUNAR,1794-10-15,1794-10-15,1794-10-15,1794-10-15,1794-10-15,EXACT_DAY,NA,day,OK,1794.7888888888888,1794.7888888888888,DERIVED_FOR_VISUALIZATION (명목 음력 소수연도; 실제 날짜 아님),국왕,UNKNOWN,NA,NA,CSV에 품계 없음 → 계산하지 않음,COURT,UNKNOWN,UNKNOWN,관직명 키워드 규칙(비-구순 인물),OBSERVED label / DERIVED scope,UNKNOWN,UNKNOWN,5,1,여도→오차포,같은 도류안 검토에서 한재욱도 여도에서 오차포로 이배.,협력/실무자 처벌의 후속 이동,confirmed_primary,A,contemporaneous_record,승정원일기,https://sjw.history.go.kr/search/inspectionDayList.do?wday=17941015L0,NA,NA,NA,observed,NA,NA,NA,OBSERVED
E079,96,96,GUSUN_1793PLUS,R8C_JANGYEON_RELEASE_1795_1798,GUSUN_1793PLUS,N_UNKNOWN_SENTENCE_CONVERSION,STATE_GAP,STATE_GAP,,gap,gu_network_event,LUNAR,1795-10-15,1795-10-15,1798-02-20,1795-10-15,1798-02-20,RANGE,NA,interval,OK,1795.7888888888888,1798.1361111111112,DERIVED_FOR_VISUALIZATION (명목 음력 소수연도; 실제 날짜 아님),NA,NONE,NA,NA,CSV에 품계 없음 → 계산하지 않음,NONE,NONE,NONE,현직 없음(정배·수감 등은 관직 level이 아닌 career_state),DERIVED (CSV 신분 라벨 분해),EXILED,EXILED,1,NA,장연현,1793년 '감사 절도정배'가 1798년 문서에서 '도 3년 정배'로 기록되기까지 감형·재분류 절차의 정확한 근거가 아직 미확인.,형벌 상태 전이의 미관측 구간,unknown_gap,U,research_gap,NA,NA,NA,NA,NA,unknown_not_zero,형량 변환 시점과 법적 근거를 잠재 상태로 두고 추가 사료 발견 시 업데이트.,GU_1793PLUS,internally_continuous,OBSERVED_GAP
C015,97,97,P_JOSEON,NA,P_JOSEON,P_QING,CONTEXT_POLICY,RECEIVES_RETURNED_ACCESSION_MISSION,,macro_context,context_policy,LUNAR,1796-03-12,1796-03-12,1796-03-12,1796-03-12,1796-03-12,EXACT_DAY,NA,day,OK,1796.1972222222223,1796.1972222222223,DERIVED_FOR_VISUALIZATION (명목 음력 소수연도; 실제 날짜 아님),정부,UNKNOWN,NA,NA,CSV에 품계 없음 → 계산하지 않음,UNKNOWN,UNKNOWN,UNKNOWN,관직명 키워드 규칙(비-구순 인물),OBSERVED label / DERIVED scope,UNKNOWN,UNKNOWN,5,5,청→조선 보고,진하사 이병모 등이 귀환하여 건륭제가 태상황이 되고 가경제가 즉위한 뒤의 청 조정 상황을 보고.,가경제 즉위기에 맞춘 대청 진하·사은 외교,confirmed_primary,A,contemporaneous_record,정조실록,https://sillok.history.go.kr/id/wva_12003012_004,NA,NA,NA,observed,NA,NA,NA,OBSERVED
C016,98,98,P_JOSEON,NA,P_JOSEON,POL_HWASEONG_COMPLETE,CONTEXT_POLICY,COMPLETES_FORTRESS,,macro_context,context_policy,LUNAR,1796-08-19,1796-08-19,1796-08-19,1796-08-19,1796-08-19,EXACT_DAY,NA,day,OK,1796.6333333333334,1796.6333333333334,DERIVED_FOR_VISUALIZATION (명목 음력 소수연도; 실제 날짜 아님),정부,UNKNOWN,NA,NA,CSV에 품계 없음 → 계산하지 않음,UNKNOWN,UNKNOWN,UNKNOWN,관직명 키워드 규칙(비-구순 인물),OBSERVED label / DERIVED scope,UNKNOWN,UNKNOWN,5,4,화성,수원부 화성 성곽이 완성됨.,화성 축성 사업의 완료,confirmed_primary,A,contemporaneous_record,정조실록 일별목록,https://sillok.history.go.kr/search/inspectionDayList.do?id=kva_120080,NA,NA,NA,observed,NA,NA,NA,OBSERVED
C017,99,99,P_JEONGJO,NA,P_JEONGJO,POL_HWASEONG_UIGWE,CONTEXT_POLICY,ORDERS_DOCUMENTATION,,macro_context,context_policy,LUNAR,1796-11-09,1796-11-09,1796-11-09,1796-11-09,1796-11-09,EXACT_DAY,NA,day,OK,1796.8555555555556,1796.8555555555556,DERIVED_FOR_VISUALIZATION (명목 음력 소수연도; 실제 날짜 아님),국왕,UNKNOWN,NA,NA,CSV에 품계 없음 → 계산하지 않음,COURT,UNKNOWN,UNKNOWN,관직명 키워드 규칙(비-구순 인물),OBSERVED label / DERIVED scope,UNKNOWN,UNKNOWN,5,4,화성/한성,《화성성역의궤》가 완성되고 정조가 간행하여 성역의 본말을 알게 하도록 명함.,대규모 국가사업의 절차·비용·기술 기록화,confirmed_primary,A,contemporaneous_record,정조실록,https://sillok.history.go.kr/id/kva_12011009_002,NA,NA,NA,observed,NA,NA,NA,OBSERVED
E080,100,100,GUSUN_1793PLUS,R8C_JANGYEON_RELEASE_1795_1798,P_LEE_UIJUN,GUSUN_1793PLUS,OFFICIAL_REPORT,REPORTS_TERM_EXPIRED,REPORT,post_sentence,gu_network_event,LUNAR,1798-02-21,1798-02-21,1798-02-21,1798-02-21,1798-02-21,EXACT_DAY,NA,day,OK,1798.138888888889,1798.138888888889,DERIVED_FOR_VISUALIZATION (명목 음력 소수연도; 실제 날짜 아님),NA,NONE,NA,NA,CSV에 품계 없음 → 계산하지 않음,NONE,NONE,NONE,현직 없음(정배·수감 등은 관직 level이 아닌 career_state),DERIVED (CSV 신분 라벨 분해),EXILED,EXILED,4,1,황해도 장연현→중앙,황해감사 이의준이 구순의 도 3년 형기가 찼다고 보고.,방면 심사 개시,confirmed_primary,A,contemporaneous_record,승정원일기,https://sjw.history.go.kr/id/SJW-G22020210-03000,NA,NA,NA,observed,NA,GU_1793PLUS,internally_continuous,OBSERVED
E081,101,101,GUSUN_1793PLUS,R8C_JANGYEON_RELEASE_1795_1798,P_UIGEUMBU,GUSUN_1793PLUS,JUDICIAL_PROCEDURE,RECOMMENDS_RELEASE,REEXAMINATION,post_sentence,gu_network_event,LUNAR,1798-02-21,1798-02-21,1798-02-21,1798-02-21,1798-02-21,EXACT_DAY,NA,day,OK,1798.138888888889,1798.138888888889,DERIVED_FOR_VISUALIZATION (명목 음력 소수연도; 실제 날짜 아님),NA,NONE,NA,NA,CSV에 품계 없음 → 계산하지 않음,NONE,NONE,NONE,현직 없음(정배·수감 등은 관직 level이 아닌 career_state),DERIVED (CSV 신분 라벨 분해),EXILED,EXILED,4,1,한성,의금부가 형기 만료를 확인하고 전례대로 방송하도록 품처.,방면 승인 절차,confirmed_primary,A,contemporaneous_record,승정원일기,https://sjw.history.go.kr/id/SJW-G22020210-03000,NA,NA,NA,observed,NA,GU_1793PLUS,internally_continuous,OBSERVED
E082,102,102,GUSUN_1793PLUS,R8C_JANGYEON_RELEASE_1795_1798,P_JEONGJO,GUSUN_1793PLUS,RELEASE,RELEASES,PUNISHMENT,post_sentence,gu_network_event,LUNAR,1798-02-21,1798-02-21,1798-02-21,1798-02-21,1798-02-21,EXACT_DAY,NA,day,OK,1798.138888888889,1798.138888888889,DERIVED_FOR_VISUALIZATION (명목 음력 소수연도; 실제 날짜 아님),NA,NONE,NA,NA,CSV에 품계 없음 → 계산하지 않음,NONE,NONE,NONE,현직 없음(정배·수감 등은 관직 level이 아닌 career_state),DERIVED (CSV 신분 라벨 분해),EXILED,RELEASED,5,1,장연현,정조가 의금부의 구순 방면 건의를 윤허.,1798년 정식 석방,final_release,A,contemporaneous_record,승정원일기,https://sjw.history.go.kr/id/SJW-G22020210-03000,NA,NA,NA,observed,NA,GU_1793PLUS,internally_continuous,OBSERVED
E083,103,103,GUSUN_1793PLUS,R8C_JANGYEON_RELEASE_1795_1798,GUSUN_1793PLUS,N_POST1798_UNKNOWN,STATE_GAP,STATE_GAP,,gap,gu_network_event,LUNAR,1798-02-22,1798-02-22,OPEN,1798-02-22,UNKNOWN,OPEN_INTERVAL,NA,open_interval,OK,1798.1416666666667,,DERIVED_FOR_VISUALIZATION (명목 음력 소수연도; 실제 날짜 아님),NA,UNKNOWN,NA,NA,CSV에 품계 없음 → 계산하지 않음,UNKNOWN,UNKNOWN,UNKNOWN,현직 없음(정배·수감 등은 관직 level이 아닌 career_state),DERIVED (CSV 신분 라벨 분해),UNKNOWN,UNKNOWN,1,NA,미상,1798년 방면 이후 현재 확인 범위에서 동일인으로 확정 가능한 후속 관직·형사 사건 기록을 찾지 못함.,후속 행적 미확인,unknown_gap,U,research_gap,NA,NA,NA,NA,NA,unknown_not_zero,검색 실패를 사망·은거·무활동으로 해석하지 말 것.,GU_1793PLUS,internally_continuous,OBSERVED_GAP
