person_id,csv_original_id,name_ko,name_hanja,aliases,node_kind,sex,sex_basis,birth_year,death_year,death_basis,known_status,roles_relative_to_gu,first_seen,last_seen,years_observed,n_csv_rows,n_distinct_dates,identity_confidence,biographical_coverage_score,in_network,evidence_status,notes
GUSUN_1793PLUS,P_GUSUN,구순,具純,NA,PERSON_IDENTITY_SEGMENT,UNKNOWN,CSV 친족 용어 없음,NA,NA,NA,1793-02-22:전 부사·민간 거주(E029) | 1793-02-28:전 부사·민간 거주(E034) | 1793-02-early:전 부사·청주 덕평 거주(E026) | 1793-02-early:전 부사·청주 덕평 거주(E027) | 1793-02-late:전 부사·민간 거주(E030) | 1793-03:전 부사·민간 거주(E038) | 1793-03-04:전 부사·민간 거주(E037) | 1793-05-12:전 부사·민간 거주(E050) | 1793-05-12:전 부사·민간 거주(E051) | 1793-05-12:전 부사·민간 거주(E055) | 1793-05-12:전 부사(E084) | 1793-05-12:전 부사(E085) | 1793-05-12:전 부사(E086) | 1793-05-27:의금부 피수사자(E056) | 1793-05-27:의금부 피수사자(E059) | 1793-06-13:피수사자(E060) | 1793-06-13:전 부사(E061) | 1793-06-13:전 부사(E063) | 1793-06-13:죄인(E066) | 1794-10-15:신지도 정배죄인(E076) | 1795-10-15:장연현 정배(E079) | 1798-02-21:장연현 도3년 정배죄인(E080) | 1798-02-21:장연현 도3년 정배죄인(E081) | 1798-02-21:형기 만료 죄인(E082) | 1798-02-22:석방 후 민간 상태 추정(E083),focal,1793-02-22,1798-02-21,1793;1794;1798,25,11,SEGMENT of P_GUSUN; links to GUSUN_PRE1793 = HIGH_CONFIDENCE (see identity_links),4,True,"OBSERVED (name/status) + DERIVED (score, sex, kind)",NA
GUSUN_PRE1793,P_GUSUN,구순,具純,NA,PERSON_IDENTITY_SEGMENT,M,DERIVED: 친족 용어 '^아들' in '아들(후대 관계자료와 결합)',NA,NA,NA,1763-01-13:아들(후대 관계자료와 결합)(I002) | 1777-09-02:선전관/별군직 계열(I003) | 1777-09-11:선전관→별군직(E001) | 1778-07-04:선전관(E002) | 1778-12-24:중화부사(E003) | 1779-08-10:별군직(E004) | 1779-12-25:벽동군수(E005) | 1781-12:백령첨사(I004) | 1782-12-29:영흥부사(E006) | 1783-01-06:영흥부사(E007) | 1784-03-17:영흥부사(E009) | 1784-03-17:영흥부사(E010) | 1784-03-18:영흥부사(E011) | 1784-03-25:영흥부사(E012) | 1784-03-25:영흥부사(E013) | 1784-03-25:영흥부사(E014) | 1784-04-30:영흥부사·겸영장(E015) | 1784-07-16:영흥부사(E016) | 1784-09-23:별군직(E017) | 1784-09-24:정배 상태(E018) | 1787-01-03:별군직(E019) | 1787-01-03:별군직(E020) | 1787-01-03:별군직(E021) | 1787-01-03:별군직(E022) | 1787-01-03:죄인(E023) | 1787-01-03:죄인(E024) | 1787-01-04:제주목 감사정배(E025),focal;focal_candidate,1763-01-13,1787-01-03,1763;1777;1778;1779;1781;1782;1783;1784;1787,27,17,SEGMENT of P_GUSUN; links to GUSUN_1793PLUS = HIGH_CONFIDENCE (see identity_links),5,True,"OBSERVED (name/status) + DERIVED (score, sex, kind)",NA
N_CENTRAL_CAMP_CLERKS,N_CENTRAL_CAMP_CLERKS,중영 이속,NA,NA,COLLECTIVE,UNKNOWN,CSV 친족 용어 없음,NA,NA,NA,1784-03-17:중영 하급 실무자(E010),other,1784-03-17,1784-03-17,1784,1,1,NA,2,True,"OBSERVED (name/status) + DERIVED (score, sex, kind)",NA
N_HOUSE_SERVANTS,N_HOUSE_SERVANTS,행랑 하인들,NA,NA,COLLECTIVE,UNKNOWN,CSV 친족 용어 없음,NA,NA,NA,1793-05-12:구순 집 하인 집단(E085),household,1793-05-12,1793-05-12,1793,1,1,NA,2,True,"OBSERVED (name/status) + DERIVED (score, sex, kind)",NA
N_INNOCENT_COMMONERS,N_INNOCENT_COMMONERS,무고한 평민들,NA,NA,COLLECTIVE,UNKNOWN,CSV 친족 용어 없음,NA,NA,NA,1793-06-13:민간인 집단(E065),victims,1793-06-13,1793-06-13,1793,1,1,NA,2,True,"OBSERVED (name/status) + DERIVED (score, sex, kind)",NA
N_MILITARY_SOLDIERS,N_MILITARY_SOLDIERS,교졸 집단,NA,NA,COLLECTIVE,UNKNOWN,CSV 친족 용어 없음,NA,NA,NA,1793-05-12:병영·진영 실무자(E086),possible_collaborators,1793-05-12,1793-05-12,1793,1,1,NA,2,True,"OBSERVED (name/status) + DERIVED (score, sex, kind)",NA
N_UNNAMED_OFFICER,N_UNNAMED_OFFICER,성명 미상 장교,NA,NA,UNNAMED_PERSON,UNKNOWN,CSV 친족 용어 없음,NA,NA,NA,1793-02-late:교졸/장교(E030),possible_collaborator,1793-02-late,1793-02-late,1793,1,1,NA,2,True,"OBSERVED (name/status) + DERIVED (score, sex, kind)",NA
N_YEONGHEUNG_CLERK,N_YEONGHEUNG_CLERK,영흥부 아전,NA,NA,COLLECTIVE_OR_UNNAMED,UNKNOWN,CSV 친족 용어 없음,NA,NA,NA,1784-03-17:영흥부 아전(E008),other,1784-03-17,1784-03-17,1784,1,1,NA,2,True,"OBSERVED (name/status) + DERIVED (score, sex, kind)",NA
P_BIBEONSA,P_BIBEONSA,비변사,備邊司,NA,INSTITUTION,UNKNOWN,CSV 친족 용어 없음,NA,NA,NA,1784-03-25:중앙 관서(E012) | 1784-03-25:중앙 관서(E013) | 1784-03-25:중앙 관서(E014) | 1787-02-22:중앙 관서(C007) | 1793-05-12:중앙 관서(E054),authority;corrective,1784-03-25,1793-05-12,1784;1793,5,2,NA,2,True,"OBSERVED (name/status) + DERIVED (score, sex, kind)",NA
P_BYEON_JAEDOL,P_BYEON_JAEDOL,변재돌,卞才乭,NA,PERSON,UNKNOWN,CSV 친족 용어 없음,NA,NA,NA,1793-03:민간인(E071),victim_or_suspect,1793-03,1793-03,1793,1,1,SINGLE_CSV_ID (동명이인 검토 대상 기록 없음),2,True,"OBSERVED (name/status) + DERIVED (score, sex, kind)",NA
P_BYEON_JIDEUL,P_BYEON_JIDEUL,변지돌,卞之乭,NA,PERSON,UNKNOWN,CSV 친족 용어 없음,NA,NA,NA,1793-03:민간인(E070),victim_or_suspect,1793-03,1793-03,1793,1,1,SINGLE_CSV_ID (동명이인 검토 대상 기록 없음),2,True,"OBSERVED (name/status) + DERIVED (score, sex, kind)",NA
P_GU_SEDEOK,P_GU_SEDEOK,구세덕,具世德,NA,PERSON,M,DERIVED: 친족 용어 '^father_of' in 'father_of_candidate_gu',NA,NA,NA,1763-01-13:개천군수(I002) | 1777-09-02:무산부사(I003),father_of_candidate_gu,1763-01-13,1777-09-02,1763;1777,2,2,SINGLE_CSV_ID (동명이인 검토 대상 기록 없음),2,True,"OBSERVED (name/status) + DERIVED (score, sex, kind)",NA
P_HAN_JAEUK,P_HAN_JAEUK,한재욱,韓再郁,NA,PERSON,UNKNOWN,CSV 친족 용어 없음,NA,NA,NA,1793-02-28:병영 비장(E031) | 1793-02-28:병영 비장(E032) | 1793-03:병영 비장(E039) | 1793-03:병영 비장(E040) | 1793-03:병영 비장(E041) | 1793-03:병영 비장(E042) | 1793-03:병영 비장(E043) | 1793-03:병영 비장(E044) | 1793-05-27:병영 비장(E057) | 1793-06-13:병영 비장(E061) | 1793-06-13:병영 비장(E068) | 1794-10-15:여도 정배/노비 처분 상태(E077),institutional_supporter,1793-02-28,1794-10-15,1793;1794,12,5,SINGLE_CSV_ID (동명이인 검토 대상 기록 없음),3,True,"OBSERVED (name/status) + DERIVED (score, sex, kind)",NA
P_HONG_DAEHYEOP,P_HONG_DAEHYEOP,홍대협,洪大協,NA,PERSON,UNKNOWN,CSV 친족 용어 없음,NA,NA,NA,1793-06-13:호서 안핵어사(E060) | 1793-06-13:호서 안핵어사(E062),corrective,1793-06-13,1793-06-13,1793,2,1,SINGLE_CSV_ID (동명이인 검토 대상 기록 없음),2,True,"OBSERVED (name/status) + DERIVED (score, sex, kind)",NA
P_JA_MIDEOK,P_JA_MIDEOK,자미덕,自美德,NA,PERSON,F,DERIVED: 친족 용어 '의 처$' in '변재돌의 처',NA,NA,NA,1793-02-28:변재돌의 처(E033) | 1793-03:피체포 민간인(E040) | 1793-03:피체포 민간인(E041) | 1793-03:피체포 민간인(E042) | 1793-03:피체포 민간인(E043) | 1793-03:피체포 민간인(E044) | 1793-03:피체포 민간인(E045) | 1793-03:피체포 민간인(E046) | 1793-03:피체포 민간인(E047) | 1793-03:피체포 민간인(E048) | 1793-03:피체포 민간인(E049),victim_witness,1793-02-28,1793-03,1793,11,2,SINGLE_CSV_ID (동명이인 검토 대상 기록 없음),2,True,"OBSERVED (name/status) + DERIVED (score, sex, kind)",NA
P_JEONGJO,P_JEONGJO,정조,正祖,NA,PERSON,UNKNOWN,CSV 친족 용어 없음,NA,NA,NA,1777-09-11:국왕(E001) | 1778-01-12:국왕(C001) | 1778-10-23:국왕(C002) | 1781-12:국왕(I004) | 1781-12-08:국왕(C004) | 1783-01-06:국왕(E007) | 1784-07-16:국왕(E016) | 1784-09-23:국왕(E017) | 1785-09-11:국왕(C005) | 1785-09-11:국왕(C006) | 1787-01-03:국왕(E023) | 1787-01-03:국왕(E024) | 1793-01-12:국왕(C012) | 1793-05-12:국왕(E055) | 1793-05-27:국왕(E058) | 1793-05-27:국왕(E059) | 1793-06-13:국왕(E066) | 1793-06-13:국왕(E067) | 1793-06-13:국왕(E068) | 1793-06-13:국왕(E069) | 1794-06-28:국왕(C014) | 1794-10-15:국왕(E076) | 1794-10-15:국왕(E077) | 1796-11-09:국왕(C017) | 1798-02-21:국왕(E082),authority,1777-09-11,1798-02-21,1777;1781;1783;1784;1787;1793;1794;1798,25,11,SINGLE_CSV_ID (동명이인 검토 대상 기록 없음),5,True,"OBSERVED (name/status) + DERIVED (score, sex, kind)",NA
P_JEONG_WONDOL,P_JEONG_WONDOL,정원돌,鄭原乭,NA,PERSON,UNKNOWN,CSV 친족 용어 없음,NA,NA,NA,1793-03:민간인(E045) | 1793-03:민간인(E072),victim;victim_or_suspect,1793-03,1793-03,1793,2,1,SINGLE_CSV_ID (동명이인 검토 대상 기록 없음),2,True,"OBSERVED (name/status) + DERIVED (score, sex, kind)",NA
P_JOSEON,P_JOSEON,조선 조정,朝鮮,NA,STATE_CONTEXT,UNKNOWN,CSV 친족 용어 없음,NA,NA,NA,1780-03-20:정부(C003) | 1790-06-27:정부(C010) | 1794-05-22:정부(C013) | 1796-03-12:정부(C015) | 1796-08-19:정부(C016),NA,NA,NA,NA,5,0,NA,2,False,"OBSERVED (name/status) + DERIVED (score, sex, kind)",NA
P_JO_GYEWAN,P_JO_GYEWAN,조계완,趙繼玩,NA,PERSON,UNKNOWN,CSV 친족 용어 없음,NA,NA,NA,1793-03-04:체포 장교(E037),operational_actor,1793-03-04,1793-03-04,1793,1,1,SINGLE_CSV_ID (동명이인 검토 대상 기록 없음),2,True,"OBSERVED (name/status) + DERIVED (score, sex, kind)",NA
P_JO_HAKSIN,P_JO_HAKSIN,조학신,曺學臣,NA,PERSON,UNKNOWN,CSV 친족 용어 없음,NA,NA,NA,1787-01-03:별군직 청수 관련(E022),possible_collaborator,1787-01-03,1787-01-03,1787,1,1,SINGLE_CSV_ID (동명이인 검토 대상 기록 없음),2,True,"OBSERVED (name/status) + DERIVED (score, sex, kind)",NA
P_KIM_GAPDEUK,P_KIM_GAPDEUK,김갑득,金甲得,흥덕 김생원,PERSON,UNKNOWN,CSV 친족 용어 없음,NA,NA,NA,1793-03:민간인(E047) | 1793-03-04:민간인(E036),victim,1793-03,1793-03-04,1793,2,2,SINGLE_CSV_ID (동명이인 검토 대상 기록 없음),2,True,"OBSERVED (name/status) + DERIVED (score, sex, kind)",CSV 내 별칭: '흥덕 김생원'(E036)
P_KIM_HEUNGDEUK,P_KIM_HEUNGDEUK,김흥득,金興得,NA,PERSON,UNKNOWN,CSV 친족 용어 없음,NA,NA,NA,1793-03:민간인(E049) | 1793-03:민간인(E074),victim;victim_or_suspect,1793-03,1793-03,1793,2,1,SINGLE_CSV_ID (동명이인 검토 대상 기록 없음),2,True,"OBSERVED (name/status) + DERIVED (score, sex, kind)",NA
P_KIM_HEUNGGIL,P_KIM_HEUNGGIL,김흥길,金興吉,NA,PERSON,UNKNOWN,CSV 친족 용어 없음,NA,NA,NA,1793-03:민간인(E075),victim_or_suspect,1793-03,1793-03,1793,1,1,SINGLE_CSV_ID (동명이인 검토 대상 기록 없음),2,True,"OBSERVED (name/status) + DERIVED (score, sex, kind)",NA
P_KIM_MYEONGSIN,P_KIM_MYEONGSIN,김명신,金命新,풍각 김생원; 풍각 김상제,PERSON,UNKNOWN,CSV 친족 용어 없음,NA,1793,"OBSERVED: E056 '옥사시켰다', E062 '김명신의 죽음' (일자 미상 → time_uncertainty U_DEATH_KIM)",1793-02-early:반족·구순 이웃(E026) | 1793-02-early:반족·구순 이웃(E027) | 1793-03-04:반족·민간인(E035) | 1793-05-12:이웃 반족(E084) | 1793-06-13:수감자(E062) | 1793-06-13:피수사자(E064),victim,1793-02-early,1793-06-13,1793,6,4,SINGLE_CSV_ID (동명이인 검토 대상 기록 없음),2,True,"OBSERVED (name/status) + DERIVED (score, sex, kind)","CSV 내 별칭: '풍각 김생원'(E035), '풍각 김상제'(E038) — CSV가 괄호로 김명신과 동일시"
P_KIM_SEONGSON,P_KIM_SEONGSON,김성손,金成孫,NA,PERSON,UNKNOWN,CSV 친족 용어 없음,NA,NA,NA,1793-03:민간인(E048) | 1793-03:민간인(E073),victim;victim_or_suspect,1793-03,1793-03,1793,2,1,SINGLE_CSV_ID (동명이인 검토 대상 기록 없음),2,True,"OBSERVED (name/status) + DERIVED (score, sex, kind)",NA
P_LEE_GWANGSEOP,P_LEE_GWANGSEOP,이광섭,李光燮,NA,PERSON,UNKNOWN,CSV 친족 용어 없음,NA,NA,NA,1793-03-04:충청도 병마절도사(E035) | 1793-03-04:충청도 병마절도사(E036) | 1793-05-12:충청도 병마절도사(E053) | 1793-05-12:충청도 병마절도사(E054) | 1793-06-13:전 충청도 병마절도사(E063) | 1793-06-13:전 충청도 병마절도사(E064) | 1793-06-13:전 병마절도사(E067),supporter,1793-03-04,1793-06-13,1793,7,3,SINGLE_CSV_ID (동명이인 검토 대상 기록 없음),2,True,"OBSERVED (name/status) + DERIVED (score, sex, kind)","CSV 서술의 '병사'(E035, E037)를 이광섭으로 대응시킨 것은 CSV 작성자의 매핑"
P_LEE_HYEONGWON,P_LEE_HYEONGWON,이형원,李亨元,NA,PERSON,UNKNOWN,CSV 친족 용어 없음,NA,NA,NA,1793-05-12:충청도 관찰사(E050) | 1793-05-12:충청도 관찰사(E051) | 1793-05-12:충청도 관찰사(E052) | 1793-05-12:충청도 관찰사(E053) | 1793-06-13:충청도 관찰사(E069),corrective,1793-05-12,1793-06-13,1793,5,2,SINGLE_CSV_ID (동명이인 검토 대상 기록 없음),2,True,"OBSERVED (name/status) + DERIVED (score, sex, kind)",NA
P_LEE_JINUK,P_LEE_JINUK,이진욱,李震郁,NA,PERSON,UNKNOWN,CSV 친족 용어 없음,NA,NA,NA,1793-02-28:청주진 장교(E031) | 1793-02-28:청주진 장교(E032) | 1793-02-28:청주진 장교(E033) | 1793-02-28:청주진 장교(E034),operational_actor,1793-02-28,1793-02-28,1793,4,1,SINGLE_CSV_ID (동명이인 검토 대상 기록 없음),2,True,"OBSERVED (name/status) + DERIVED (score, sex, kind)",NA
P_LEE_JIPGEO,P_LEE_JIPGEO,이집거,李執莒,NA,PERSON,UNKNOWN,CSV 친족 용어 없음,NA,NA,NA,1793-03:민간인(E046),victim,1793-03,1793-03,1793,1,1,SINGLE_CSV_ID (동명이인 검토 대상 기록 없음),2,True,"OBSERVED (name/status) + DERIVED (score, sex, kind)",NA
P_LEE_JOWON,P_LEE_JOWON,이조원,李肇源,NA,PERSON,UNKNOWN,CSV 친족 용어 없음,NA,NA,NA,1793-05-27:충청도 암행어사(E056) | 1793-05-27:충청도 암행어사(E057) | 1793-05-27:충청도 암행어사(E058),corrective_but_error_prone,1793-05-27,1793-05-27,1793,3,1,SINGLE_CSV_ID (동명이인 검토 대상 기록 없음),2,True,"OBSERVED (name/status) + DERIVED (score, sex, kind)",NA
P_LEE_MUNHYEOP,P_LEE_MUNHYEOP,이문협,李文恊,NA,PERSON,UNKNOWN,CSV 친족 용어 없음,NA,NA,NA,1793-05-12:청주 영장(E052) | 1793-06-13:전 청주 영장(E065),institutional_failure,1793-05-12,1793-06-13,1793,2,2,SINGLE_CSV_ID (동명이인 검토 대상 기록 없음),2,True,"OBSERVED (name/status) + DERIVED (score, sex, kind)",NA
P_LEE_UIJUN,P_LEE_UIJUN,이의준,李義駿,NA,PERSON,UNKNOWN,CSV 친족 용어 없음,NA,NA,NA,1798-02-21:황해감사(E080),authority,1798-02-21,1798-02-21,1798,1,1,SINGLE_CSV_ID (동명이인 검토 대상 기록 없음),2,True,"OBSERVED (name/status) + DERIVED (score, sex, kind)",NA
P_LEE_YUNBIN,P_LEE_YUNBIN,이윤빈,李潤彬,NA,PERSON,UNKNOWN,CSV 친족 용어 없음,NA,NA,NA,1787-01-03:별군직(E019) | 1787-01-03:별군직(E020),victim,1787-01-03,1787-01-03,1787,2,1,SINGLE_CSV_ID (동명이인 검토 대상 기록 없음),2,True,"OBSERVED (name/status) + DERIVED (score, sex, kind)",NA
P_MYEONGEOP,P_MYEONGEOP,명업,命業,NA,PERSON,M,DERIVED: 친족 용어 '남편' in '사노·구순 여종의 남편',NA,NA,NA,1793-02-22:사노·구순 여종의 남편(E028),witness,1793-02-22,1793-02-22,1793,1,1,SINGLE_CSV_ID (동명이인 검토 대상 기록 없음),2,True,"OBSERVED (name/status) + DERIVED (score, sex, kind)",NA
P_NABOK,P_NABOK,나복,羅卜,NA,PERSON,UNKNOWN,CSV 친족 용어 없음,NA,NA,NA,1793-02-22:구순 집 종(E028),household,1793-02-22,1793-02-22,1793,1,1,SINGLE_CSV_ID (동명이인 검토 대상 기록 없음),2,True,"OBSERVED (name/status) + DERIVED (score, sex, kind)",NA
P_QING,P_QING,청,淸,NA,STATE_CONTEXT,UNKNOWN,CSV 친족 용어 없음,NA,NA,NA,1780-03-20:대외 상대국(C003) | 1790-06-27:대외 상대국(C010) | 1796-03-12:대외 상대국(C015),NA,NA,NA,NA,3,0,NA,2,False,"OBSERVED (name/status) + DERIVED (score, sex, kind)",NA
P_RYU_HYOWON,P_RYU_HYOWON,유효원,柳孝源,NA,PERSON,M,DERIVED: 친족 용어 '종형' in '구순의 종형',NA,NA,NA,1787-01-03:구순의 종형(E021),instrumentalized_relative,1787-01-03,1787-01-03,1787,1,1,SINGLE_CSV_ID (동명이인 검토 대상 기록 없음),2,True,"OBSERVED (name/status) + DERIVED (score, sex, kind)",NA
P_SHIN_U_MUN,P_SHIN_U_MUN,신우문,申遇文,NA,PERSON,UNKNOWN,CSV 친족 용어 없음,NA,NA,NA,1784-03-17:함경중군(E008) | 1784-03-17:함경중군(E009),institutional_superior,1784-03-17,1784-03-17,1784,2,1,SINGLE_CSV_ID (동명이인 검토 대상 기록 없음),2,True,"OBSERVED (name/status) + DERIVED (score, sex, kind)",NA
P_STATE,P_STATE,조정;조정/의금부,NA,NA,INSTITUTION,UNKNOWN,CSV 친족 용어 없음,NA,NA,NA,1778-12-24:인사권자/관청(E003) | 1779-12-25:인사권자/관청(E005) | 1782-12-29:인사권자/관청(E006) | 1784-03-18:중앙 사법기관(E011),authority,1778-12-24,1784-03-18,1778;1779;1782;1784,4,4,NA,4,True,"OBSERVED (name/status) + DERIVED (score, sex, kind)",NA
P_UIGEUMBU,P_UIGEUMBU,의금부,義禁府,NA,INSTITUTION,UNKNOWN,CSV 친족 용어 없음,NA,NA,NA,1784-04-30:중앙 사법기관(E015) | 1798-02-21:중앙 사법기관(E081),authority,1784-04-30,1798-02-21,1784;1798,2,2,NA,2,True,"OBSERVED (name/status) + DERIVED (score, sex, kind)",NA
P_YU_JEHUI,P_YU_JEHUI,유제희,兪濟禧,NA,PERSON,UNKNOWN,CSV 친족 용어 없음,NA,NA,NA,1793-03:병영 영리(E038) | 1793-03:병영 영리(E039) | 1793-03:병영 영리(E070) | 1793-03:병영 영리(E071) | 1793-03:병영 영리(E072) | 1793-03:병영 영리(E073) | 1793-03:병영 영리(E074) | 1793-03:병영 영리(E075),institutional_supporter,1793-03,1793-03,1793,8,1,SINGLE_CSV_ID (동명이인 검토 대상 기록 없음),2,True,"OBSERVED (name/status) + DERIVED (score, sex, kind)",NA
