uncertainty_id,event_id,person_id,uncertain_variable,lower_bound,upper_bound,precision,evidence_before,evidence_after,uncertainty_type,model_assumption,prior_type,posterior_method,candidate_narrowing_not_applied,notes,evidence_status
U_RELEASE_1784,E018,GUSUN_PRE1793,T_release (1784 정배 해배·복귀),1784-09-23,1787-01-03,RANGE,E017 정배 명령 1784-09-23,E019 1787-01-03 별군직으로 활동,INTERVAL_CENSORED,UNIFORM_INTERVAL (sensitivity only; 연도별 확률 산출하지 않음),UNIFORM_OVER_INTERVAL,DETERMINISTIC_INTERVAL_INTERSECTION (CSV 제약만; 새 증거 없음 → posterior=prior),NA,"개구간 (1784-09-23, 1787-01-03). L07 동일인 가정(HIGH_CONFIDENCE) 하에서만 정의됨",DERIVED
U_RELEASE_1787,E025,GUSUN_PRE1793→GUSUN_1793PLUS,T_release (1787 제주 정배 해배),1787-01-03,1793-02-22,RANGE,E023 1787-01-03 제주목 감사정배·勿揀赦典,E028 1793-02-22 '구순 집 종' 나복 — 덕평 자유 거주 최초 '일자 확정' 관측,INTERVAL_CENSORED,UNIFORM_INTERVAL (sensitivity only; 연도별 확률 산출하지 않음),UNIFORM_OVER_INTERVAL,DETERMINISTIC_INTERVAL_INTERSECTION (CSV 제약만; 새 증거 없음 → posterior=prior),E026/E027 '1793-02-early'가 실제 상순(1–10일)이면 상한 1793-02-10까지; '본래 친숙하여 날마다 상종'은 그 이전 거주를 시사하나 기간 미상 → 적용 안 함,"개구간 (1787-01-03, 1793-02-22). 명목 길이 ≈ 73 음력월(윤달 미반영). 동일인(L00=HIGH_CONFIDENCE)이 아니면 이 변수 자체가 정의되지 않음",DERIVED
U_JUNGHWA_END,E003,GUSUN_PRE1793,T_end(중화부사 재임),1778-12-24,1779-08-10,RANGE,E003 임명,E004 별군직 수행,OFFICE_TRANSITION,MODEL_ASSUMPTION: 동시에 하나의 관직,UNIFORM_OVER_INTERVAL,DETERMINISTIC_INTERVAL_INTERSECTION (CSV 제약만; 새 증거 없음 → posterior=prior),NA,"단일 관직 가정(MODEL_ASSUMPTION, CSV 근거 아님)일 때만 상한 성립",DERIVED
U_BYEOKDONG_END,E005,GUSUN_PRE1793,T_end(벽동군수) / T_start(백령첨사),1779-12-25,1781-12-30,RANGE,E005 임명,I004 1781-12 백령첨사 재임(월 단위),OFFICE_TRANSITION,MODEL_ASSUMPTION: 동시에 하나의 관직,UNIFORM_OVER_INTERVAL,DETERMINISTIC_INTERVAL_INTERSECTION (CSV 제약만; 새 증거 없음 → posterior=prior),NA,백령첨사 임명 행 없음,DERIVED
U_BAENGNYEONG_END,I004,GUSUN_PRE1793,T_end(백령첨사),1781-12-01,1782-12-29,RANGE,I004,E006 영흥부사 임명,OFFICE_TRANSITION,MODEL_ASSUMPTION: 동시에 하나의 관직,UNIFORM_OVER_INTERVAL,DETERMINISTIC_INTERVAL_INTERSECTION (CSV 제약만; 새 증거 없음 → posterior=prior),NA,,DERIVED
U_BYEOLGUN_RETURN_1784,E017,GUSUN_PRE1793,"T_start(별군직 복귀, 영흥부사 이후)",1784-07-16,1784-09-23,RANGE,E016 영흥부사로 포상,E017 별군직으로 정배,OFFICE_TRANSITION,UNIFORM_INTERVAL (sensitivity only; 연도별 확률 산출하지 않음),UNIFORM_OVER_INTERVAL,DETERMINISTIC_INTERVAL_INTERSECTION (CSV 제약만; 새 증거 없음 → posterior=prior),NA,,DERIVED
U_BYEOLGUN_RETURN_1787,E019,GUSUN_PRE1793,T_start(1787 별군직 재직),1784-09-23,1787-01-03,RANGE,E017,E019,OFFICE_TRANSITION,UNIFORM_INTERVAL (sensitivity only; 연도별 확률 산출하지 않음),UNIFORM_OVER_INTERVAL,DETERMINISTIC_INTERVAL_INTERSECTION (CSV 제약만; 새 증거 없음 → posterior=prior),NA,U_RELEASE_1784와 같은 구간 이후,DERIVED
U_I004,I004,GUSUN_PRE1793,T_event(EXPLICITLY_LINKS_PRIOR_OFFICE),1781-12-01,1781-12-30,YEAR_MONTH,same month,same month,MONTH_LEVEL_DATE,UNIFORM_INTERVAL (sensitivity only; 연도별 확률 산출하지 않음),UNIFORM_OVER_INTERVAL,DETERMINISTIC_INTERVAL_INTERSECTION (CSV 제약만; 새 증거 없음 → posterior=prior),NA,CSV date_lunar='1781-12'; 플래그=OK,DERIVED
U_E026,E026,GUSUN_1793PLUS,T_event(PRIOR_FRIENDSHIP),1793-02-01,1793-02-30,YEAR_MONTH,same month,same month,MONTH_LEVEL_DATE,UNIFORM_INTERVAL (sensitivity only; 연도별 확률 산출하지 않음),UNIFORM_OVER_INTERVAL,DETERMINISTIC_INTERVAL_INTERSECTION (CSV 제약만; 새 증거 없음 → posterior=prior),"한정어 'early'를 상순(1–10일)으로 읽으면 [..-01, ..-10] — 해석 규칙이므로 적용 안 함",CSV date_lunar='1793-02-early'; 플래그=CSV_SAYS_DAY_BUT_VALUE_IS_MONTH_LEVEL,DERIVED
U_E027,E027,GUSUN_1793PLUS,T_event(REBUKES_AND_BREAKS_CONTACT),1793-02-01,1793-02-30,YEAR_MONTH,same month,same month,MONTH_LEVEL_DATE,UNIFORM_INTERVAL (sensitivity only; 연도별 확률 산출하지 않음),UNIFORM_OVER_INTERVAL,DETERMINISTIC_INTERVAL_INTERSECTION (CSV 제약만; 새 증거 없음 → posterior=prior),"한정어 'early'를 상순(1–10일)으로 읽으면 [..-01, ..-10] — 해석 규칙이므로 적용 안 함",CSV date_lunar='1793-02-early'; 플래그=CSV_SAYS_DAY_BUT_VALUE_IS_MONTH_LEVEL,DERIVED
U_E030,E030,GUSUN_1793PLUS,T_event(PRIVATE_CONTACT_WITH_OFFICER),1793-02-01,1793-02-30,YEAR_MONTH,same month,same month,MONTH_LEVEL_DATE,UNIFORM_INTERVAL (sensitivity only; 연도별 확률 산출하지 않음),UNIFORM_OVER_INTERVAL,DETERMINISTIC_INTERVAL_INTERSECTION (CSV 제약만; 새 증거 없음 → posterior=prior),"'체포령 뒤' + 한정어 'late' → E031(1793-02-28) 이후면 [02-28, 02-30] — E031이 그 체포령인지 CSV가 명시하지 않아 적용 안 함",CSV date_lunar='1793-02-late'; 플래그=CSV_SAYS_DAY_BUT_VALUE_IS_MONTH_LEVEL,DERIVED
U_E038,E038,GUSUN_1793PLUS,T_event(PROVIDES_SUSPECT_NAME),1793-03-01,1793-03-30,YEAR_MONTH,same month,same month,MONTH_LEVEL_DATE,UNIFORM_INTERVAL (sensitivity only; 연도별 확률 산출하지 않음),UNIFORM_OVER_INTERVAL,DETERMINISTIC_INTERVAL_INTERSECTION (CSV 제약만; 새 증거 없음 → posterior=prior),"E038(구순→유제희)→E039(유제희→한재욱)→E035(03-04 체포명령) 순서라면 [03-01, 03-04] — CSV가 순서를 명시하지 않아 적용 안 함",CSV date_lunar='1793-03'; 플래그=CSV_SAYS_DAY_BUT_VALUE_IS_MONTH_LEVEL,DERIVED
U_E039,E039,P_YU_JEHUI,T_event(SUBMITS_SUSPECT_LIST),1793-03-01,1793-03-30,YEAR_MONTH,same month,same month,MONTH_LEVEL_DATE,UNIFORM_INTERVAL (sensitivity only; 연도별 확률 산출하지 않음),UNIFORM_OVER_INTERVAL,DETERMINISTIC_INTERVAL_INTERSECTION (CSV 제약만; 새 증거 없음 → posterior=prior),"E038(구순→유제희)→E039(유제희→한재욱)→E035(03-04 체포명령) 순서라면 [03-01, 03-04] — CSV가 순서를 명시하지 않아 적용 안 함",CSV date_lunar='1793-03'; 플래그=CSV_SAYS_DAY_BUT_VALUE_IS_MONTH_LEVEL,DERIVED
U_E040,E040,P_HAN_JAEUK,T_event(COERCES_FALSE_IDENTIFICATION),1793-03-01,1793-03-30,YEAR_MONTH,same month,same month,MONTH_LEVEL_DATE,UNIFORM_INTERVAL (sensitivity only; 연도별 확률 산출하지 않음),UNIFORM_OVER_INTERVAL,DETERMINISTIC_INTERVAL_INTERSECTION (CSV 제약만; 새 증거 없음 → posterior=prior),NA,CSV date_lunar='1793-03'; 플래그=CSV_SAYS_DAY_BUT_VALUE_IS_MONTH_LEVEL,DERIVED
U_E041,E041,P_HAN_JAEUK,T_event(COERCES_FALSE_IDENTIFICATION),1793-03-01,1793-03-30,YEAR_MONTH,same month,same month,MONTH_LEVEL_DATE,UNIFORM_INTERVAL (sensitivity only; 연도별 확률 산출하지 않음),UNIFORM_OVER_INTERVAL,DETERMINISTIC_INTERVAL_INTERSECTION (CSV 제약만; 새 증거 없음 → posterior=prior),NA,CSV date_lunar='1793-03'; 플래그=CSV_SAYS_DAY_BUT_VALUE_IS_MONTH_LEVEL,DERIVED
U_E042,E042,P_HAN_JAEUK,T_event(COERCES_FALSE_IDENTIFICATION),1793-03-01,1793-03-30,YEAR_MONTH,same month,same month,MONTH_LEVEL_DATE,UNIFORM_INTERVAL (sensitivity only; 연도별 확률 산출하지 않음),UNIFORM_OVER_INTERVAL,DETERMINISTIC_INTERVAL_INTERSECTION (CSV 제약만; 새 증거 없음 → posterior=prior),NA,CSV date_lunar='1793-03'; 플래그=CSV_SAYS_DAY_BUT_VALUE_IS_MONTH_LEVEL,DERIVED
U_E043,E043,P_HAN_JAEUK,T_event(COERCES_FALSE_IDENTIFICATION),1793-03-01,1793-03-30,YEAR_MONTH,same month,same month,MONTH_LEVEL_DATE,UNIFORM_INTERVAL (sensitivity only; 연도별 확률 산출하지 않음),UNIFORM_OVER_INTERVAL,DETERMINISTIC_INTERVAL_INTERSECTION (CSV 제약만; 새 증거 없음 → posterior=prior),NA,CSV date_lunar='1793-03'; 플래그=CSV_SAYS_DAY_BUT_VALUE_IS_MONTH_LEVEL,DERIVED
U_E044,E044,P_HAN_JAEUK,T_event(COERCES_FALSE_IDENTIFICATION),1793-03-01,1793-03-30,YEAR_MONTH,same month,same month,MONTH_LEVEL_DATE,UNIFORM_INTERVAL (sensitivity only; 연도별 확률 산출하지 않음),UNIFORM_OVER_INTERVAL,DETERMINISTIC_INTERVAL_INTERSECTION (CSV 제약만; 새 증거 없음 → posterior=prior),NA,CSV date_lunar='1793-03'; 플래그=CSV_SAYS_DAY_BUT_VALUE_IS_MONTH_LEVEL,DERIVED
U_E045,E045,P_JA_MIDEOK,T_event(FALSE_IDENTIFICATION_UNDER_COERCION),1793-03-01,1793-03-30,YEAR_MONTH,same month,same month,MONTH_LEVEL_DATE,UNIFORM_INTERVAL (sensitivity only; 연도별 확률 산출하지 않음),UNIFORM_OVER_INTERVAL,DETERMINISTIC_INTERVAL_INTERSECTION (CSV 제약만; 새 증거 없음 → posterior=prior),NA,CSV date_lunar='1793-03'; 플래그=CSV_SAYS_DAY_BUT_VALUE_IS_MONTH_LEVEL,DERIVED
U_E046,E046,P_JA_MIDEOK,T_event(FALSE_IDENTIFICATION_UNDER_COERCION),1793-03-01,1793-03-30,YEAR_MONTH,same month,same month,MONTH_LEVEL_DATE,UNIFORM_INTERVAL (sensitivity only; 연도별 확률 산출하지 않음),UNIFORM_OVER_INTERVAL,DETERMINISTIC_INTERVAL_INTERSECTION (CSV 제약만; 새 증거 없음 → posterior=prior),NA,CSV date_lunar='1793-03'; 플래그=CSV_SAYS_DAY_BUT_VALUE_IS_MONTH_LEVEL,DERIVED
U_E047,E047,P_JA_MIDEOK,T_event(FALSE_IDENTIFICATION_UNDER_COERCION),1793-03-01,1793-03-30,YEAR_MONTH,same month,same month,MONTH_LEVEL_DATE,UNIFORM_INTERVAL (sensitivity only; 연도별 확률 산출하지 않음),UNIFORM_OVER_INTERVAL,DETERMINISTIC_INTERVAL_INTERSECTION (CSV 제약만; 새 증거 없음 → posterior=prior),NA,CSV date_lunar='1793-03'; 플래그=CSV_SAYS_DAY_BUT_VALUE_IS_MONTH_LEVEL,DERIVED
U_E048,E048,P_JA_MIDEOK,T_event(FALSE_IDENTIFICATION_UNDER_COERCION),1793-03-01,1793-03-30,YEAR_MONTH,same month,same month,MONTH_LEVEL_DATE,UNIFORM_INTERVAL (sensitivity only; 연도별 확률 산출하지 않음),UNIFORM_OVER_INTERVAL,DETERMINISTIC_INTERVAL_INTERSECTION (CSV 제약만; 새 증거 없음 → posterior=prior),NA,CSV date_lunar='1793-03'; 플래그=CSV_SAYS_DAY_BUT_VALUE_IS_MONTH_LEVEL,DERIVED
U_E049,E049,P_JA_MIDEOK,T_event(FALSE_IDENTIFICATION_UNDER_COERCION),1793-03-01,1793-03-30,YEAR_MONTH,same month,same month,MONTH_LEVEL_DATE,UNIFORM_INTERVAL (sensitivity only; 연도별 확률 산출하지 않음),UNIFORM_OVER_INTERVAL,DETERMINISTIC_INTERVAL_INTERSECTION (CSV 제약만; 새 증거 없음 → posterior=prior),NA,CSV date_lunar='1793-03'; 플래그=CSV_SAYS_DAY_BUT_VALUE_IS_MONTH_LEVEL,DERIVED
U_E070,E070,P_YU_JEHUI,T_event(ENTERS_SUSPECT_LIST),1793-03-01,1793-03-30,YEAR_MONTH,same month,same month,MONTH_LEVEL_DATE,UNIFORM_INTERVAL (sensitivity only; 연도별 확률 산출하지 않음),UNIFORM_OVER_INTERVAL,DETERMINISTIC_INTERVAL_INTERSECTION (CSV 제약만; 새 증거 없음 → posterior=prior),NA,CSV date_lunar='1793-03'; 플래그=CSV_SAYS_DAY_BUT_VALUE_IS_MONTH_LEVEL,DERIVED
U_E071,E071,P_YU_JEHUI,T_event(ENTERS_SUSPECT_LIST),1793-03-01,1793-03-30,YEAR_MONTH,same month,same month,MONTH_LEVEL_DATE,UNIFORM_INTERVAL (sensitivity only; 연도별 확률 산출하지 않음),UNIFORM_OVER_INTERVAL,DETERMINISTIC_INTERVAL_INTERSECTION (CSV 제약만; 새 증거 없음 → posterior=prior),NA,CSV date_lunar='1793-03'; 플래그=CSV_SAYS_DAY_BUT_VALUE_IS_MONTH_LEVEL,DERIVED
U_E072,E072,P_YU_JEHUI,T_event(ENTERS_SUSPECT_LIST),1793-03-01,1793-03-30,YEAR_MONTH,same month,same month,MONTH_LEVEL_DATE,UNIFORM_INTERVAL (sensitivity only; 연도별 확률 산출하지 않음),UNIFORM_OVER_INTERVAL,DETERMINISTIC_INTERVAL_INTERSECTION (CSV 제약만; 새 증거 없음 → posterior=prior),NA,CSV date_lunar='1793-03'; 플래그=CSV_SAYS_DAY_BUT_VALUE_IS_MONTH_LEVEL,DERIVED
U_E073,E073,P_YU_JEHUI,T_event(ENTERS_SUSPECT_LIST),1793-03-01,1793-03-30,YEAR_MONTH,same month,same month,MONTH_LEVEL_DATE,UNIFORM_INTERVAL (sensitivity only; 연도별 확률 산출하지 않음),UNIFORM_OVER_INTERVAL,DETERMINISTIC_INTERVAL_INTERSECTION (CSV 제약만; 새 증거 없음 → posterior=prior),NA,CSV date_lunar='1793-03'; 플래그=CSV_SAYS_DAY_BUT_VALUE_IS_MONTH_LEVEL,DERIVED
U_E074,E074,P_YU_JEHUI,T_event(ENTERS_SUSPECT_LIST),1793-03-01,1793-03-30,YEAR_MONTH,same month,same month,MONTH_LEVEL_DATE,UNIFORM_INTERVAL (sensitivity only; 연도별 확률 산출하지 않음),UNIFORM_OVER_INTERVAL,DETERMINISTIC_INTERVAL_INTERSECTION (CSV 제약만; 새 증거 없음 → posterior=prior),NA,CSV date_lunar='1793-03'; 플래그=CSV_SAYS_DAY_BUT_VALUE_IS_MONTH_LEVEL,DERIVED
U_E075,E075,P_YU_JEHUI,T_event(ENTERS_SUSPECT_LIST),1793-03-01,1793-03-30,YEAR_MONTH,same month,same month,MONTH_LEVEL_DATE,UNIFORM_INTERVAL (sensitivity only; 연도별 확률 산출하지 않음),UNIFORM_OVER_INTERVAL,DETERMINISTIC_INTERVAL_INTERSECTION (CSV 제약만; 새 증거 없음 → posterior=prior),NA,CSV date_lunar='1793-03'; 플래그=CSV_SAYS_DAY_BUT_VALUE_IS_MONTH_LEVEL,DERIVED
U_REL_E063,E063,GUSUN_1793PLUS,T_relation(기록일≠행위일),1793-02-22,1793-05-12,RANGE,E028 도난(02-22),E050/E054 05-12 장계·병사 파직 청,RECORD_VS_EVENT_DATE,UNIFORM_INTERVAL (sensitivity only; 연도별 확률 산출하지 않음),UNIFORM_OVER_INTERVAL,DETERMINISTIC_INTERVAL_INTERSECTION (CSV 제약만; 새 증거 없음 → posterior=prior),NA,1793-06-13은 국왕 판정 기록일; 편들기는 병영 수사 단계(E028~E054) 중,DERIVED
U_REL_E064,E064,P_LEE_GWANGSEOP,T_relation(기록일≠행위일),1793-02-22,1793-05-12,RANGE,E028 도난(02-22),E050/E054 05-12 장계·병사 파직 청,RECORD_VS_EVENT_DATE,UNIFORM_INTERVAL (sensitivity only; 연도별 확률 산출하지 않음),UNIFORM_OVER_INTERVAL,DETERMINISTIC_INTERVAL_INTERSECTION (CSV 제약만; 새 증거 없음 → posterior=prior),NA,06-13 판정 기록; 편파 수사는 병영 단계 중,DERIVED
U_REL_E065,E065,P_LEE_MUNHYEOP,T_relation(기록일≠행위일),1793-02-22,1793-05-12,RANGE,E028 도난(02-22),E050/E054 05-12 장계·병사 파직 청,RECORD_VS_EVENT_DATE,UNIFORM_INTERVAL (sensitivity only; 연도별 확률 산출하지 않음),UNIFORM_OVER_INTERVAL,DETERMINISTIC_INTERVAL_INTERSECTION (CSV 제약만; 새 증거 없음 → posterior=prior),NA,06-13 판정 기록; 오착·단련은 병영 단계 중,DERIVED
U_REL_E084,E084,GUSUN_1793PLUS,T_relation(기록일≠행위일),1793-02-22,1793-05-12,RANGE,E028 도난(02-22),E050/E054 05-12 장계·병사 파직 청,RECORD_VS_EVENT_DATE,UNIFORM_INTERVAL (sensitivity only; 연도별 확률 산출하지 않음),UNIFORM_OVER_INTERVAL,DETERMINISTIC_INTERVAL_INTERSECTION (CSV 제약만; 새 증거 없음 → posterior=prior),NA,05-12 장계 기록; '도적 괴수' 지목은 도난(02-22) 이후,DERIVED
U_REL_E085,E085,GUSUN_1793PLUS,T_relation(기록일≠행위일),1793-02-22,1793-05-12,RANGE,E028 도난(02-22),E050/E054 05-12 장계·병사 파직 청,RECORD_VS_EVENT_DATE,UNIFORM_INTERVAL (sensitivity only; 연도별 확률 산출하지 않음),UNIFORM_OVER_INTERVAL,DETERMINISTIC_INTERVAL_INTERSECTION (CSV 제약만; 새 증거 없음 → posterior=prior),NA,05-12 장계 기록(주장); 행위 시점은 도난 이후,DERIVED
U_REL_E086,E086,GUSUN_1793PLUS,T_relation(기록일≠행위일),1793-02-22,1793-05-12,RANGE,E028 도난(02-22),E050/E054 05-12 장계·병사 파직 청,RECORD_VS_EVENT_DATE,UNIFORM_INTERVAL (sensitivity only; 연도별 확률 산출하지 않음),UNIFORM_OVER_INTERVAL,DETERMINISTIC_INTERVAL_INTERSECTION (CSV 제약만; 새 증거 없음 → posterior=prior),NA,05-12 장계 기록(주장); 행위 시점은 도난 이후,DERIVED
U_FRIENDSHIP_START,E026,GUSUN_1793PLUS,T_start(구순–김명신 친교),UNKNOWN,1793-02-30,BEFORE,없음,E027 단절(1793-02),LEFT_CENSORED,NO_PRIOR (하한 없음 → 분포 가정 불가),IMPROPER/UNBOUNDED — 확률 해석 안 함,DETERMINISTIC_INTERVAL_INTERSECTION (CSV 제약만; 새 증거 없음 → posterior=prior),NA,시작 하한 없음 — 해배 시점(U_RELEASE_1787)과의 선후도 미상,DERIVED
U_DEATH_KIM,E056;E062,P_KIM_MYEONGSIN,"T_death(김명신, 옥중)",1793-03-04,1793-05-27,RANGE,E035 체포 명령 1793-03-04 (구금 후 사망),E056 1793-05-27 암행어사 보고 '옥사',INTERVAL_CENSORED,UNIFORM_INTERVAL (sensitivity only; 연도별 확률 산출하지 않음),UNIFORM_OVER_INTERVAL,DETERMINISTIC_INTERVAL_INTERSECTION (CSV 제약만; 새 증거 없음 → posterior=prior),NA,E050(05-12) 장계에는 사망 언급 없음(CSV 요약 기준) — 그것이 '생존'을 뜻하지 않으므로 하한을 올리지 않음,DERIVED
U_GUSUN_ARREST_1793,E055,GUSUN_1793PLUS,T_arrest(의금부 수금 실행),1793-05-12,1793-05-27,RANGE,E055 수금 명령,E056/E059 '의금부 피수사자',INTERVAL_CENSORED,UNIFORM_INTERVAL (sensitivity only; 연도별 확률 산출하지 않음),UNIFORM_OVER_INTERVAL,DETERMINISTIC_INTERVAL_INTERSECTION (CSV 제약만; 새 증거 없음 → posterior=prior),NA,,DERIVED
U_TRANSFER_JANGYEON,E079,GUSUN_1793PLUS,T_transfer(백령도→장연현),1794-10-15,1798-02-21,RANGE,E076 백령도 이배,E080 '장연현 도3년 정배죄인',INTERVAL_CENSORED,UNIFORM_INTERVAL (sensitivity only; 연도별 확률 산출하지 않음),UNIFORM_OVER_INTERVAL,DETERMINISTIC_INTERVAL_INTERSECTION (CSV 제약만; 새 증거 없음 → posterior=prior),CSV 단언(E079 date_lunar)을 채택하면 상한 1795-10-15,확실한 상한은 1798-02-21. CSV E079 시작값 1795-10-15는 지지 행이 없는 단언 → 좁히지 않음,DERIVED
U_SENTENCE_CONVERSION,E079,GUSUN_1793PLUS,T_conversion(절도정배→도3년),1793-06-13,1798-02-21,RANGE,E066 감사 절도정배,E080 도3년 정배,INTERVAL_CENSORED,UNIFORM_INTERVAL (sensitivity only; 연도별 확률 산출하지 않음),UNIFORM_OVER_INTERVAL,DETERMINISTIC_INTERVAL_INTERSECTION (CSV 제약만; 새 증거 없음 → posterior=prior),NA,법적 근거·일자 미상 (E079 modeling_note),DERIVED
U_POST1798,E083,GUSUN_1793PLUS,T_any_later_event / T_death(구순),1798-02-22,OPEN,OPEN_INTERVAL,E082 방송,없음,RIGHT_CENSORED,NO_PRIOR (상한 없음),IMPROPER/UNBOUNDED — 확률 해석 안 함,DETERMINISTIC_INTERVAL_INTERSECTION (CSV 제약만; 새 증거 없음 → posterior=prior),NA,검색 실패를 사망·은거로 해석하지 않음,DERIVED
